seed,controller,method,topology,N,scenario,RMSE,MINEVAL,NDATA,MISSION,SAFEFAIL
1,original,P10,ring2,10,Moderate,0.151242943995515,0.408756224135627,6900,30,0
2,original,P10,ring2,10,Moderate,0.150679448743525,0.413241189637332,6900,30,0
3,original,P10,ring2,10,Moderate,0.150535049062256,0.411502226069741,6900,30,0
1,normalized,P10,ring2,10,Moderate,0.151242943995515,0.408756224135627,6900,30,0
2,normalized,P10,ring2,10,Moderate,0.150679448743525,0.413241189637332,6900,30,0
3,normalized,P10,ring2,10,Moderate,0.150535049062256,0.411502226069741,6900,30,0
1,original,Causal-v3,ring2,10,Moderate,0.13624724167547,0.428871534451812,9103,30,0
2,original,Causal-v3,ring2,10,Moderate,0.137508166479977,0.426012325046535,9115,30,0
3,original,Causal-v3,ring2,10,Moderate,0.137675203829287,0.426034544400479,9128,30,0
1,normalized,Causal-v3,ring2,10,Moderate,0.13624724167547,0.428871534451812,9103,30,0
2,normalized,Causal-v3,ring2,10,Moderate,0.137508166479977,0.426012325046535,9115,30,0
3,normalized,Causal-v3,ring2,10,Moderate,0.137675203829287,0.426034544400479,9128,30,0
1,original,P10,sparse4,10,Moderate,0.169022726201943,0.394107922500917,12300,30,0
2,original,P10,sparse4,10,Moderate,0.170566215870972,0.385628347471441,12300,30,0
3,original,P10,sparse4,10,Moderate,0.170805975585645,0.388306226447768,12300,30,0
1,normalized,P10,sparse4,10,Moderate,0.131847313197603,0.430679668938083,12300,30,0
2,normalized,P10,sparse4,10,Moderate,0.133141765559345,0.426260135299868,12300,30,0
3,normalized,P10,sparse4,10,Moderate,0.133302016293978,0.427140369295108,12300,30,0
1,original,Causal-v3,sparse4,10,Moderate,0.157073879666331,0.406647748860742,15908,30,0
2,original,Causal-v3,sparse4,10,Moderate,0.157822113978398,0.400131373069549,15989,30,0
3,original,Causal-v3,sparse4,10,Moderate,0.157266588840616,0.405245151366119,15904,30,0
1,normalized,Causal-v3,sparse4,10,Moderate,0.121909868206752,0.44075530694139,16340,30,0
2,normalized,Causal-v3,sparse4,10,Moderate,0.12153846732875,0.440440495726657,16301,30,0
3,normalized,Causal-v3,sparse4,10,Moderate,0.121453963203874,0.44295725760195,16332,30,0
1,original,P10,sparse6,10,Moderate,0.177908173679335,0.394354992141362,17700,30,0
2,original,P10,sparse6,10,Moderate,0.179320444561344,0.392199731874089,17700,30,0
3,original,P10,sparse6,10,Moderate,0.179274776897696,0.39212007399867,17700,30,0
1,normalized,P10,sparse6,10,Moderate,0.125427024855048,0.447222162063165,17700,30,0
2,normalized,P10,sparse6,10,Moderate,0.126471921527001,0.445187829204727,17700,30,0
3,normalized,P10,sparse6,10,Moderate,0.126522611313659,0.444029609622925,17700,30,0
1,original,Causal-v3,sparse6,10,Moderate,0.167497270773482,0.406291932112824,22725,30,0
2,original,Causal-v3,sparse6,10,Moderate,0.167366562713638,0.406463667467504,22728,30,0
3,original,Causal-v3,sparse6,10,Moderate,0.167405118165081,0.408345145453001,22775,30,0
1,normalized,Causal-v3,sparse6,10,Moderate,0.115510870128695,0.458752896179724,23529,30,0
2,normalized,Causal-v3,sparse6,10,Moderate,0.115402154840067,0.457678012238157,23487,30,0
3,normalized,Causal-v3,sparse6,10,Moderate,0.115628842732298,0.459679269228295,23538,30,0
1,original,P10,geometric,10,Moderate,0.101305508710084,0.47036141246848,6900,30,0
2,original,P10,geometric,10,Moderate,0.0998323058004017,0.477682122063116,6900,30,0
3,original,P10,geometric,10,Moderate,0.100025339995272,0.474854001844179,6900,30,0
1,normalized,P10,geometric,10,Moderate,0.110739050398863,0.454535564334101,6900,30,0
2,normalized,P10,geometric,10,Moderate,0.109217080192114,0.462070519174131,6900,30,0
3,normalized,P10,geometric,10,Moderate,0.10934780534301,0.459887550029704,6900,30,0
1,original,Causal-v3,geometric,10,Moderate,0.0925751777753274,0.481905636246958,9173,30,0
2,original,Causal-v3,geometric,10,Moderate,0.0917842869593354,0.485661677770737,9092,30,0
3,original,Causal-v3,geometric,10,Moderate,0.0921247201256948,0.48581436511667,9102,30,0
1,normalized,Causal-v3,geometric,10,Moderate,0.10043921867241,0.471340122347595,9222,30,0
2,normalized,Causal-v3,geometric,10,Moderate,0.0998146268978598,0.473468201155436,9167,30,0
3,normalized,Causal-v3,geometric,10,Moderate,0.10011896828167,0.47303762979238,9187,30,0
1,original,P10,ring2,20,Moderate,0.180134527560362,0.402304076594204,14400,30,0
2,original,P10,ring2,20,Moderate,0.17904397110599,0.403532523844607,14400,30,0
3,original,P10,ring2,20,Moderate,0.178115588782607,0.403467755430382,14400,30,0
1,normalized,P10,ring2,20,Moderate,0.180134527560362,0.402304076594204,14400,30,0
2,normalized,P10,ring2,20,Moderate,0.17904397110599,0.403532523844607,14400,30,0
3,normalized,P10,ring2,20,Moderate,0.178115588782607,0.403467755430382,14400,30,0
1,original,Causal-v3,ring2,20,Moderate,0.162786812270869,0.424120683133461,18968,30,0
2,original,Causal-v3,ring2,20,Moderate,0.162530286959244,0.426150181683921,19037,30,0
3,original,Causal-v3,ring2,20,Moderate,0.162357506837989,0.419029969687125,18956,30,0
1,normalized,Causal-v3,ring2,20,Moderate,0.162786812270869,0.424120683133461,18968,30,0
2,normalized,Causal-v3,ring2,20,Moderate,0.162530286959244,0.426150181683921,19037,30,0
3,normalized,Causal-v3,ring2,20,Moderate,0.162357506837989,0.419029969687125,18956,30,0
1,original,P10,sparse4,20,Moderate,0.257347891399741,0.333887154184391,25800,30,0
2,original,P10,sparse4,20,Moderate,0.256351055276765,0.342872310847864,25800,30,0
3,original,P10,sparse4,20,Moderate,0.258556292154911,0.340448312905769,25800,30,0
1,normalized,P10,sparse4,20,Moderate,0.180025375285306,0.39544910956336,25800,30,0
2,normalized,P10,sparse4,20,Moderate,0.179072441479769,0.404789560239853,25800,30,0
3,normalized,P10,sparse4,20,Moderate,0.180920117007354,0.401553547337105,25800,30,0
1,original,Causal-v3,sparse4,20,Moderate,0.239629508094671,0.358067254846213,32520,30,0
2,original,Causal-v3,sparse4,20,Moderate,0.240616418235896,0.35244078169043,32537,30,0
3,original,Causal-v3,sparse4,20,Moderate,0.239853988896588,0.353783781771285,32507,30,0
1,normalized,Causal-v3,sparse4,20,Moderate,0.164029445521228,0.41814548917574,34154,30,0
2,normalized,Causal-v3,sparse4,20,Moderate,0.163856692177892,0.420636513164071,34143,30,0
3,normalized,Causal-v3,sparse4,20,Moderate,0.163517638596778,0.421837506615092,34050,30,0
1,original,P10,sparse6,20,Moderate,0.288990356608504,0.308403460574038,37200,30,0
2,original,P10,sparse6,20,Moderate,0.28887387130633,0.313913323669097,37200,30,0
3,original,P10,sparse6,20,Moderate,0.289859713477233,0.310185316187807,37200,30,0
1,normalized,P10,sparse6,20,Moderate,0.167941394649934,0.417665526768277,37200,30,0
2,normalized,P10,sparse6,20,Moderate,0.167973967293037,0.418918178386855,37200,30,0
3,normalized,P10,sparse6,20,Moderate,0.168544942509507,0.416425164649384,37200,30,0
1,original,Causal-v3,sparse6,20,Moderate,0.272287807655387,0.327019553910925,46217,30,0
2,original,Causal-v3,sparse6,20,Moderate,0.273051544459878,0.325975175466819,46207,30,0
3,original,Causal-v3,sparse6,20,Moderate,0.273062310095743,0.32636028931671,46343,30,0
1,normalized,Causal-v3,sparse6,20,Moderate,0.152777697765343,0.433055570220242,49274,30,0
2,normalized,Causal-v3,sparse6,20,Moderate,0.152760689873379,0.432657865358686,49289,30,0
3,normalized,Causal-v3,sparse6,20,Moderate,0.152704101335629,0.432360029126987,49294,30,0
1,original,P10,geometric,20,Moderate,0.16985125163465,0.421076197790623,18000,30,0
2,original,P10,geometric,20,Moderate,0.168835609128527,0.418707003524521,18000,30,0
3,original,P10,geometric,20,Moderate,0.169017418539866,0.417148689761237,18000,30,0
1,normalized,P10,geometric,20,Moderate,0.155436467927357,0.4364572678862,18000,30,0
2,normalized,P10,geometric,20,Moderate,0.154735117655491,0.435030685532383,18000,30,0
3,normalized,P10,geometric,20,Moderate,0.154892721500646,0.431232358934148,18000,30,0
1,original,Causal-v3,geometric,20,Moderate,0.155225520809925,0.436667170761112,23706,30,0
2,original,Causal-v3,geometric,20,Moderate,0.154679617225185,0.437028296147214,23656,30,0
3,original,Causal-v3,geometric,20,Moderate,0.155490473494541,0.434088378238554,23787,30,0
1,normalized,Causal-v3,geometric,20,Moderate,0.140934746283613,0.452938158077695,23933,30,0
2,normalized,Causal-v3,geometric,20,Moderate,0.14083345605454,0.450885783968095,23897,30,0
3,normalized,Causal-v3,geometric,20,Moderate,0.141409315881769,0.447815828357221,24005,30,0
1,original,P10,ring2,50,Moderate,0.19297998760892,0.400218166072865,36900,30,0
2,original,P10,ring2,50,Moderate,0.193022212773295,0.403142604039905,36900,30,0
3,original,P10,ring2,50,Moderate,0.19331172496714,0.404713471451079,36900,30,0
1,normalized,P10,ring2,50,Moderate,0.19297998760892,0.400218166072865,36900,30,0
2,normalized,P10,ring2,50,Moderate,0.193022212773295,0.403142604039905,36900,30,0
3,normalized,P10,ring2,50,Moderate,0.19331172496714,0.404713471451079,36900,30,0
1,original,Causal-v3,ring2,50,Moderate,0.175852844914002,0.421277675808667,48522,30,0
2,original,Causal-v3,ring2,50,Moderate,0.175456711751472,0.420404526355999,48543,30,0
3,original,Causal-v3,ring2,50,Moderate,0.175197891673116,0.420882315464036,48507,30,0
1,normalized,Causal-v3,ring2,50,Moderate,0.175852844914002,0.421277675808667,48522,30,0
2,normalized,Causal-v3,ring2,50,Moderate,0.175456711751472,0.420404526355999,48543,30,0
3,normalized,Causal-v3,ring2,50,Moderate,0.175197891673116,0.420882315464036,48507,30,0
1,original,P10,sparse4,50,Moderate,0.311831594044356,0.336131166360579,66300,30,0
2,original,P10,sparse4,50,Moderate,0.3129196661266,0.336554384310918,66300,30,0
3,original,P10,sparse4,50,Moderate,0.312655340456881,0.332458836167996,66300,30,0
1,normalized,P10,sparse4,50,Moderate,0.205910979506869,0.402823872038451,66300,30,0
2,normalized,P10,sparse4,50,Moderate,0.206383965612028,0.402458983641719,66300,30,0
3,normalized,P10,sparse4,50,Moderate,0.206251073137872,0.398580732926767,66300,30,0
1,original,Causal-v3,sparse4,50,Moderate,0.292959812273314,0.352378019322764,81894,30,0
2,original,Causal-v3,sparse4,50,Moderate,0.294233269323576,0.353157597812775,82208,30,0
3,original,Causal-v3,sparse4,50,Moderate,0.293868250509787,0.352956204203718,82070,30,0
1,normalized,Causal-v3,sparse4,50,Moderate,0.187666070244802,0.416835454830662,87226,30,0
2,normalized,Causal-v3,sparse4,50,Moderate,0.188016566032065,0.421440577247601,87406,30,0
3,normalized,Causal-v3,sparse4,50,Moderate,0.188121449395751,0.41793114539649,87289,30,0
1,original,P10,sparse6,50,Moderate,0.3864997639084,0.292430693477187,95700,30,0
2,original,P10,sparse6,50,Moderate,0.387740009235672,0.29322305706018,95700,30,0
3,original,P10,sparse6,50,Moderate,0.386218633918259,0.298136670077354,95700,30,0
1,normalized,P10,sparse6,50,Moderate,0.195113536984983,0.413608548628542,95700,30,0
2,normalized,P10,sparse6,50,Moderate,0.195749396224307,0.418234424377296,95700,30,0
3,normalized,P10,sparse6,50,Moderate,0.195018965580907,0.416582165451758,95700,30,0
1,original,Causal-v3,sparse6,50,Moderate,0.367476883427069,0.310574825109402,117133,30,0
2,original,Causal-v3,sparse6,50,Moderate,0.367296342318595,0.31154061293868,116946,30,0
3,original,Causal-v3,sparse6,50,Moderate,0.36754424227495,0.309519830350766,117046,30,0
1,normalized,Causal-v3,sparse6,50,Moderate,0.178044925443804,0.430300875222765,126454,30,0
2,normalized,Causal-v3,sparse6,50,Moderate,0.1775448263431,0.432324011579374,126474,30,0
3,normalized,Causal-v3,sparse6,50,Moderate,0.177777215778059,0.430881004834594,126450,30,0
1,original,P10,geometric,50,Moderate,0.252237403553334,0.372198459545237,54300,30,0
2,original,P10,geometric,50,Moderate,0.251528010974042,0.375408777850381,54300,30,0
3,original,P10,geometric,50,Moderate,0.251621461155582,0.377477376192448,54300,30,0
1,normalized,P10,geometric,50,Moderate,0.19803287926253,0.41830590681756,54300,30,0
2,normalized,P10,geometric,50,Moderate,0.197691532316908,0.417521577205668,54300,30,0
3,normalized,P10,geometric,50,Moderate,0.197640920792918,0.419889730060603,54300,30,0
1,original,Causal-v3,geometric,50,Moderate,0.233577897249921,0.396254822267741,69244,30,0
2,original,Causal-v3,geometric,50,Moderate,0.232941622524442,0.395697748806397,69157,30,0
3,original,Causal-v3,geometric,50,Moderate,0.232759563078494,0.397393621525017,69081,30,0
1,normalized,Causal-v3,geometric,50,Moderate,0.180290029635784,0.43541049901413,71702,30,0
2,normalized,Causal-v3,geometric,50,Moderate,0.180036427513715,0.434708163394573,71760,30,0
3,normalized,Causal-v3,geometric,50,Moderate,0.179682965917849,0.434734233610232,71580,30,0
1,original,P10,ring2,10,Stressed,0.225676685763561,0.310307393186793,6900,30,0
2,original,P10,ring2,10,Stressed,0.229682621688728,0.303051530389962,6900,30,0
3,original,P10,ring2,10,Stressed,0.228843642252748,0.302718904759847,6900,30,0
1,normalized,P10,ring2,10,Stressed,0.225676685763561,0.310307393186793,6900,30,0
2,normalized,P10,ring2,10,Stressed,0.229682621688728,0.303051530389962,6900,30,0
3,normalized,P10,ring2,10,Stressed,0.228843642252748,0.302718904759847,6900,30,0
1,original,Causal-v3,ring2,10,Stressed,0.184179719327157,0.366224640878504,12182,30,0
2,original,Causal-v3,ring2,10,Stressed,0.184585220263129,0.357394508580692,12191,30,0
3,original,Causal-v3,ring2,10,Stressed,0.184436423083692,0.363324630628585,12183,30,0
1,normalized,Causal-v3,ring2,10,Stressed,0.184179719327157,0.366224640878504,12182,30,0
2,normalized,Causal-v3,ring2,10,Stressed,0.184585220263129,0.357394508580692,12191,30,0
3,normalized,Causal-v3,ring2,10,Stressed,0.184436423083692,0.363324630628585,12183,30,0
1,original,P10,sparse4,10,Stressed,0.259564932092581,0.28530246816351,12300,30,0
2,original,P10,sparse4,10,Stressed,0.260594438540811,0.275924613639981,12300,30,0
3,original,P10,sparse4,10,Stressed,0.2611090726774,0.279284875426583,12300,30,0
1,normalized,P10,sparse4,10,Stressed,0.20044160975947,0.347751961632494,12300,30,0
2,normalized,P10,sparse4,10,Stressed,0.201002084290138,0.341990316151107,12300,30,0
3,normalized,P10,sparse4,10,Stressed,0.20148003965114,0.34275137875179,12300,30,0
1,original,Causal-v3,sparse4,10,Stressed,0.211618779459856,0.33692707735426,21553,30,0
2,original,Causal-v3,sparse4,10,Stressed,0.209475699026827,0.341511808356268,21560,30,0
3,original,Causal-v3,sparse4,10,Stressed,0.210302720573762,0.337779148285629,21569,30,0
1,normalized,Causal-v3,sparse4,10,Stressed,0.163293822795614,0.387408503207623,21670,30,0
2,normalized,Causal-v3,sparse4,10,Stressed,0.161566860546231,0.389224885638357,21657,30,0
3,normalized,Causal-v3,sparse4,10,Stressed,0.162615407412278,0.390694368560321,21664,30,0
1,original,P10,sparse6,10,Stressed,0.278341585168437,0.279728318463112,17700,30,0
2,original,P10,sparse6,10,Stressed,0.275163077333579,0.283036903186876,17700,30,0
3,original,P10,sparse6,10,Stressed,0.277576859934291,0.28106276400486,17700,30,0
1,normalized,P10,sparse6,10,Stressed,0.192163769805711,0.365686986512853,17700,30,0
2,normalized,P10,sparse6,10,Stressed,0.19062083340999,0.367618998953325,17700,30,0
3,normalized,P10,sparse6,10,Stressed,0.192349987685579,0.367249351209108,17700,30,0
1,original,Causal-v3,sparse6,10,Stressed,0.22226501939978,0.345127063134208,30953,30,0
2,original,Causal-v3,sparse6,10,Stressed,0.222304984064281,0.341124511734145,30972,30,0
3,original,Causal-v3,sparse6,10,Stressed,0.22232454078764,0.340752253755867,30976,30,0
1,normalized,Causal-v3,sparse6,10,Stressed,0.154198825067906,0.413905644231381,31042,30,0
2,normalized,Causal-v3,sparse6,10,Stressed,0.155215330002973,0.40922694447422,31005,30,0
3,normalized,Causal-v3,sparse6,10,Stressed,0.154935725887497,0.406817859846634,31035,30,0
1,original,P10,geometric,10,Stressed,0.156417150209695,0.405817325363429,6900,30,0
2,original,P10,geometric,10,Stressed,0.154249222509606,0.413224225359503,6900,30,0
3,original,P10,geometric,10,Stressed,0.150183453206734,0.409577960285102,6900,30,0
1,normalized,P10,geometric,10,Stressed,0.169595458721825,0.38680254113642,6900,30,0
2,normalized,P10,geometric,10,Stressed,0.166695149764558,0.394806914862477,6900,30,0
3,normalized,P10,geometric,10,Stressed,0.162883465479377,0.391129208701248,6900,30,0
1,original,Causal-v3,geometric,10,Stressed,0.122991721668857,0.442606081159118,12452,30,0
2,original,Causal-v3,geometric,10,Stressed,0.123680023719892,0.447698064780352,12450,30,0
3,original,Causal-v3,geometric,10,Stressed,0.122778703465693,0.44767464116946,12459,30,0
1,normalized,Causal-v3,geometric,10,Stressed,0.1338912902589,0.428307541540542,12464,30,0
2,normalized,Causal-v3,geometric,10,Stressed,0.132663230521508,0.431104110613461,12466,30,0
3,normalized,Causal-v3,geometric,10,Stressed,0.13311886853792,0.433070113520237,12461,30,0
1,original,P10,ring2,20,Stressed,0.267669423776743,0.307166663859881,14400,30,0
2,original,P10,ring2,20,Stressed,0.266494620220406,0.297858980358848,14400,30,0
3,original,P10,ring2,20,Stressed,0.266831046324109,0.294609539948479,14400,30,0
1,normalized,P10,ring2,20,Stressed,0.267669423776743,0.307166663859881,14400,30,0
2,normalized,P10,ring2,20,Stressed,0.266494620220406,0.297858980358848,14400,30,0
3,normalized,P10,ring2,20,Stressed,0.266831046324109,0.294609539948479,14400,30,0
1,original,Causal-v3,ring2,20,Stressed,0.218726876037114,0.361881734201858,25192,30,0
2,original,Causal-v3,ring2,20,Stressed,0.218445838804518,0.355054772632199,25172,30,0
3,original,Causal-v3,ring2,20,Stressed,0.21748428317747,0.358845455916927,25182,30,0
1,normalized,Causal-v3,ring2,20,Stressed,0.218726876037114,0.361881734201858,25192,30,0
2,normalized,Causal-v3,ring2,20,Stressed,0.218445838804518,0.355054772632199,25172,30,0
3,normalized,Causal-v3,ring2,20,Stressed,0.21748428317747,0.358845455916927,25182,30,0
1,original,P10,sparse4,20,Stressed,0.381379260302579,0.209537333903913,25800,30,1
2,original,P10,sparse4,20,Stressed,0.384455690197609,0.196769818029746,25800,30,1
3,original,P10,sparse4,20,Stressed,0.380992943064161,0.210057826506799,25800,30,1
1,normalized,P10,sparse4,20,Stressed,0.268496271550049,0.310587679813161,25800,30,0
2,normalized,P10,sparse4,20,Stressed,0.270600128415524,0.293450495936828,25800,30,0
3,normalized,P10,sparse4,20,Stressed,0.268334207291227,0.302826332735986,25800,30,0
1,original,Causal-v3,sparse4,20,Stressed,0.314051517318801,0.285369723695357,44397,30,0
2,original,Causal-v3,sparse4,20,Stressed,0.31273390111106,0.284213982260717,44437,30,0
3,original,Causal-v3,sparse4,20,Stressed,0.312588904083647,0.282636363752113,44456,30,0
1,normalized,Causal-v3,sparse4,20,Stressed,0.218342562524028,0.362215585947466,44809,30,0
2,normalized,Causal-v3,sparse4,20,Stressed,0.219057505377065,0.362162113166924,44860,30,0
3,normalized,Causal-v3,sparse4,20,Stressed,0.218291683695635,0.363460037938853,44856,30,0
1,original,P10,sparse6,20,Stressed,0.431256430912565,0.160904060490173,37200,30,1
2,original,P10,sparse6,20,Stressed,0.431914218921619,0.16675033612332,37200,30,1
3,original,P10,sparse6,20,Stressed,0.431483282689263,0.170805147200423,37200,30,1
1,normalized,P10,sparse6,20,Stressed,0.252382315694537,0.322371151475558,37200,30,0
2,normalized,P10,sparse6,20,Stressed,0.253208315732039,0.322749780148729,37200,30,0
3,normalized,P10,sparse6,20,Stressed,0.252777951140153,0.329356649524745,37200,30,0
1,original,Causal-v3,sparse6,20,Stressed,0.355150392979023,0.24528938028238,63833,30,1
2,original,Causal-v3,sparse6,20,Stressed,0.35394255500863,0.239079150075763,63739,30,1
3,original,Causal-v3,sparse6,20,Stressed,0.352578811366995,0.246937400613762,63808,30,1
1,normalized,Causal-v3,sparse6,20,Stressed,0.204974459753774,0.376935913856141,64602,30,0
2,normalized,Causal-v3,sparse6,20,Stressed,0.204922298143829,0.375644573265244,64496,30,0
3,normalized,Causal-v3,sparse6,20,Stressed,0.204645641254057,0.379945434848051,64528,30,0
1,original,P10,geometric,20,Stressed,0.255257076185109,0.338785730719746,18000,30,0
2,original,P10,geometric,20,Stressed,0.256492861744411,0.331326952753331,18000,30,0
3,original,P10,geometric,20,Stressed,0.254565744624947,0.335856269979537,18000,30,0
1,normalized,P10,geometric,20,Stressed,0.231988156082021,0.363344002043539,18000,30,0
2,normalized,P10,geometric,20,Stressed,0.233845817054267,0.357544703941765,18000,30,0
3,normalized,P10,geometric,20,Stressed,0.231999495560838,0.358701327418633,18000,30,0
1,original,Causal-v3,geometric,20,Stressed,0.206192684586198,0.38603658802759,31505,30,0
2,original,Causal-v3,geometric,20,Stressed,0.207769580734164,0.382468899817472,31489,30,0
3,original,Causal-v3,geometric,20,Stressed,0.207445164668355,0.379271849723891,31518,30,0
1,normalized,Causal-v3,geometric,20,Stressed,0.188763299350958,0.404873293797102,31518,30,0
2,normalized,Causal-v3,geometric,20,Stressed,0.189243107594496,0.402313282430028,31501,30,0
3,normalized,Causal-v3,geometric,20,Stressed,0.188571948392047,0.400721649127281,31511,30,0
1,original,P10,ring2,50,Stressed,0.287136043801679,0.299552472758865,36900,30,0
2,original,P10,ring2,50,Stressed,0.288914658796576,0.305861930394424,36900,30,0
3,original,P10,ring2,50,Stressed,0.28731301034995,0.30426325801334,36900,30,0
1,normalized,P10,ring2,50,Stressed,0.287136043801679,0.299552472758865,36900,30,0
2,normalized,P10,ring2,50,Stressed,0.288914658796576,0.305861930394424,36900,30,0
3,normalized,P10,ring2,50,Stressed,0.28731301034995,0.30426325801334,36900,30,0
1,original,Causal-v3,ring2,50,Stressed,0.234714455408406,0.361656725966134,64191,30,0
2,original,Causal-v3,ring2,50,Stressed,0.235153186506557,0.352548849324689,64213,30,0
3,original,Causal-v3,ring2,50,Stressed,0.234541655869273,0.360432178469297,64189,30,0
1,normalized,Causal-v3,ring2,50,Stressed,0.234714455408406,0.361656725966134,64191,30,0
2,normalized,Causal-v3,ring2,50,Stressed,0.235153186506557,0.352548849324689,64213,30,0
3,normalized,Causal-v3,ring2,50,Stressed,0.234541655869273,0.360432178469297,64189,30,0
1,original,P10,sparse4,50,Stressed,0.456816507024652,0.201867461059426,66300,30,1
2,original,P10,sparse4,50,Stressed,0.455147671469836,0.203869915557791,66300,30,1
3,original,P10,sparse4,50,Stressed,0.455113137817869,0.198595528513143,66300,30,1
1,normalized,P10,sparse4,50,Stressed,0.30733200978794,0.296999391619408,66300,30,0
2,normalized,P10,sparse4,50,Stressed,0.305929724890387,0.299861958864464,66300,30,0
3,normalized,P10,sparse4,50,Stressed,0.306544305862235,0.303194389678579,66300,30,0
1,original,Causal-v3,sparse4,50,Stressed,0.377327748012527,0.281054678058761,112689,30,0
2,original,Causal-v3,sparse4,50,Stressed,0.377975358825528,0.27807459428427,112670,30,0
3,original,Causal-v3,sparse4,50,Stressed,0.377108108809495,0.277298827319891,112648,30,0
1,normalized,Causal-v3,sparse4,50,Stressed,0.249981306693136,0.358540372928113,114408,30,0
2,normalized,Causal-v3,sparse4,50,Stressed,0.250556559617357,0.355990307878576,114388,30,0
3,normalized,Causal-v3,sparse4,50,Stressed,0.250229389297168,0.363831135581515,114446,30,0
1,original,P10,sparse6,50,Stressed,0.552375928923159,0.159710473399696,95700,30,1
2,original,P10,sparse6,50,Stressed,0.553285320288115,0.153906521306079,95700,30,1
3,original,P10,sparse6,50,Stressed,0.553069229296861,0.160085563745157,95700,30,1
1,normalized,P10,sparse6,50,Stressed,0.289820620281512,0.3250957065113,95700,30,0
2,normalized,P10,sparse6,50,Stressed,0.290718746107972,0.318680547753701,95700,30,0
3,normalized,P10,sparse6,50,Stressed,0.290247980445099,0.324943381847885,95700,30,0
1,original,Causal-v3,sparse6,50,Stressed,0.468871058160944,0.230751244181761,157553,30,1
2,original,Causal-v3,sparse6,50,Stressed,0.468025200414918,0.22608450275352,158055,30,1
3,original,Causal-v3,sparse6,50,Stressed,0.467864538450461,0.228853083795777,157732,30,1
1,normalized,Causal-v3,sparse6,50,Stressed,0.23693402563082,0.373759806040958,164905,30,0
2,normalized,Causal-v3,sparse6,50,Stressed,0.23738549546663,0.376544946981207,164889,30,0
3,normalized,Causal-v3,sparse6,50,Stressed,0.23726514582066,0.377120613064556,164990,30,0
1,original,P10,geometric,50,Stressed,0.37322077469514,0.268861516281425,54300,30,0
2,original,P10,geometric,50,Stressed,0.373191408335206,0.261194750317981,54300,30,0
3,original,P10,geometric,50,Stressed,0.373225798795864,0.271591037620476,54300,30,0
1,normalized,P10,geometric,50,Stressed,0.294072651029788,0.323654813162666,54300,30,0
2,normalized,P10,geometric,50,Stressed,0.294245191404774,0.326589441044303,54300,30,0
3,normalized,P10,geometric,50,Stressed,0.294346028705102,0.335088730759776,54300,30,0
1,original,Causal-v3,geometric,50,Stressed,0.306236376761823,0.328578723417462,93554,30,0
2,original,Causal-v3,geometric,50,Stressed,0.305927567542572,0.329483356305211,93540,30,0
3,original,Causal-v3,geometric,50,Stressed,0.30685139101624,0.328303502553421,93476,30,0
1,normalized,Causal-v3,geometric,50,Stressed,0.240848252974021,0.381334693940977,93998,30,0
2,normalized,Causal-v3,geometric,50,Stressed,0.24061253935896,0.378501311244389,93935,30,0
3,normalized,Causal-v3,geometric,50,Stressed,0.239958218380646,0.381387683610691,93942,30,0
