seed,variant,scenario,RMSE,MAXERR,MINEVAL,AOI,TXRATE,PDR,ACKUPDATE,ACKMISS,FORMFAIL,SAFEFAIL
1,A0 Periodic10,Clean,0.0345249153681788,0.0454982947248595,0.554876179588722,0.0499636693914622,10,1,0,0,0,0
2,A0 Periodic10,Clean,0.0345249153681788,0.0454982947248595,0.554876179588722,0.0499636693914622,10,1,0,0,0,0
3,A0 Periodic10,Clean,0.0345249153681788,0.0454982947248595,0.554876179588722,0.0499636693914622,10,1,0,0,0,0
4,A0 Periodic10,Clean,0.0345249153681788,0.0454982947248595,0.554876179588722,0.0499636693914622,10,1,0,0,0,0
5,A0 Periodic10,Clean,0.0345249153681788,0.0454982947248595,0.554876179588722,0.0499636693914622,10,1,0,0,0,0
6,A0 Periodic10,Clean,0.0345249153681788,0.0454982947248595,0.554876179588722,0.0499636693914622,10,1,0,0,0,0
7,A0 Periodic10,Clean,0.0345249153681788,0.0454982947248595,0.554876179588722,0.0499636693914622,10,1,0,0,0,0
8,A0 Periodic10,Clean,0.0345249153681788,0.0454982947248595,0.554876179588722,0.0499636693914622,10,1,0,0,0,0
9,A0 Periodic10,Clean,0.0345249153681788,0.0454982947248595,0.554876179588722,0.0499636693914622,10,1,0,0,0,0
10,A0 Periodic10,Clean,0.0345249153681788,0.0454982947248595,0.554876179588722,0.0499636693914622,10,1,0,0,0,0
11,A0 Periodic10,Clean,0.0345249153681788,0.0454982947248595,0.554876179588722,0.0499636693914622,10,1,0,0,0,0
12,A0 Periodic10,Clean,0.0345249153681788,0.0454982947248595,0.554876179588722,0.0499636693914622,10,1,0,0,0,0
13,A0 Periodic10,Clean,0.0345249153681788,0.0454982947248595,0.554876179588722,0.0499636693914622,10,1,0,0,0,0
14,A0 Periodic10,Clean,0.0345249153681788,0.0454982947248595,0.554876179588722,0.0499636693914622,10,1,0,0,0,0
15,A0 Periodic10,Clean,0.0345249153681788,0.0454982947248595,0.554876179588722,0.0499636693914622,10,1,0,0,0,0
16,A0 Periodic10,Clean,0.0345249153681788,0.0454982947248595,0.554876179588722,0.0499636693914622,10,1,0,0,0,0
17,A0 Periodic10,Clean,0.0345249153681788,0.0454982947248595,0.554876179588722,0.0499636693914622,10,1,0,0,0,0
18,A0 Periodic10,Clean,0.0345249153681788,0.0454982947248595,0.554876179588722,0.0499636693914622,10,1,0,0,0,0
19,A0 Periodic10,Clean,0.0345249153681788,0.0454982947248595,0.554876179588722,0.0499636693914622,10,1,0,0,0,0
20,A0 Periodic10,Clean,0.0345249153681788,0.0454982947248595,0.554876179588722,0.0499636693914622,10,1,0,0,0,0
1,A1 State-event,Clean,0.0792418217410357,0.0996251580418625,0.501895794781889,0.129969724492885,4.32777777777778,1,0,0,0,0
2,A1 State-event,Clean,0.0792418217410357,0.0996251580418625,0.501895794781889,0.129969724492885,4.32777777777778,1,0,0,0,0
3,A1 State-event,Clean,0.0792418217410357,0.0996251580418625,0.501895794781889,0.129969724492885,4.32777777777778,1,0,0,0,0
4,A1 State-event,Clean,0.0792418217410357,0.0996251580418625,0.501895794781889,0.129969724492885,4.32777777777778,1,0,0,0,0
5,A1 State-event,Clean,0.0792418217410357,0.0996251580418625,0.501895794781889,0.129969724492885,4.32777777777778,1,0,0,0,0
6,A1 State-event,Clean,0.0792418217410357,0.0996251580418625,0.501895794781889,0.129969724492885,4.32777777777778,1,0,0,0,0
7,A1 State-event,Clean,0.0792418217410357,0.0996251580418625,0.501895794781889,0.129969724492885,4.32777777777778,1,0,0,0,0
8,A1 State-event,Clean,0.0792418217410357,0.0996251580418625,0.501895794781889,0.129969724492885,4.32777777777778,1,0,0,0,0
9,A1 State-event,Clean,0.0792418217410357,0.0996251580418625,0.501895794781889,0.129969724492885,4.32777777777778,1,0,0,0,0
10,A1 State-event,Clean,0.0792418217410357,0.0996251580418625,0.501895794781889,0.129969724492885,4.32777777777778,1,0,0,0,0
11,A1 State-event,Clean,0.0792418217410357,0.0996251580418625,0.501895794781889,0.129969724492885,4.32777777777778,1,0,0,0,0
12,A1 State-event,Clean,0.0792418217410357,0.0996251580418625,0.501895794781889,0.129969724492885,4.32777777777778,1,0,0,0,0
13,A1 State-event,Clean,0.0792418217410357,0.0996251580418625,0.501895794781889,0.129969724492885,4.32777777777778,1,0,0,0,0
14,A1 State-event,Clean,0.0792418217410357,0.0996251580418625,0.501895794781889,0.129969724492885,4.32777777777778,1,0,0,0,0
15,A1 State-event,Clean,0.0792418217410357,0.0996251580418625,0.501895794781889,0.129969724492885,4.32777777777778,1,0,0,0,0
16,A1 State-event,Clean,0.0792418217410357,0.0996251580418625,0.501895794781889,0.129969724492885,4.32777777777778,1,0,0,0,0
17,A1 State-event,Clean,0.0792418217410357,0.0996251580418625,0.501895794781889,0.129969724492885,4.32777777777778,1,0,0,0,0
18,A1 State-event,Clean,0.0792418217410357,0.0996251580418625,0.501895794781889,0.129969724492885,4.32777777777778,1,0,0,0,0
19,A1 State-event,Clean,0.0792418217410357,0.0996251580418625,0.501895794781889,0.129969724492885,4.32777777777778,1,0,0,0,0
20,A1 State-event,Clean,0.0792418217410357,0.0996251580418625,0.501895794781889,0.129969724492885,4.32777777777778,1,0,0,0,0
1,A2 AoI-fixed,Clean,0.0444279179105767,0.0569849735394846,0.544052937981103,0.0700544959128065,7.42222222222222,1,0,0,0,0
2,A2 AoI-fixed,Clean,0.0444279179105767,0.0569849735394846,0.544052937981103,0.0700544959128065,7.42222222222222,1,0,0,0,0
3,A2 AoI-fixed,Clean,0.0444279179105767,0.0569849735394846,0.544052937981103,0.0700544959128065,7.42222222222222,1,0,0,0,0
4,A2 AoI-fixed,Clean,0.0444279179105767,0.0569849735394846,0.544052937981103,0.0700544959128065,7.42222222222222,1,0,0,0,0
5,A2 AoI-fixed,Clean,0.0444279179105767,0.0569849735394846,0.544052937981103,0.0700544959128065,7.42222222222222,1,0,0,0,0
6,A2 AoI-fixed,Clean,0.0444279179105767,0.0569849735394846,0.544052937981103,0.0700544959128065,7.42222222222222,1,0,0,0,0
7,A2 AoI-fixed,Clean,0.0444279179105767,0.0569849735394846,0.544052937981103,0.0700544959128065,7.42222222222222,1,0,0,0,0
8,A2 AoI-fixed,Clean,0.0444279179105767,0.0569849735394846,0.544052937981103,0.0700544959128065,7.42222222222222,1,0,0,0,0
9,A2 AoI-fixed,Clean,0.0444279179105767,0.0569849735394846,0.544052937981103,0.0700544959128065,7.42222222222222,1,0,0,0,0
10,A2 AoI-fixed,Clean,0.0444279179105767,0.0569849735394846,0.544052937981103,0.0700544959128065,7.42222222222222,1,0,0,0,0
11,A2 AoI-fixed,Clean,0.0444279179105767,0.0569849735394846,0.544052937981103,0.0700544959128065,7.42222222222222,1,0,0,0,0
12,A2 AoI-fixed,Clean,0.0444279179105767,0.0569849735394846,0.544052937981103,0.0700544959128065,7.42222222222222,1,0,0,0,0
13,A2 AoI-fixed,Clean,0.0444279179105767,0.0569849735394846,0.544052937981103,0.0700544959128065,7.42222222222222,1,0,0,0,0
14,A2 AoI-fixed,Clean,0.0444279179105767,0.0569849735394846,0.544052937981103,0.0700544959128065,7.42222222222222,1,0,0,0,0
15,A2 AoI-fixed,Clean,0.0444279179105767,0.0569849735394846,0.544052937981103,0.0700544959128065,7.42222222222222,1,0,0,0,0
16,A2 AoI-fixed,Clean,0.0444279179105767,0.0569849735394846,0.544052937981103,0.0700544959128065,7.42222222222222,1,0,0,0,0
17,A2 AoI-fixed,Clean,0.0444279179105767,0.0569849735394846,0.544052937981103,0.0700544959128065,7.42222222222222,1,0,0,0,0
18,A2 AoI-fixed,Clean,0.0444279179105767,0.0569849735394846,0.544052937981103,0.0700544959128065,7.42222222222222,1,0,0,0,0
19,A2 AoI-fixed,Clean,0.0444279179105767,0.0569849735394846,0.544052937981103,0.0700544959128065,7.42222222222222,1,0,0,0,0
20,A2 AoI-fixed,Clean,0.0444279179105767,0.0569849735394846,0.544052937981103,0.0700544959128065,7.42222222222222,1,0,0,0,0
1,A3 AoI-adaptive,Clean,0.037745281664961,0.0490563328285433,0.551274954028746,0.0600090826521344,8.41111111111111,1,0,0,0,0
2,A3 AoI-adaptive,Clean,0.037745281664961,0.0490563328285433,0.551274954028746,0.0600090826521344,8.41111111111111,1,0,0,0,0
3,A3 AoI-adaptive,Clean,0.037745281664961,0.0490563328285433,0.551274954028746,0.0600090826521344,8.41111111111111,1,0,0,0,0
4,A3 AoI-adaptive,Clean,0.037745281664961,0.0490563328285433,0.551274954028746,0.0600090826521344,8.41111111111111,1,0,0,0,0
5,A3 AoI-adaptive,Clean,0.037745281664961,0.0490563328285433,0.551274954028746,0.0600090826521344,8.41111111111111,1,0,0,0,0
6,A3 AoI-adaptive,Clean,0.037745281664961,0.0490563328285433,0.551274954028746,0.0600090826521344,8.41111111111111,1,0,0,0,0
7,A3 AoI-adaptive,Clean,0.037745281664961,0.0490563328285433,0.551274954028746,0.0600090826521344,8.41111111111111,1,0,0,0,0
8,A3 AoI-adaptive,Clean,0.037745281664961,0.0490563328285433,0.551274954028746,0.0600090826521344,8.41111111111111,1,0,0,0,0
9,A3 AoI-adaptive,Clean,0.037745281664961,0.0490563328285433,0.551274954028746,0.0600090826521344,8.41111111111111,1,0,0,0,0
10,A3 AoI-adaptive,Clean,0.037745281664961,0.0490563328285433,0.551274954028746,0.0600090826521344,8.41111111111111,1,0,0,0,0
11,A3 AoI-adaptive,Clean,0.037745281664961,0.0490563328285433,0.551274954028746,0.0600090826521344,8.41111111111111,1,0,0,0,0
12,A3 AoI-adaptive,Clean,0.037745281664961,0.0490563328285433,0.551274954028746,0.0600090826521344,8.41111111111111,1,0,0,0,0
13,A3 AoI-adaptive,Clean,0.037745281664961,0.0490563328285433,0.551274954028746,0.0600090826521344,8.41111111111111,1,0,0,0,0
14,A3 AoI-adaptive,Clean,0.037745281664961,0.0490563328285433,0.551274954028746,0.0600090826521344,8.41111111111111,1,0,0,0,0
15,A3 AoI-adaptive,Clean,0.037745281664961,0.0490563328285433,0.551274954028746,0.0600090826521344,8.41111111111111,1,0,0,0,0
16,A3 AoI-adaptive,Clean,0.037745281664961,0.0490563328285433,0.551274954028746,0.0600090826521344,8.41111111111111,1,0,0,0,0
17,A3 AoI-adaptive,Clean,0.037745281664961,0.0490563328285433,0.551274954028746,0.0600090826521344,8.41111111111111,1,0,0,0,0
18,A3 AoI-adaptive,Clean,0.037745281664961,0.0490563328285433,0.551274954028746,0.0600090826521344,8.41111111111111,1,0,0,0,0
19,A3 AoI-adaptive,Clean,0.037745281664961,0.0490563328285433,0.551274954028746,0.0600090826521344,8.41111111111111,1,0,0,0,0
20,A3 AoI-adaptive,Clean,0.037745281664961,0.0490563328285433,0.551274954028746,0.0600090826521344,8.41111111111111,1,0,0,0,0
1,A4 Full-ACK,Clean,0.037745281664961,0.0490563328285433,0.551274954028746,0.0600090826521344,8.41111111111111,1,3028,0,0,0
2,A4 Full-ACK,Clean,0.037745281664961,0.0490563328285433,0.551274954028746,0.0600090826521344,8.41111111111111,1,3028,0,0,0
3,A4 Full-ACK,Clean,0.037745281664961,0.0490563328285433,0.551274954028746,0.0600090826521344,8.41111111111111,1,3028,0,0,0
4,A4 Full-ACK,Clean,0.037745281664961,0.0490563328285433,0.551274954028746,0.0600090826521344,8.41111111111111,1,3028,0,0,0
5,A4 Full-ACK,Clean,0.037745281664961,0.0490563328285433,0.551274954028746,0.0600090826521344,8.41111111111111,1,3028,0,0,0
6,A4 Full-ACK,Clean,0.037745281664961,0.0490563328285433,0.551274954028746,0.0600090826521344,8.41111111111111,1,3028,0,0,0
7,A4 Full-ACK,Clean,0.037745281664961,0.0490563328285433,0.551274954028746,0.0600090826521344,8.41111111111111,1,3028,0,0,0
8,A4 Full-ACK,Clean,0.037745281664961,0.0490563328285433,0.551274954028746,0.0600090826521344,8.41111111111111,1,3028,0,0,0
9,A4 Full-ACK,Clean,0.037745281664961,0.0490563328285433,0.551274954028746,0.0600090826521344,8.41111111111111,1,3028,0,0,0
10,A4 Full-ACK,Clean,0.037745281664961,0.0490563328285433,0.551274954028746,0.0600090826521344,8.41111111111111,1,3028,0,0,0
11,A4 Full-ACK,Clean,0.037745281664961,0.0490563328285433,0.551274954028746,0.0600090826521344,8.41111111111111,1,3028,0,0,0
12,A4 Full-ACK,Clean,0.037745281664961,0.0490563328285433,0.551274954028746,0.0600090826521344,8.41111111111111,1,3028,0,0,0
13,A4 Full-ACK,Clean,0.037745281664961,0.0490563328285433,0.551274954028746,0.0600090826521344,8.41111111111111,1,3028,0,0,0
14,A4 Full-ACK,Clean,0.037745281664961,0.0490563328285433,0.551274954028746,0.0600090826521344,8.41111111111111,1,3028,0,0,0
15,A4 Full-ACK,Clean,0.037745281664961,0.0490563328285433,0.551274954028746,0.0600090826521344,8.41111111111111,1,3028,0,0,0
16,A4 Full-ACK,Clean,0.037745281664961,0.0490563328285433,0.551274954028746,0.0600090826521344,8.41111111111111,1,3028,0,0,0
17,A4 Full-ACK,Clean,0.037745281664961,0.0490563328285433,0.551274954028746,0.0600090826521344,8.41111111111111,1,3028,0,0,0
18,A4 Full-ACK,Clean,0.037745281664961,0.0490563328285433,0.551274954028746,0.0600090826521344,8.41111111111111,1,3028,0,0,0
19,A4 Full-ACK,Clean,0.037745281664961,0.0490563328285433,0.551274954028746,0.0600090826521344,8.41111111111111,1,3028,0,0,0
20,A4 Full-ACK,Clean,0.037745281664961,0.0490563328285433,0.551274954028746,0.0600090826521344,8.41111111111111,1,3028,0,0,0
1,A0 Periodic10,Moderate,0.0960259893809011,0.12400936748719,0.47785913848352,0.155004541326067,10,0.798611111111111,0,0,0,0
2,A0 Periodic10,Moderate,0.0968678630280984,0.128955598110938,0.471613624287095,0.156276112624887,10,0.793888888888889,0,0,0,0
3,A0 Periodic10,Moderate,0.0962523239750553,0.125141790765879,0.479090311196507,0.156457765667575,10,0.799444444444444,0,0,0,0
4,A0 Periodic10,Moderate,0.0966404016057977,0.129411941964147,0.476882604003336,0.156472903421132,10,0.791388888888889,0,0,0,0
5,A0 Periodic10,Moderate,0.095147613470612,0.124656930437893,0.479290403576128,0.154959128065395,10,0.801111111111111,0,0,0,0
6,A0 Periodic10,Moderate,0.0965068324509708,0.130081187553363,0.472796842650827,0.156223130487436,10,0.797222222222222,0,0,0,0
7,A0 Periodic10,Moderate,0.0947685613523486,0.124568891829857,0.482730849249562,0.153293975174084,10,0.806111111111111,0,0,0,0
8,A0 Periodic10,Moderate,0.0958901498175371,0.126317572166155,0.483561412737212,0.155140781108084,10,0.7975,0,0,0,0
9,A0 Periodic10,Moderate,0.0958017751273025,0.131201727092437,0.47123703892431,0.154459582198002,10,0.805833333333333,0,0,0,0
10,A0 Periodic10,Moderate,0.0966147586790971,0.127880242383455,0.480357265609056,0.156162579473206,10,0.799166666666667,0,0,0,0
11,A0 Periodic10,Moderate,0.0967264668224502,0.128740674199258,0.480089488944282,0.156722676354829,10,0.793055555555556,0,0,0,0
12,A0 Periodic10,Moderate,0.0950731157658311,0.12952985450232,0.479699502578633,0.154429306690887,10,0.804166666666667,0,0,0,0
13,A0 Periodic10,Moderate,0.0961132141232468,0.128840975595616,0.47614289461117,0.154981834695731,10,0.8,0,0,0,0
14,A0 Periodic10,Moderate,0.0960347996573322,0.122820452677375,0.480986296821616,0.155398122918559,10,0.800277777777778,0,0,0,0
15,A0 Periodic10,Moderate,0.0944036927302251,0.123591504518656,0.480014506458398,0.154580684226461,10,0.801944444444444,0,0,0,0
16,A0 Periodic10,Moderate,0.0950210099170565,0.122636119282821,0.481428805939021,0.153657281259461,10,0.807777777777778,0,0,0,0
17,A0 Periodic10,Moderate,0.0959750442331409,0.12991338947523,0.482356879374612,0.154769906145928,10,0.807777777777778,0,0,0,0
18,A0 Periodic10,Moderate,0.0948561309974695,0.127420438941537,0.47941350643804,0.153369663941871,10,0.810555555555556,0,0,0,0
19,A0 Periodic10,Moderate,0.0953297012460734,0.125016589395225,0.485308865898067,0.15562518922192,10,0.803611111111111,0,0,0,0
20,A0 Periodic10,Moderate,0.0961980376689954,0.12957720417839,0.472543936203034,0.156056615198305,10,0.803888888888889,0,0,0,0
1,A1 State-event,Moderate,0.166439455888077,0.227070263898878,0.392000946826737,0.273957008779897,4.29444444444444,0.80012936610608,0,0,1,0
2,A1 State-event,Moderate,0.173619019928467,0.24791005568312,0.395611326510434,0.278188010899183,4.29444444444444,0.79366106080207,0,0,1,0
3,A1 State-event,Moderate,0.169460564018606,0.231807892253413,0.403173627080856,0.274954586739328,4.3,0.809431524547804,0,0,1,0
4,A1 State-event,Moderate,0.171662387537986,0.24233859503439,0.379634799423287,0.278826824099303,4.28888888888889,0.794689119170984,0,0,1,0
5,A1 State-event,Moderate,0.171478405111945,0.279072943983601,0.377305721862271,0.274692703602785,4.28333333333333,0.78988326848249,0,0,1,0
6,A1 State-event,Moderate,0.171113851511312,0.242360476897266,0.391576347391468,0.277220708446866,4.29444444444444,0.802069857697283,0,0,1,0
7,A1 State-event,Moderate,0.164012001477687,0.221704197746423,0.394637074095086,0.26969118982743,4.3,0.805555555555556,0,0,1,0
8,A1 State-event,Moderate,0.163741576641534,0.233905864457578,0.394067381249588,0.264975779594308,4.30555555555556,0.813548387096774,0,0,1,0
9,A1 State-event,Moderate,0.170555360591209,0.261921466445608,0.383291084633241,0.27403421132304,4.29444444444444,0.804010349288486,0,0,1,0
10,A1 State-event,Moderate,0.168488198462104,0.240930333110879,0.399599735247331,0.277075386012716,4.28888888888889,0.798575129533679,0,0,1,0
11,A1 State-event,Moderate,0.173760483159594,0.265946124308272,0.372246392854529,0.284409627611263,4.27777777777778,0.8,0,0,1,0
12,A1 State-event,Moderate,0.167359828874396,0.231809261035598,0.374956228055639,0.277962458371178,4.29444444444444,0.805950840879689,0,0,1,0
13,A1 State-event,Moderate,0.16406749987871,0.227362505933312,0.381679260139557,0.268630033303058,4.30555555555556,0.80258064516129,0,0,1,0
14,A1 State-event,Moderate,0.164808996515278,0.220572002077237,0.387956650919899,0.273617923100212,4.29444444444444,0.813712807244502,0,0,1,0
15,A1 State-event,Moderate,0.167939522706069,0.232142223650176,0.384592162816201,0.275366333636088,4.28888888888889,0.798575129533679,0,0,1,0
16,A1 State-event,Moderate,0.16574972110841,0.228841919367849,0.404499782342977,0.269632152588556,4.29444444444444,0.807891332470893,0,0,1,0
17,A1 State-event,Moderate,0.166028956525714,0.23191618897202,0.397633800471982,0.273866182258553,4.29444444444444,0.811125485122898,0,0,1,0
18,A1 State-event,Moderate,0.168652121585634,0.270831737285117,0.353046339019256,0.273157735392068,4.30555555555556,0.805806451612903,0,0,1,0
19,A1 State-event,Moderate,0.166288216746085,0.234732717111882,0.396008547084818,0.266733272782319,4.31111111111111,0.811855670103093,0,0,1,0
20,A1 State-event,Moderate,0.164872510677131,0.225130100169829,0.390079118685272,0.277122313048743,4.29444444444444,0.821474773609314,0,0,1,0
1,A2 AoI-fixed,Moderate,0.112373090251103,0.145279747046988,0.461669412558179,0.184774447471995,7.45833333333333,0.795530726256983,0,0,1,0
2,A2 AoI-fixed,Moderate,0.115838780989116,0.154798987308857,0.45069117750439,0.188322736905843,7.49444444444444,0.788732394366197,0,0,1,0
3,A2 AoI-fixed,Moderate,0.112632413698224,0.148728888719739,0.463516300724231,0.185843172873145,7.44444444444444,0.801865671641791,0,0,1,0
4,A2 AoI-fixed,Moderate,0.11439064685138,0.155160810335984,0.458245646507719,0.183580078716319,7.47777777777778,0.790861812778603,0,0,1,0
5,A2 AoI-fixed,Moderate,0.111915440421371,0.146110767963619,0.46675862490542,0.18248561913412,7.45,0.800521998508576,0,0,1,0
6,A2 AoI-fixed,Moderate,0.113883582463265,0.159503482253802,0.45975277396667,0.184809264305177,7.46388888888889,0.802009676218831,0,0,1,0
7,A2 AoI-fixed,Moderate,0.110504970455142,0.145187310957684,0.46485970410816,0.181365425370875,7.44444444444444,0.80410447761194,0,0,1,0
8,A2 AoI-fixed,Moderate,0.11424352389525,0.151259399507443,0.460419621766243,0.184810778080533,7.44722222222222,0.801566579634465,0,0,1,0
9,A2 AoI-fixed,Moderate,0.112280388379421,0.166903012327995,0.457931837408618,0.182034514078111,7.48611111111111,0.807421150278293,0,0,1,0
10,A2 AoI-fixed,Moderate,0.112334394577048,0.155862408459808,0.466537679621637,0.184916742355434,7.47777777777778,0.800520059435364,0,0,1,0
11,A2 AoI-fixed,Moderate,0.115487355818189,0.162989046399628,0.457488980842491,0.187989706327581,7.48611111111111,0.791836734693877,0,0,1,0
12,A2 AoI-fixed,Moderate,0.112037717672314,0.155226237530321,0.451758898269717,0.182662730850742,7.48333333333333,0.804751299183371,0,0,1,0
13,A2 AoI-fixed,Moderate,0.112837405303877,0.149675228400164,0.454926985396345,0.182570390554042,7.475,0.806020066889632,0,0,1,0
14,A2 AoI-fixed,Moderate,0.112136312650734,0.147295293969693,0.459931378607309,0.184533757190433,7.45277777777778,0.80096906448006,0,0,1,0
15,A2 AoI-fixed,Moderate,0.11222290727391,0.150581380397926,0.462336672557424,0.181855888586134,7.45833333333333,0.805959031657356,0,0,1,0
16,A2 AoI-fixed,Moderate,0.110986295749833,0.145343002600146,0.464427885569931,0.183844989403572,7.45277777777778,0.804323518449497,0,0,1,0
17,A2 AoI-fixed,Moderate,0.114320534212943,0.152993696675448,0.456566386921986,0.185563124432334,7.46944444444444,0.803272592041651,0,0,1,0
18,A2 AoI-fixed,Moderate,0.110118635459266,0.149206428832712,0.458415400646343,0.181039963669391,7.44722222222222,0.811264453562104,0,0,1,0
19,A2 AoI-fixed,Moderate,0.114445181093845,0.158085094998569,0.464044414708752,0.185165001513775,7.47777777777778,0.802748885586924,0,0,1,0
20,A2 AoI-fixed,Moderate,0.114866682857038,0.16179672264436,0.459794356942785,0.185264910687254,7.47777777777778,0.807949479940565,0,0,1,0
1,A3 AoI-adaptive,Moderate,0.103045045216541,0.134774115793127,0.475731122530724,0.168042688465032,8.44722222222222,0.797435054258468,0,0,1,0
2,A3 AoI-adaptive,Moderate,0.104784680336049,0.137367660073064,0.465261640195947,0.169597335755374,8.46388888888889,0.790285526747621,0,0,1,0
3,A3 AoI-adaptive,Moderate,0.104799710131661,0.141133309631832,0.464755512335113,0.169871329094762,8.44444444444444,0.800328947368421,0,0,1,0
4,A3 AoI-adaptive,Moderate,0.104018618871312,0.134434904532301,0.468481560267527,0.168711777172268,8.44722222222222,0.789871752712923,0,0,1,0
5,A3 AoI-adaptive,Moderate,0.103253970212248,0.135598221965198,0.46729092383513,0.166699969724493,8.45,0.803747534516765,0,0,1,0
6,A3 AoI-adaptive,Moderate,0.104510392547613,0.141112826554422,0.459848170145827,0.168113835906751,8.44722222222222,0.803025320618218,0,0,1,0
7,A3 AoI-adaptive,Moderate,0.102423979326398,0.138708568358918,0.464633892692306,0.165326975476839,8.45,0.805391190006575,0,0,1,0
8,A3 AoI-adaptive,Moderate,0.10322666826869,0.135723603800629,0.470177219458472,0.168080532848925,8.43611111111111,0.797826802765887,0,0,1,0
9,A3 AoI-adaptive,Moderate,0.102093558675831,0.139965368774211,0.472940062358563,0.166362397820163,8.44722222222222,0.806642551792174,0,0,1,0
10,A3 AoI-adaptive,Moderate,0.103393565588585,0.14222413228504,0.474040443437439,0.168648198607327,8.44444444444444,0.800328947368421,0,0,1,0
11,A3 AoI-adaptive,Moderate,0.105900290893016,0.143029198419106,0.468594745079657,0.17103693611868,8.42222222222222,0.7938654353562,0,0,1,0
12,A3 AoI-adaptive,Moderate,0.10294783157454,0.135600151894599,0.46641015280007,0.166742355434454,8.46388888888889,0.80341319330489,0,0,1,0
13,A3 AoI-adaptive,Moderate,0.102459264679441,0.134042426153838,0.472331682239472,0.16765970330003,8.43611111111111,0.80013170892328,0,0,1,0
14,A3 AoI-adaptive,Moderate,0.103719814385968,0.137834419709644,0.472119551514549,0.168667877686951,8.45833333333333,0.798357963875205,0,0,1,0
15,A3 AoI-adaptive,Moderate,0.102138906699137,0.140914345174488,0.467456161484773,0.166913412049652,8.43611111111111,0.803424432005268,0,0,1,0
16,A3 AoI-adaptive,Moderate,0.103046268504623,0.13687695080045,0.472069937049995,0.166147441719649,8.46388888888889,0.804725959960617,0,0,1,0
17,A3 AoI-adaptive,Moderate,0.103651093201086,0.136137392864231,0.470907235444748,0.167193460490463,8.44166666666667,0.806515301085884,0,0,1,0
18,A3 AoI-adaptive,Moderate,0.102446082232383,0.138786932705688,0.464513167381327,0.166407811080836,8.43333333333333,0.807971014492754,0,0,1,0
19,A3 AoI-adaptive,Moderate,0.103473310736676,0.137166587716199,0.464403311962467,0.168711777172268,8.45833333333333,0.804597701149425,0,0,1,0
20,A3 AoI-adaptive,Moderate,0.104037426854689,0.139571034883287,0.464486251452127,0.169562518922192,8.43888888888889,0.802501645819618,0,0,1,0
1,A4 Full-ACK,Moderate,0.0974213286839755,0.125154433294052,0.475484648960147,0.158424159854677,11.2583333333333,0.795706883789785,3219,0,0,0
2,A4 Full-ACK,Moderate,0.0977091270061108,0.128696725843729,0.475686296814258,0.158275809869815,11.2583333333333,0.797680730323217,3223,0,0,0
3,A4 Full-ACK,Moderate,0.0978028304721757,0.126565027455421,0.476407506579365,0.158253103239479,11.2361111111111,0.801977750309024,3233,0,0,0
4,A4 Full-ACK,Moderate,0.0983134677671265,0.126119319547714,0.47530899870666,0.159333938843476,11.3638888888889,0.789538010266439,3224,0,0,0
5,A4 Full-ACK,Moderate,0.0975014006039878,0.126343096394018,0.475013656497118,0.157705116560702,11.1722222222222,0.803580308304326,3227,0,0,0
6,A4 Full-ACK,Moderate,0.0978594253738567,0.126591142730811,0.473920749745392,0.157668785952165,11.1555555555556,0.80253984063745,3215,0,0,0
7,A4 Full-ACK,Moderate,0.0963736548988039,0.123159870344288,0.480247353385666,0.156554647290342,11.1388888888889,0.807980049875312,3235,0,0,0
8,A4 Full-ACK,Moderate,0.0977108318061384,0.127248630119977,0.47931649223034,0.158487738419618,11.2305555555556,0.797427652733119,3217,0,0,0
9,A4 Full-ACK,Moderate,0.0969332480864389,0.123921952229796,0.479463535196921,0.157803511958825,11.1694444444444,0.803531459835862,3220,0,0,0
10,A4 Full-ACK,Moderate,0.0981863662649998,0.128132546369069,0.472626320033434,0.159383893430215,11.2444444444444,0.797924901185771,3224,0,0,0
11,A4 Full-ACK,Moderate,0.0978243248027712,0.12676284314565,0.474502130222264,0.158816227671813,11.2527777777778,0.797827696864972,3221,0,0,0
12,A4 Full-ACK,Moderate,0.0971887497254614,0.12595304641021,0.475208173637016,0.157808053284892,11.2333333333333,0.803659742828882,3241,0,0,0
13,A4 Full-ACK,Moderate,0.0975839956864568,0.128787395879803,0.478287367479644,0.15793672419013,11.1944444444444,0.800992555831265,3219,0,0,0
14,A4 Full-ACK,Moderate,0.0985673248689728,0.126791109784624,0.478102059319486,0.158716318498335,11.2361111111111,0.799505562422744,3226,0,0,0
15,A4 Full-ACK,Moderate,0.0970535209901626,0.125310135983226,0.478275373941067,0.157314562518922,11.1722222222222,0.804326205867728,3225,0,0,0
16,A4 Full-ACK,Moderate,0.0979386059628971,0.126068354176142,0.476496039193251,0.158127459884953,11.1944444444444,0.803473945409429,3231,0,0,0
17,A4 Full-ACK,Moderate,0.0975664068581773,0.127354656456833,0.47745994907616,0.158643657281259,11.1861111111111,0.803575862925255,3230,0,0,0
18,A4 Full-ACK,Moderate,0.0968523956201668,0.124341457424973,0.478724551544535,0.157064789585225,11.1527777777778,0.806724782067248,3229,0,0,0
19,A4 Full-ACK,Moderate,0.0975342362959236,0.126672218730253,0.47473453319062,0.158222827732364,11.2055555555556,0.80466038671294,3236,0,0,0
20,A4 Full-ACK,Moderate,0.0973588378746222,0.128425372299693,0.476308808222341,0.158135028761732,11.1805555555556,0.806211180124224,3237,0,0,0
1,A0 Periodic10,Stressed,0.146183632352995,0.194187977011827,0.412987472811454,0.237308507417499,10,0.588055555555556,0,0,1,0
2,A0 Periodic10,Stressed,0.149320814993038,0.225104521240992,0.410987405251431,0.2392612776264,10,0.6075,0,0,1,0
3,A0 Periodic10,Stressed,0.144836916266982,0.188356956718108,0.419332006008981,0.23557523463518,10,0.606111111111111,0,0,1,0
4,A0 Periodic10,Stressed,0.148445123120252,0.212701394967772,0.412145296557962,0.23949591280654,10,0.601111111111111,0,0,1,0
5,A0 Periodic10,Stressed,0.145833018128078,0.193350493645208,0.406666632355799,0.236226158038147,10,0.6025,0,0,1,0
6,A0 Periodic10,Stressed,0.147724318369453,0.202480792741248,0.402506572703924,0.240858310626703,10,0.591111111111111,0,0,1,0
7,A0 Periodic10,Stressed,0.143522053637664,0.190585206183326,0.423008606869343,0.233720859824402,10,0.603055555555556,0,0,1,0
8,A0 Periodic10,Stressed,0.146442195629291,0.197444952068634,0.424204845456604,0.237550711474417,10,0.598888888888889,0,0,1,0
9,A0 Periodic10,Stressed,0.145394008143577,0.222714072086739,0.392269217084368,0.232729336966394,10,0.609166666666667,0,0,1,0
10,A0 Periodic10,Stressed,0.140252916716286,0.185603915617633,0.421614182853999,0.228914623069936,10,0.6125,0,0,1,0
11,A0 Periodic10,Stressed,0.144757252195467,0.210378029989733,0.39158465810542,0.233183469573115,10,0.615555555555556,0,0,1,0
12,A0 Periodic10,Stressed,0.142530352256445,0.193302580577151,0.414597765560018,0.233978201634877,10,0.604444444444444,0,0,1,0
13,A0 Periodic10,Stressed,0.149054495708496,0.20345130065662,0.398449500315208,0.239442930669089,10,0.6025,0,0,1,0
14,A0 Periodic10,Stressed,0.146865816435008,0.208566516141478,0.426122009645166,0.237089009990917,10,0.608333333333333,0,0,1,0
15,A0 Periodic10,Stressed,0.150591418789555,0.216464492413133,0.400206119479749,0.242712685437481,10,0.592777777777778,0,0,1,0
16,A0 Periodic10,Stressed,0.146406398555306,0.194621169273228,0.420003090281258,0.234432334241599,10,0.604722222222222,0,0,1,0
17,A0 Periodic10,Stressed,0.145848615873959,0.190477514382225,0.41538020709297,0.235741749924311,10,0.608333333333333,0,0,1,0
18,A0 Periodic10,Stressed,0.143283751631196,0.193291684174255,0.413877357506892,0.235098395398123,10,0.603055555555556,0,0,1,0
19,A0 Periodic10,Stressed,0.144294268238027,0.190149158131804,0.424233461462638,0.241236754465637,10,0.598611111111111,0,0,1,0
20,A0 Periodic10,Stressed,0.148849046112676,0.207823653076457,0.415334635393502,0.240986981531941,10,0.582222222222222,0,0,1,0
1,A1 State-event,Stressed,0.271469308450655,0.429279460332023,0.272424285220025,0.441336663639116,4.19444444444444,0.58476821192053,0,0,1,0
2,A1 State-event,Stressed,0.245326634931183,0.380442232493517,0.32741795694067,0.406822585528307,4.21666666666667,0.618577075098814,0,0,1,0
3,A1 State-event,Stressed,0.241862211865647,0.351279209106246,0.276989377116658,0.41264910687254,4.22222222222222,0.607236842105263,0,0,1,0
4,A1 State-event,Stressed,0.256211554582708,0.374414718971396,0.271149603284209,0.412511353315168,4.20555555555556,0.611624834874505,0,0,1,0
5,A1 State-event,Stressed,0.247827988049211,0.375870358248714,0.266640460175,0.404371783227369,4.23333333333333,0.613517060367454,0,0,1,0
6,A1 State-event,Stressed,0.259387708682486,0.396199619383731,0.318462605411415,0.436575840145323,4.21666666666667,0.595520421607378,0,0,1,0
7,A1 State-event,Stressed,0.255115211355859,0.359798818815409,0.284924273795452,0.419709355131699,4.2,0.602513227513227,0,0,1,0
8,A1 State-event,Stressed,0.243891065432293,0.346576806659294,0.308109342733555,0.421114138661823,4.23333333333333,0.606299212598425,0,0,1,0
9,A1 State-event,Stressed,0.258895434109443,0.418104301246906,0.277088778633856,0.442387223735998,4.20555555555556,0.587186261558785,0,0,1,0
10,A1 State-event,Stressed,0.248736883861105,0.37445058309973,0.255340495275048,0.408577051165607,4.22777777777778,0.608409986859396,0,0,1,0
11,A1 State-event,Stressed,0.267956251018245,0.393655902388131,0.277874384425267,0.43454889494399,4.2,0.60978835978836,0,0,1,0
12,A1 State-event,Stressed,0.253895922173938,0.398517615823575,0.328255600257994,0.412570390554042,4.21666666666667,0.620553359683794,0,0,1,0
13,A1 State-event,Stressed,0.253399757743533,0.407736428121435,0.304110809612484,0.42717680896155,4.21111111111111,0.607519788918206,0,0,1,0
14,A1 State-event,Stressed,0.251133514857455,0.358339865006574,0.308214540954816,0.419742658189525,4.21666666666667,0.606719367588933,0,0,1,0
15,A1 State-event,Stressed,0.264552861392718,0.383243392038675,0.271165295213826,0.465990009082652,4.18888888888889,0.584880636604775,0,0,1,0
16,A1 State-event,Stressed,0.251897003292903,0.359052027117618,0.261432200825029,0.426280653950953,4.20555555555556,0.601717305151915,0,0,1,0
17,A1 State-event,Stressed,0.260304115367383,0.418126740253886,0.275154103005548,0.428958522555252,4.21111111111111,0.602902374670185,0,0,1,0
18,A1 State-event,Stressed,0.250832059558843,0.409421127268018,0.276028083351572,0.411902815622162,4.21666666666667,0.606060606060606,0,0,1,0
19,A1 State-event,Stressed,0.251644064849766,0.346710760474068,0.318992258344081,0.432929155313351,4.18888888888889,0.606100795755968,0,0,1,0
20,A1 State-event,Stressed,0.26495967589672,0.384180235300136,0.284118267618979,0.436606115652437,4.2,0.578703703703704,0,0,1,0
1,A2 AoI-fixed,Stressed,0.173450297388869,0.237716774485516,0.387911271394369,0.281260974871329,7.53888888888889,0.589904200442152,0,0,1,0
2,A2 AoI-fixed,Stressed,0.17224475425698,0.236970399288148,0.388656394739896,0.284274901604602,7.54444444444444,0.607142857142857,0,0,1,0
3,A2 AoI-fixed,Stressed,0.169027268896493,0.235204265355091,0.387110485849787,0.279671510747805,7.56666666666667,0.602055800293686,0,0,1,0
4,A2 AoI-fixed,Stressed,0.171025729512301,0.231428605810456,0.393869045392486,0.282323645171057,7.58333333333333,0.597802197802198,0,0,1,0
5,A2 AoI-fixed,Stressed,0.170717095421793,0.232207407575246,0.374761697964648,0.276598546775658,7.53333333333333,0.605825958702065,0,0,1,0
6,A2 AoI-fixed,Stressed,0.173356082901167,0.23271868779244,0.381063644896802,0.290211928549803,7.53333333333333,0.583702064896755,0,0,1,0
7,A2 AoI-fixed,Stressed,0.170153217704528,0.223474131699153,0.377601984265421,0.279053890402664,7.56111111111111,0.599926524614254,0,0,1,0
8,A2 AoI-fixed,Stressed,0.174296846494493,0.253072910951277,0.360821258652075,0.285057523463518,7.54444444444444,0.593519882179676,0,0,1,0
9,A2 AoI-fixed,Stressed,0.171364062700387,0.239115555886494,0.373774939781884,0.277633969118983,7.58888888888889,0.603587115666179,0,0,1,0
10,A2 AoI-fixed,Stressed,0.168464397135507,0.24951753573377,0.357335333008893,0.269591280653951,7.56111111111111,0.614988978692138,0,0,1,0
11,A2 AoI-fixed,Stressed,0.167780662931471,0.240370634446164,0.382638304251622,0.27785498032092,7.55,0.615158204562178,0,0,1,0
12,A2 AoI-fixed,Stressed,0.174396307493365,0.241389114678786,0.393469072505141,0.280547986678777,7.56666666666667,0.60352422907489,0,0,1,0
13,A2 AoI-fixed,Stressed,0.171630909616342,0.235053216081978,0.393416517659844,0.283857099606418,7.53333333333333,0.603244837758112,0,0,1,0
14,A2 AoI-fixed,Stressed,0.170911444139223,0.236904104237549,0.38234586172376,0.28087344838026,7.54444444444444,0.606038291605302,0,0,1,0
15,A2 AoI-fixed,Stressed,0.168557985185697,0.246613181614253,0.394799875040177,0.279654859218892,7.53333333333333,0.600294985250738,0,0,1,0
16,A2 AoI-fixed,Stressed,0.169189513217842,0.24140449101607,0.362901398769756,0.27478353012413,7.55555555555556,0.60625,0,0,1,0
17,A2 AoI-fixed,Stressed,0.168810247577342,0.235798691603164,0.367082651286237,0.278244020587345,7.55555555555556,0.615441176470588,0,0,1,0
18,A2 AoI-fixed,Stressed,0.170203114117769,0.223561501786181,0.389215860034083,0.278646684831971,7.56666666666667,0.602790014684288,0,0,1,0
19,A2 AoI-fixed,Stressed,0.171419568020448,0.245040541084799,0.387156263769981,0.285488949439903,7.51111111111111,0.599852071005917,0,0,1,0
20,A2 AoI-fixed,Stressed,0.175043603290773,0.23804110889081,0.365418123934032,0.284703300030276,7.53333333333333,0.578908554572271,0,0,1,0
1,A3 AoI-adaptive,Stressed,0.154256883438915,0.20952433158672,0.393111063335969,0.250879503481683,8.95555555555556,0.589330024813896,0,0,1,0
2,A3 AoI-adaptive,Stressed,0.155017778761565,0.214368747886337,0.40227165133039,0.252505298213745,8.94166666666667,0.605778191985089,0,0,1,0
3,A3 AoI-adaptive,Stressed,0.153809178885711,0.218495633953619,0.381564899559134,0.249288525582803,8.95,0.602110490378647,0,0,1,0
4,A3 AoI-adaptive,Stressed,0.154762795554513,0.215948478645686,0.415735143047049,0.25066757493188,8.95,0.5983860955928,0,0,1,0
5,A3 AoI-adaptive,Stressed,0.152963610380144,0.209425276243154,0.397785029065968,0.24851195882531,8.95555555555556,0.600496277915633,0,0,1,0
6,A3 AoI-adaptive,Stressed,0.160902215852623,0.218506763120174,0.400437376733937,0.254942476536482,8.93888888888889,0.588564325668117,0,0,1,0
7,A3 AoI-adaptive,Stressed,0.153505717299711,0.208202744328708,0.394617331224375,0.24811080835604,8.975,0.601361807489941,0,0,1,0
8,A3 AoI-adaptive,Stressed,0.157985666861725,0.226567475895628,0.39474606325932,0.251011201937632,8.95277777777778,0.597890164443065,0,0,1,0
9,A3 AoI-adaptive,Stressed,0.153083018527831,0.203647670717362,0.401714055804622,0.247626400242204,8.96388888888889,0.609234583204214,0,0,1,0
10,A3 AoI-adaptive,Stressed,0.151889212481194,0.225321012453552,0.396924949561122,0.244447471995155,8.95555555555556,0.614764267990074,0,0,1,0
11,A3 AoI-adaptive,Stressed,0.151981995541527,0.209774121174341,0.392516566246612,0.247373599757795,8.95277777777778,0.619609059882097,0,0,1,0
12,A3 AoI-adaptive,Stressed,0.154025001494005,0.206724558053133,0.399700103662054,0.249517105661519,8.95833333333333,0.602790697674419,0,0,1,0
13,A3 AoI-adaptive,Stressed,0.157628338063014,0.245770710556802,0.362018306359484,0.254203754162882,8.94444444444444,0.604347826086957,0,0,1,0
14,A3 AoI-adaptive,Stressed,0.157459051239797,0.216630558654373,0.41129455611065,0.256506206478958,8.93333333333333,0.603233830845771,0,0,1,0
15,A3 AoI-adaptive,Stressed,0.158712873382877,0.222566791387861,0.384150823581673,0.25731153496821,8.93333333333333,0.593283582089552,0,0,1,0
16,A3 AoI-adaptive,Stressed,0.157271279511576,0.221642219136718,0.396285248316022,0.247829246139873,8.95,0.606145251396648,0,0,1,0
17,A3 AoI-adaptive,Stressed,0.152145102186207,0.218559060634374,0.38145734061471,0.25094459582198,8.93888888888889,0.612802983219391,0,0,1,0
18,A3 AoI-adaptive,Stressed,0.153239200303089,0.218321085351506,0.389475616398618,0.251099000908265,8.95,0.603351955307263,0,0,1,0
19,A3 AoI-adaptive,Stressed,0.159375901279951,0.2443292453061,0.38904198777231,0.255081743869209,8.94444444444444,0.600931677018633,0,0,1,0
20,A3 AoI-adaptive,Stressed,0.162430455620206,0.221521945518983,0.379292575331784,0.257388737511353,8.94722222222222,0.581806892269481,0,0,1,0
1,A4 Full-ACK,Stressed,0.132212946743957,0.170658915772004,0.436056937517732,0.213961550105964,15.9472222222222,0.583870405852639,3339,0,1,0
2,A4 Full-ACK,Stressed,0.131010037924849,0.168297382112557,0.433900403018058,0.212482591583409,15.7611111111111,0.603983080719069,3412,0,1,0
3,A4 Full-ACK,Stressed,0.1305420904161,0.168943685315159,0.438025484385967,0.212093551316984,15.8388888888889,0.597509645738337,3398,0,1,0
4,A4 Full-ACK,Stressed,0.131605134462605,0.172195708986424,0.430789612528165,0.212644565546472,15.8222222222222,0.602001404494382,3415,0,1,0
5,A4 Full-ACK,Stressed,0.132004225254221,0.169376132229599,0.433380459109784,0.213919164396003,15.8333333333333,0.593684210526316,3376,0,1,0
6,A4 Full-ACK,Stressed,0.12963291518521,0.170078092066402,0.430556772859126,0.210747805025734,15.7166666666667,0.598091198303287,3373,0,1,0
7,A4 Full-ACK,Stressed,0.130962821390759,0.168796059517933,0.434191855501159,0.212246442627914,15.7277777777778,0.601200989049806,3393,0,1,0
8,A4 Full-ACK,Stressed,0.130496488569874,0.171159138561156,0.430463620495908,0.210831062670299,15.7805555555556,0.60130258757261,3410,0,1,0
9,A4 Full-ACK,Stressed,0.12982246786257,0.168423329762701,0.433099435742156,0.210973357553739,15.6944444444444,0.606194690265487,3413,0,1,0
10,A4 Full-ACK,Stressed,0.130132267350449,0.171014593512399,0.434501106665992,0.212346351801392,15.6805555555556,0.604428697962799,3404,0,1,0
11,A4 Full-ACK,Stressed,0.131254358100315,0.171031203955438,0.431383768422363,0.212303966091432,15.7361111111111,0.608296557811121,3434,0,1,0
12,A4 Full-ACK,Stressed,0.129210661489028,0.167639597771613,0.433186595322082,0.209880411746896,15.6472222222222,0.613882478253151,3444,0,1,0
13,A4 Full-ACK,Stressed,0.130209394028388,0.168466726637196,0.433507773941551,0.212848925219497,15.8055555555556,0.603339191564148,3418,0,1,0
14,A4 Full-ACK,Stressed,0.130462524943205,0.170346599186704,0.431661742165002,0.212090523766273,15.8583333333333,0.602557365563146,3434,0,1,0
15,A4 Full-ACK,Stressed,0.130037553222623,0.167219077378628,0.436883416297647,0.211799878897971,15.7055555555556,0.597983728333923,3371,0,1,0
16,A4 Full-ACK,Stressed,0.130345670983075,0.167346399990608,0.433179045114428,0.21165455646382,15.5527777777778,0.608322914806215,3400,0,1,0
17,A4 Full-ACK,Stressed,0.12991642964402,0.172719271281283,0.439305394074387,0.210747805025734,15.6333333333333,0.609808102345416,3421,0,1,0
18,A4 Full-ACK,Stressed,0.131096625079667,0.174426781128633,0.435175787106424,0.212555252800484,15.8583333333333,0.59870380101594,3403,0,1,0
19,A4 Full-ACK,Stressed,0.130820144323532,0.174166813496963,0.43633505354561,0.211875567665758,15.8888888888889,0.602622377622378,3432,0,1,0
20,A4 Full-ACK,Stressed,0.130404851339187,0.17046445872556,0.433809882235738,0.211534968210717,15.7666666666667,0.591613812544045,3347,0,1,0
