arm,kind,fault,seed,traceHash,decisionStateHash,finalDecisionStateHash,decisionStateMaxDifference,geometryHash,selectorHash,kernelTraceHash,kernelStateHash,scheduleHash,prefixScheduleHash,probePrefixScheduleHash,prefixStateExact,graphAdmissible,changedSenderEdges,nonincidentSenderEdges,affectedCount,changedSlotCount,candidateProper,prepareBytes,maxResponseBytes,protectedSlotFree,barrierClosed,motionAuthorized,graphActivationFrame,commitReady,allReactivated,reactivatedCount,finalSuppressedCount,prepareBudgetExhausted,commitBudgetExhausted,motionStartSec,motionLatencySec,motionGateExact,capsuleMaximumRatio,capsuleBoundSatisfied,maxCommandPairDeviation,maxLeaderPairDeviation,maxOtherPairDeviation,actualPhysicalSubset,actualSenderSubset,actualSubsetCheckSamples,emergencyEnabled,emergencyParallelMode,emergencyMappingExact,emergencySuppressedDemand,emergencyOpportunities,emergencyMinimumNodeOpportunities,emergencyMaximumNodeOpportunities,emergencyRecipientSuccess,emergencyRecipientErasure,emergencyRecipientCollision,kernelCollisionFrames,expectedCollisionRecipients,observedCollisionFrames,dataOutcomeMismatches,dataSkippedNoQueue,crossPlaneOverlaps,expectedDataSuccess,observedDataSuccess,expectedDataErasure,observedDataErasure,controlAttempts,expectedControlAttempts,controlBytes,controlAirtime,expectedControlAirtime,clockConflictFree,clockResidual,futureRandomReads,receiverTruthReads,RMSE,MISSION_RMSE,MINSEP,SAFEFAIL,DIVERGED,DATA_AIRTIME,MANAGEMENT_AIRTIME,TOTAL_COST
periodic-iid20,periodic,none,16094101,1453797,NaN,NaN,NaN,NaN,NaN,NaN,NaN,NaN,NaN,NaN,NaN,NaN,NaN,NaN,NaN,NaN,NaN,NaN,NaN,NaN,NaN,NaN,NaN,NaN,NaN,NaN,NaN,NaN,NaN,NaN,NaN,NaN,NaN,NaN,NaN,NaN,NaN,NaN,NaN,NaN,NaN,NaN,NaN,NaN,NaN,NaN,NaN,NaN,NaN,NaN,NaN,NaN,NaN,NaN,NaN,NaN,NaN,NaN,NaN,NaN,NaN,NaN,NaN,NaN,NaN,NaN,NaN,NaN,NaN,0.101487902766118,0.0985306106281078,1.05213435060035,0,0,2.70028799999998,0,0.257170285714283
closure-iid20-emergency,closure,none,16094101,1453797,14768997,14768997,0,1741429,610566,18814865255,51667976,656266242,303395246,303395246,1,1,3,1,4,1,1,48,56,1,1,1,32,1,1,4,0,0,0,6.66488146117845,0.664881461178446,1,0.974364958914312,1,0.116794231255882,0.204616641372006,0.102320872253384,1,1,226,1,1,1,28,28,6,8,45,11,0,0,0,0,0,0,0,974,974,274,274,111,111,3760,0.12032,0.12032,1,4.44089209850063e-16,0,0,0.147531952247656,0.146891257395348,1.03440018105521,0,0,1.47455999999999,0.12032,0.151893333333332
closure-response-blackout-emergency,closure,response-blackout,16094101,1453797,14768997,14768997,0,1741429,610566,18567468763,50381175,656374568,303395246,303395246,1,1,3,1,4,1,1,48,56,1,1,1,32,0,0,0,4,0,0,6.66488146117845,0.664881461178446,1,0.974429956412754,1,0.117431438146898,0.204630290846678,0.102434526968493,1,1,226,1,1,1,78,78,18,20,124,32,0,0,0,0,0,0,0,970,970,278,278,192,192,7652,0.244864,0.244864,1,4.44089209850063e-16,0,0,0.147241807156055,0.14656584523779,1.03300222009112,0,0,1.47455999999999,0.244864,0.163754666666666
closure-response-blackout-no-emergency,closure,response-blackout,16094101,1453797,14768997,14768997,0,1741429,610566,18567468763,50381175,486845150,303395246,303395246,1,1,3,1,4,1,1,48,56,1,1,1,32,0,0,0,4,0,0,6.66488146117845,0.664881461178446,1,4.50823431153629,0,0.293006809898267,0.543835108334359,0.495905774268992,1,1,226,0,0,1,78,0,0,0,0,0,0,0,0,0,0,0,0,846,846,246,246,192,192,7652,0.244864,0.244864,1,4.44089209850063e-16,0,0,0.252817554627414,0.261848593964649,0.666020635232604,0,0,1.23494399999999,0.244864,0.140934095238095
closure-prepare-blackout-emergency,closure,prepare-blackout,16094101,1453797,14768997,14768997,0,1741429,610566,18791309891,49657831,656290836,303395246,303395246,1,1,3,1,4,1,1,48,56,1,0,0,NaN,0,0,0,3,1,0,NaN,NaN,1,0.974850554412015,1,0.110762042357489,0.204718616426523,0.102518499879464,1,1,226,1,1,1,58,58,0,20,91,25,0,0,0,0,0,0,0,973,973,275,275,21,21,696,0.022272,0.022272,1,4.44089209850063e-16,0,0,0.143493509439933,0.152529479408312,1.05633963101174,0,0,1.47455999999999,0.022272,0.142555428571428
closure-commit-blackout-emergency,closure,commit-blackout,16094101,1453797,14768997,14768997,0,1741429,610566,18740057090,51101601,655901793,303395246,303395246,1,1,3,1,4,1,1,48,56,1,1,1,32,1,0,1,3,0,1,6.66488146117845,0.664881461178446,1,0.974547073670907,1,0.117060799126327,0.204654885470891,0.102458622916078,1,1,226,1,1,1,65,65,7,20,102,28,0,0,0,0,0,0,0,968,968,280,280,115,115,3872,0.123904,0.123904,1,4.44089209850063e-16,0,0,0.147617535489628,0.146984252789812,1.03488008998099,0,0,1.47455999999999,0.123904,0.152234666666666
periodic-iid20,periodic,none,16094102,1182248,NaN,NaN,NaN,NaN,NaN,NaN,NaN,NaN,NaN,NaN,NaN,NaN,NaN,NaN,NaN,NaN,NaN,NaN,NaN,NaN,NaN,NaN,NaN,NaN,NaN,NaN,NaN,NaN,NaN,NaN,NaN,NaN,NaN,NaN,NaN,NaN,NaN,NaN,NaN,NaN,NaN,NaN,NaN,NaN,NaN,NaN,NaN,NaN,NaN,NaN,NaN,NaN,NaN,NaN,NaN,NaN,NaN,NaN,NaN,NaN,NaN,NaN,NaN,NaN,NaN,NaN,NaN,NaN,NaN,0.101860586674724,0.0978166835197697,1.06430004322723,0,0,2.70028799999998,0,0.257170285714283
closure-iid20-emergency,closure,none,16094102,1182248,12503877,12503877,0,1437482,610566,18715053230,51665722,656983127,303370046,303370046,1,1,3,1,4,1,1,48,56,1,1,1,30,1,1,4,0,0,0,6.23488910884435,0.234889108844352,1,1.01505423851594,0,0.12492132973785,0.206882733994439,0.111655966236754,1,1,226,1,1,1,24,24,6,6,39,9,0,0,0,0,0,0,0,979,979,269,269,104,104,3722,0.119104,0.119104,1,4.44089209850063e-16,0,0,0.142302682570575,0.140098873220744,1.02506456384531,0,0,1.47455999999999,0.119104,0.151777523809523
closure-response-blackout-emergency,closure,response-blackout,16094102,1182248,12503877,12503877,0,1437482,610566,18467656738,50636916,656997156,303370046,303370046,1,1,3,1,4,1,1,48,56,1,1,1,30,0,0,0,4,0,0,6.23488910884435,0.234889108844352,1,1.03986417854285,0,0.125141698926393,0.206382518439847,0.114385059639714,1,1,226,1,1,1,80,80,20,20,133,27,0,0,0,0,0,0,0,990,990,258,258,185,185,7432,0.237824,0.237824,1,4.44089209850063e-16,0,0,0.139591001008546,0.137032174726345,1.05063744269257,0,0,1.47455999999999,0.237824,0.163084190476189
closure-response-blackout-no-emergency,closure,response-blackout,16094102,1182248,12503877,12503877,0,1437482,610566,18467656738,50636916,483792832,303370046,303370046,1,1,3,1,4,1,1,48,56,1,1,1,30,0,0,0,4,0,0,6.23488910884435,0.234889108844352,1,4.42291334121513,0,0.274979219123396,0.546765612674988,0.486520467533665,1,1,226,0,0,1,80,0,0,0,0,0,0,0,0,0,0,0,0,857,857,231,231,185,185,7432,0.237824,0.237824,1,4.44089209850063e-16,0,0,0.254938175631381,0.263404739632137,0.666956860797212,0,0,1.22879999999999,0.237824,0.139678476190475
closure-prepare-blackout-emergency,closure,prepare-blackout,16094102,1182248,12503877,12503877,0,1437482,610566,18691330389,49758713,656930754,303370046,303370046,1,1,3,1,4,1,1,48,56,1,0,0,NaN,0,0,0,3,1,0,NaN,NaN,1,1.03409844620612,0,0.109711330112103,0.206320788076032,0.113750829082674,1,1,226,1,1,1,60,60,0,20,98,22,0,0,0,0,0,0,0,985,985,263,263,22,22,720,0.02304,0.02304,1,4.44089209850063e-16,0,0,0.136732995519206,0.145211573633325,1.04754806296766,0,0,1.47455999999999,0.02304,0.14262857142857
closure-commit-blackout-emergency,closure,commit-blackout,16094102,1182248,12503877,12503877,0,1437482,610566,18643783571,51213940,656510958,303370046,303370046,1,1,3,1,4,1,1,48,56,1,1,1,30,1,0,1,3,0,1,6.23488910884435,0.234889108844352,1,1.03956958795197,0,0.12537509246939,0.206313040175925,0.114352654674717,1,1,226,1,1,1,66,66,6,20,110,22,0,0,0,0,0,0,0,989,989,259,259,109,109,3862,0.123584,0.123584,1,4.44089209850063e-16,0,0,0.139714529425364,0.137171504423173,1.043691459983,0,0,1.47455999999999,0.123584,0.152204190476189
periodic-iid20,periodic,none,16094103,744835,NaN,NaN,NaN,NaN,NaN,NaN,NaN,NaN,NaN,NaN,NaN,NaN,NaN,NaN,NaN,NaN,NaN,NaN,NaN,NaN,NaN,NaN,NaN,NaN,NaN,NaN,NaN,NaN,NaN,NaN,NaN,NaN,NaN,NaN,NaN,NaN,NaN,NaN,NaN,NaN,NaN,NaN,NaN,NaN,NaN,NaN,NaN,NaN,NaN,NaN,NaN,NaN,NaN,NaN,NaN,NaN,NaN,NaN,NaN,NaN,NaN,NaN,NaN,NaN,NaN,NaN,NaN,NaN,NaN,0.0971220587446339,0.0943531816283436,1.06600834687065,0,0,2.70335999999998,0,0.257462857142855
closure-iid20-emergency,closure,none,16094103,744835,14027225,14027225,0,1721737,610566,18806258031,51526287,656655109,303375646,303375646,1,1,3,1,4,1,1,48,56,1,1,1,32,1,1,4,0,0,0,6.66488146117845,0.664881461178446,1,1.02796188598308,0,0.129209294534132,0.209833641303413,0.113075807458139,1,1,226,1,1,1,28,28,6,9,46,10,0,0,0,0,0,0,0,995,995,253,253,110,110,3724,0.119168,0.119168,1,4.44089209850063e-16,0,0,0.141839779596665,0.140249351491725,1.02895453510215,0,0,1.47455999999999,0.119168,0.151783619047618
closure-response-blackout-emergency,closure,response-blackout,16094103,744835,14027225,14027225,0,1721737,610566,18558861539,51048217,656909444,303375646,303375646,1,1,3,1,4,1,1,48,56,1,1,1,32,0,0,0,4,0,0,6.66488146117845,0.664881461178446,1,1.04397156477739,0,0.128826176877604,0.210091963188057,0.114836872125513,1,1,226,1,1,1,78,78,19,20,129,27,0,0,0,0,0,0,0,1004,1004,244,244,190,190,7548,0.241536,0.241536,1,8.88178419700125e-16,0,0,0.139467614296815,0.137583456040274,1.0424597454679,0,0,1.47455999999999,0.241536,0.163437714285713
closure-response-blackout-no-emergency,closure,response-blackout,16094103,744835,14027225,14027225,0,1721737,610566,18558861539,51048217,486702273,303375646,303375646,1,1,3,1,4,1,1,48,56,1,1,1,32,0,0,0,4,0,0,6.66488146117845,0.664881461178446,1,4.46993063825026,0,0.309781345499878,0.539171503432091,0.491692370207528,1,1,226,0,0,1,78,0,0,0,0,0,0,0,0,0,0,0,0,875,875,217,217,190,190,7548,0.241536,0.241536,1,8.88178419700125e-16,0,0,0.247542333875838,0.255934426206954,0.669685930028499,0,0,1.23494399999999,0.241536,0.140617142857142
closure-prepare-blackout-emergency,closure,prepare-blackout,16094103,744835,14027225,14027225,0,1721737,610566,18777573034,49394133,656803875,303375646,303375646,1,1,3,1,4,1,1,48,56,1,0,0,NaN,0,0,0,3,1,0,NaN,NaN,1,1.03390869341137,0,0.108722520303912,0.209578802655708,0.11372995627525,1,1,226,1,1,1,59,59,0,20,98,20,0,0,0,0,0,0,0,1002,1002,246,246,18,18,624,0.019968,0.019968,1,4.44089209850063e-16,0,0,0.13753358560821,0.145712952910146,1.06985729478281,0,0,1.47455999999999,0.019968,0.142335999999999
closure-commit-blackout-emergency,closure,commit-blackout,16094103,744835,14027225,14027225,0,1721737,610566,18732396663,50851568,656280221,303375646,303375646,1,1,3,1,4,1,1,48,56,1,1,1,32,1,0,1,3,0,1,6.66488146117845,0.664881461178446,1,1.05049213827133,0,0.1280031818374,0.210478939459108,0.115554135209847,1,1,226,1,1,1,65,65,7,20,108,22,0,0,0,0,0,0,0,1003,1003,245,245,113,113,3808,0.121856,0.121856,1,4.44089209850063e-16,0,0,0.138886608293308,0.136927847688002,1.03962864274518,0,0,1.47455999999999,0.121856,0.152039619047618
periodic-iid20,periodic,none,16094104,1080777,NaN,NaN,NaN,NaN,NaN,NaN,NaN,NaN,NaN,NaN,NaN,NaN,NaN,NaN,NaN,NaN,NaN,NaN,NaN,NaN,NaN,NaN,NaN,NaN,NaN,NaN,NaN,NaN,NaN,NaN,NaN,NaN,NaN,NaN,NaN,NaN,NaN,NaN,NaN,NaN,NaN,NaN,NaN,NaN,NaN,NaN,NaN,NaN,NaN,NaN,NaN,NaN,NaN,NaN,NaN,NaN,NaN,NaN,NaN,NaN,NaN,NaN,NaN,NaN,NaN,NaN,NaN,NaN,NaN,0.101449540594879,0.0979496119070941,1.06531579880256,0,0,2.70335999999998,0,0.257462857142855
closure-iid20-emergency,closure,none,16094104,1080777,12951561,12951561,0,1638512,610566,18775398156,51110503,656347419,303333646,303333646,1,1,3,1,4,1,1,48,56,1,1,1,31,1,1,4,0,0,0,6.4498852850114,0.449885285011399,1,0.862515888220502,1,0.104230413217922,0.181128336526305,0.0893337303281807,1,1,226,1,1,1,32,32,6,12,44,20,0,0,0,0,0,0,0,1008,1008,240,240,121,121,4162,0.133184,0.133184,1,8.88178419700125e-16,0,0,0.142813265256409,0.142561971721566,1.05104603085473,0,0,1.47455999999999,0.133184,0.153118476190475
closure-response-blackout-emergency,closure,response-blackout,16094104,1080777,12951561,12951561,0,1638512,610566,18528001664,50983476,656474498,303333646,303333646,1,1,3,1,4,1,1,48,56,1,1,1,31,0,0,0,4,0,0,6.4498852850114,0.449885285011399,1,0.863918185078117,1,0.104367027535717,0.181422818866405,0.0894687223377246,1,1,226,1,1,1,79,79,19,20,118,40,0,0,0,0,0,0,0,1004,1004,244,244,191,191,7526,0.240832,0.240832,1,8.88178419700125e-16,0,0,0.142959679683164,0.14272464447905,1.05148724024355,0,0,1.47455999999999,0.240832,0.163370666666666
closure-response-blackout-no-emergency,closure,response-blackout,16094104,1080777,12951561,12951561,0,1638512,610566,18528001664,50983476,485208304,303333646,303333646,1,1,3,1,4,1,1,48,56,1,1,1,31,0,0,0,4,0,0,6.4498852850114,0.449885285011399,1,4.79354723995826,0,0.311284008572959,0.565803188481054,0.527290196395408,1,1,226,0,0,1,79,0,0,0,0,0,0,0,0,0,0,0,0,886,886,204,204,191,191,7526,0.240832,0.240832,1,8.88178419700125e-16,0,0,0.253915110136875,0.263352775628611,0.665526637551095,0,0,1.23187199999999,0.240832,0.140257523809523
closure-prepare-blackout-emergency,closure,prepare-blackout,16094104,1080777,12951561,12951561,0,1638512,610566,18749273668,49571947,656736944,303333646,303333646,1,1,3,1,4,1,1,48,56,1,0,0,NaN,0,0,0,3,1,0,NaN,NaN,1,0.864241800052361,1,0.0959250242912793,0.181490778010996,0.0895345775369044,1,1,226,1,1,1,59,59,0,20,88,30,0,0,0,0,0,0,0,1007,1007,241,241,20,20,672,0.021504,0.021504,1,4.44089209850063e-16,0,0,0.138961152868654,0.148876966532706,1.05717722122617,0,0,1.47455999999999,0.021504,0.142482285714285
closure-commit-blackout-emergency,closure,commit-blackout,16094104,1080777,12951561,12951561,0,1638512,610566,18704967679,51177172,656150772,303333646,303333646,1,1,3,1,4,1,1,48,56,1,1,1,31,1,0,1,3,0,1,6.4498852850114,0.449885285011399,1,0.863928173986603,1,0.104531207819495,0.181424916537187,0.0894709298919615,1,1,226,1,1,1,66,66,7,20,99,33,0,0,0,0,0,0,0,1006,1006,242,242,121,121,4162,0.133184,0.133184,1,8.88178419700125e-16,0,0,0.142959177405989,0.14272434324294,1.05095830463155,0,0,1.47455999999999,0.133184,0.153118476190475
periodic-iid20,periodic,none,16094105,1527248,NaN,NaN,NaN,NaN,NaN,NaN,NaN,NaN,NaN,NaN,NaN,NaN,NaN,NaN,NaN,NaN,NaN,NaN,NaN,NaN,NaN,NaN,NaN,NaN,NaN,NaN,NaN,NaN,NaN,NaN,NaN,NaN,NaN,NaN,NaN,NaN,NaN,NaN,NaN,NaN,NaN,NaN,NaN,NaN,NaN,NaN,NaN,NaN,NaN,NaN,NaN,NaN,NaN,NaN,NaN,NaN,NaN,NaN,NaN,NaN,NaN,NaN,NaN,NaN,NaN,NaN,NaN,NaN,NaN,0.0993823478498073,0.0956872007627547,1.0571357110595,0,0,2.70335999999998,0,0.257462857142855
closure-iid20-emergency,closure,none,16094105,1527248,12462601,12462601,0,1432485,610566,18660267531,51636305,657184428,303364446,303364446,1,1,3,1,4,1,1,48,56,1,1,1,31,1,1,4,0,0,0,6.4498852850114,0.449885285011399,1,1.0263560045944,0,0.109164730565379,0.200658345994819,0.112899160505383,1,1,226,1,1,1,30,30,7,9,52,8,0,0,0,0,0,0,0,1008,1008,240,240,115,115,4020,0.12864,0.12864,1,4.44089209850063e-16,0,0,0.138641704039609,0.13650072424966,1.03412046693117,0,0,1.47455999999999,0.12864,0.152685714285713
closure-response-blackout-emergency,closure,response-blackout,16094105,1527248,12462601,12462601,0,1432485,610566,18412871039,50802156,656286805,303364446,303364446,1,1,3,1,4,1,1,48,56,1,1,1,31,0,0,0,4,0,0,6.4498852850114,0.449885285011399,1,1.03081370447664,0,0.109324101777551,0.200434798474875,0.11338950749243,1,1,226,1,1,1,80,80,20,20,137,23,0,0,0,0,0,0,0,1005,1005,243,243,188,188,7478,0.239296,0.239296,1,8.88178419700125e-16,0,0,0.138209367876791,0.136013191940991,1.03355972724901,0,0,1.47455999999999,0.239296,0.16322438095238
closure-response-blackout-no-emergency,closure,response-blackout,16094105,1527248,12462601,12462601,0,1432485,610566,18412871039,50802156,484211673,303364446,303364446,1,1,3,1,4,1,1,48,56,1,1,1,31,0,0,0,4,0,0,6.4498852850114,0.449885285011399,1,4.43667540105304,0,0.300525989857082,0.537083534427051,0.488034294115834,1,1,226,0,0,1,80,0,0,0,0,0,0,0,0,0,0,0,0,868,868,220,220,188,188,7478,0.239296,0.239296,1,8.88178419700125e-16,0,0,0.257923406128412,0.266968865255606,0.664121545933979,0,0,1.22879999999999,0.239296,0.139818666666666
closure-prepare-blackout-emergency,closure,prepare-blackout,16094105,1527248,12462601,12462601,0,1432485,610566,18632460553,49666497,657060488,303364446,303364446,1,1,3,1,4,1,1,48,56,1,0,0,NaN,0,0,0,3,1,0,NaN,NaN,1,1.01928565572589,0,0.113510512180504,0.199976122984464,0.112121422129848,1,1,226,1,1,1,60,60,0,20,104,16,0,0,0,0,0,0,0,1002,1002,246,246,21,21,696,0.022272,0.022272,1,4.44089209850063e-16,0,0,0.135544487933666,0.144241546470323,1.0647068123054,0,0,1.47455999999999,0.022272,0.142555428571428
closure-commit-blackout-emergency,closure,commit-blackout,16094105,1527248,12462601,12462601,0,1432485,610566,18595190019,50961586,656383123,303364446,303364446,1,1,3,1,4,1,1,48,56,1,1,1,31,1,0,1,3,0,1,6.4498852850114,0.449885285011399,1,1.03599540841284,0,0.10932360060734,0.200714991924597,0.113959494925412,1,1,226,1,1,1,67,67,7,20,115,19,0,0,0,0,0,0,0,1006,1006,242,242,118,118,4104,0.131328,0.131328,1,4.44089209850063e-16,0,0,0.138200169945839,0.136003105203896,1.03251870816087,0,0,1.47455999999999,0.131328,0.152941714285713
periodic-iid20,periodic,none,16094106,1283823,NaN,NaN,NaN,NaN,NaN,NaN,NaN,NaN,NaN,NaN,NaN,NaN,NaN,NaN,NaN,NaN,NaN,NaN,NaN,NaN,NaN,NaN,NaN,NaN,NaN,NaN,NaN,NaN,NaN,NaN,NaN,NaN,NaN,NaN,NaN,NaN,NaN,NaN,NaN,NaN,NaN,NaN,NaN,NaN,NaN,NaN,NaN,NaN,NaN,NaN,NaN,NaN,NaN,NaN,NaN,NaN,NaN,NaN,NaN,NaN,NaN,NaN,NaN,NaN,NaN,NaN,NaN,NaN,NaN,0.101168782427756,0.098031070326844,1.05843081496962,0,0,2.70028799999998,0,0.257170285714283
closure-iid20-emergency,closure,none,16094106,1283823,12969725,12969725,0,1525428,610566,18737673558,51154071,656763139,303350446,303350446,1,1,3,1,4,1,1,48,56,1,1,1,32,1,1,4,0,0,0,6.66488146117845,0.664881461178446,1,0.984979850575332,1,0.148045958380236,0.20250489466297,0.108347783563286,1,1,226,1,1,1,31,31,6,9,47,15,0,0,0,0,0,0,0,1011,1011,237,237,120,120,4196,0.134272,0.134272,1,1.11022302462516e-16,0,0,0.141504034703912,0.140898807995732,1.0081947830791,0,0,1.47455999999999,0.134272,0.153222095238094
closure-response-blackout-emergency,closure,response-blackout,16094106,1283823,12969725,12969725,0,1525428,610566,18490277066,50401811,657295617,303350446,303350446,1,1,3,1,4,1,1,48,56,1,1,1,32,0,0,0,4,0,0,6.66488146117845,0.664881461178446,1,0.985562512622288,1,0.147991806793921,0.202542844907069,0.108411876388452,1,1,226,1,1,1,78,78,18,20,123,33,0,0,0,0,0,0,0,1006,1006,242,242,193,193,7656,0.244992,0.244992,1,1.11022302462516e-16,0,0,0.139901634325165,0.139112194917939,1.03233885603967,0,0,1.47455999999999,0.244992,0.163766857142856
closure-response-blackout-no-emergency,closure,response-blackout,16094106,1283823,12969725,12969725,0,1525428,610566,18490277066,50401811,488068475,303350446,303350446,1,1,3,1,4,1,1,48,56,1,1,1,32,0,0,0,4,0,0,6.66488146117845,0.664881461178446,1,4.7275856673939,0,0.332541528264474,0.558759958561684,0.520034423413329,1,1,226,0,0,1,78,0,0,0,0,0,0,0,0,0,0,0,0,883,883,209,209,193,193,7656,0.244992,0.244992,1,1.11022302462516e-16,0,0,0.246641318077661,0.255486745821956,0.659833624831842,0,0,1.23494399999999,0.244992,0.140946285714285
closure-prepare-blackout-emergency,closure,prepare-blackout,16094106,1283823,12969725,12969725,0,1525428,610566,18713936282,49848787,657533625,303350446,303350446,1,1,3,1,4,1,1,48,56,1,0,0,NaN,0,0,0,3,1,0,NaN,NaN,1,0.986788750490525,1,0.112066510121581,0.202687228978628,0.108546762553958,1,1,226,1,1,1,60,60,0,20,95,25,0,0,0,0,0,0,0,1008,1008,240,240,23,23,744,0.023808,0.023808,1,1.11022302462516e-16,0,0,0.135851818415419,0.145150731900153,1.03677546203407,0,0,1.47455999999999,0.023808,0.142701714285713
closure-commit-blackout-emergency,closure,commit-blackout,16094106,1283823,12969725,12969725,0,1525428,610566,18672606469,51635309,657537335,303350446,303350446,1,1,3,1,4,1,1,48,56,1,1,1,32,1,0,1,3,0,1,6.66488146117845,0.664881461178446,1,0.985129846098828,1,0.147737138954322,0.202503421185865,0.108364283070871,1,1,226,1,1,1,66,66,8,20,102,30,0,0,0,0,0,0,0,1005,1005,243,243,124,124,4308,0.137856,0.137856,1,1.11022302462516e-16,0,0,0.141249526213377,0.140616543669843,1.0141736055852,0,0,1.47455999999999,0.137856,0.153563428571428
periodic-iid20,periodic,none,16094107,1099215,NaN,NaN,NaN,NaN,NaN,NaN,NaN,NaN,NaN,NaN,NaN,NaN,NaN,NaN,NaN,NaN,NaN,NaN,NaN,NaN,NaN,NaN,NaN,NaN,NaN,NaN,NaN,NaN,NaN,NaN,NaN,NaN,NaN,NaN,NaN,NaN,NaN,NaN,NaN,NaN,NaN,NaN,NaN,NaN,NaN,NaN,NaN,NaN,NaN,NaN,NaN,NaN,NaN,NaN,NaN,NaN,NaN,NaN,NaN,NaN,NaN,NaN,NaN,NaN,NaN,NaN,NaN,NaN,NaN,0.100327721589157,0.0968462996214944,1.06276333426165,0,0,2.70335999999998,0,0.257462857142855
closure-iid20-emergency,closure,none,16094107,1099215,12500567,12500567,0,1168473,591631,18770150282,47333871,655980535,303344846,303344846,1,1,1,1,3,1,1,44,56,1,1,1,31,1,1,3,0,0,0,6.4498852850114,0.449885285011399,1,1.10031528945396,0,0.142922779345273,0.221262277026764,0.121034681839936,1,1,226,1,1,1,16,16,5,6,27,5,0,0,0,0,0,0,0,1002,1002,246,246,111,111,3442,0.110144,0.110144,1,8.88178419700125e-16,0,0,0.143366499992723,0.141468185112418,1.04310982121116,0,0,1.47455999999999,0.110144,0.150924190476189
closure-response-blackout-emergency,closure,response-blackout,16094107,1099215,12500567,12500567,0,1168473,591631,18522460082,46745356,656571144,303344846,303344846,1,1,1,1,3,1,1,44,56,1,1,1,31,0,0,0,3,0,0,6.4498852850114,0.449885285011399,1,1.09099729474799,0,0.139940106112688,0.220406263471261,0.120009702422279,1,1,226,1,1,1,60,60,20,20,101,19,0,0,0,0,0,0,0,1007,1007,241,241,193,193,7068,0.226176,0.226176,1,8.88178419700125e-16,0,0,0.144227737948549,0.142440565428715,1.03970986912499,0,0,1.47455999999999,0.226176,0.161974857142856
closure-response-blackout-no-emergency,closure,response-blackout,16094107,1099215,12500567,12500567,0,1168473,591631,18522460082,46745356,520318279,303344846,303344846,1,1,1,1,3,1,1,44,56,1,1,1,31,0,0,0,3,0,0,6.4498852850114,0.449885285011399,1,4.45506007374978,0,0.27227347171457,0.527179506210349,0.490056608112475,1,1,226,0,0,1,60,0,0,0,0,0,0,0,0,0,0,0,0,906,906,222,222,193,193,7068,0.226176,0.226176,1,8.88178419700125e-16,0,0,0.23393323309306,0.240958022175296,0.684650222093996,0,0,1.29023999999999,0.226176,0.144420571428571
closure-prepare-blackout-emergency,closure,prepare-blackout,16094107,1099215,12500567,12500567,0,1168473,591631,18745468029,46425094,656971254,303344846,303344846,1,1,1,1,3,1,1,44,56,1,0,0,NaN,0,0,0,2,1,0,NaN,NaN,1,1.09116369707413,0,0.130489796340164,0.220436104497606,0.120028006678154,1,1,226,1,1,1,40,40,0,20,64,16,0,0,0,0,0,0,0,1003,1003,245,245,16,16,544,0.017408,0.017408,1,4.44089209850063e-16,0,0,0.14188479587048,0.149962780419831,1.05628732592305,0,0,1.47455999999999,0.017408,0.14209219047619
closure-commit-blackout-emergency,closure,commit-blackout,16094107,1099215,12500567,12500567,0,1168473,591631,18729903174,47803232,656461840,303344846,303344846,1,1,1,1,3,1,1,44,56,1,1,1,31,1,0,1,2,0,1,6.4498852850114,0.449885285011399,1,1.09096892411871,0,0.139389495296568,0.220405636293824,0.120006581653058,1,1,226,1,1,1,45,45,5,20,74,16,0,0,0,0,0,0,0,1000,1000,248,248,115,115,3554,0.113728,0.113728,1,8.88178419700125e-16,0,0,0.144352346938781,0.142576747881754,1.03987230559149,0,0,1.47455999999999,0.113728,0.151265523809523
periodic-iid20,periodic,none,16094108,863961,NaN,NaN,NaN,NaN,NaN,NaN,NaN,NaN,NaN,NaN,NaN,NaN,NaN,NaN,NaN,NaN,NaN,NaN,NaN,NaN,NaN,NaN,NaN,NaN,NaN,NaN,NaN,NaN,NaN,NaN,NaN,NaN,NaN,NaN,NaN,NaN,NaN,NaN,NaN,NaN,NaN,NaN,NaN,NaN,NaN,NaN,NaN,NaN,NaN,NaN,NaN,NaN,NaN,NaN,NaN,NaN,NaN,NaN,NaN,NaN,NaN,NaN,NaN,NaN,NaN,NaN,NaN,NaN,NaN,0.101497724963979,0.0986525778691434,1.06584741081562,0,0,2.70335999999998,0,0.257462857142855
closure-iid20-emergency,closure,none,16094108,863961,13336804,13336804,0,1867928,610566,18822254320,51359775,657010582,303392446,303392446,1,1,3,1,4,1,1,48,56,1,1,1,31,1,1,4,0,0,0,6.4498852850114,0.449885285011399,1,1.07988706209045,0,0.110982082582166,0.209144480487412,0.118787576829949,1,1,226,1,1,1,28,28,6,8,47,9,0,0,0,0,0,0,0,971,971,277,277,112,112,3940,0.12608,0.12608,1,4.44089209850063e-16,0,0,0.149219087932246,0.147830970461382,1.0489266216998,0,0,1.47455999999999,0.12608,0.152441904761904
closure-response-blackout-emergency,closure,response-blackout,16094108,863961,13336804,13336804,0,1867928,610566,18574857828,50128389,657273662,303392446,303392446,1,1,3,1,4,1,1,48,56,1,1,1,31,0,0,0,4,0,0,6.4498852850114,0.449885285011399,1,1.0947353996378,0,0.111031385523906,0.209469055461238,0.120420893960158,1,1,226,1,1,1,79,79,19,20,131,27,0,0,0,0,0,0,0,978,978,270,270,190,190,7580,0.24256,0.24256,1,8.88178419700125e-16,0,0,0.148009541354043,0.146477214763358,1.05350026069215,0,0,1.47455999999999,0.24256,0.163535238095237
closure-response-blackout-no-emergency,closure,response-blackout,16094108,863961,13336804,13336804,0,1867928,610566,18574857828,50128389,485782024,303392446,303392446,1,1,3,1,4,1,1,48,56,1,1,1,31,0,0,0,4,0,0,6.4498852850114,0.449885285011399,1,4.17972968781091,0,0.29436503561599,0.530432779076355,0.4597702656592,1,1,226,0,0,1,79,0,0,0,0,0,0,0,0,0,0,0,0,847,847,243,243,190,190,7580,0.24256,0.24256,1,8.88178419700125e-16,0,0,0.255601775248359,0.264135344698766,0.668302629490647,0,0,1.23187199999999,0.24256,0.140422095238095
closure-prepare-blackout-emergency,closure,prepare-blackout,16094108,863961,13336804,13336804,0,1867928,610566,18800168870,49758713,656325218,303392446,303392446,1,1,3,1,4,1,1,48,56,1,0,0,NaN,0,0,0,3,1,0,NaN,NaN,1,1.09439502628141,0,0.10567606832307,0.209450520610527,0.120383452890955,1,1,226,1,1,1,60,60,0,20,100,20,0,0,0,0,0,0,0,977,977,271,271,22,22,720,0.02304,0.02304,1,4.44089209850063e-16,0,0,0.145223283784442,0.153791670147783,1.05567860099018,0,0,1.47455999999999,0.02304,0.14262857142857
closure-commit-blackout-emergency,closure,commit-blackout,16094108,863961,13336804,13336804,0,1867928,610566,18747648945,51842453,656519063,303392446,303392446,1,1,3,1,4,1,1,48,56,1,1,1,31,1,0,1,3,0,1,6.4498852850114,0.449885285011399,1,1.09503332008764,0,0.110683810074339,0.209482530908222,0.12045366520964,1,1,226,1,1,1,66,66,7,20,109,23,0,0,0,0,0,0,0,975,975,273,273,116,116,4052,0.129664,0.129664,1,4.44089209850063e-16,0,0,0.147764569233678,0.146201964387577,1.05191991542114,0,0,1.47455999999999,0.129664,0.152783238095237
periodic-iid20,periodic,none,16094109,1093188,NaN,NaN,NaN,NaN,NaN,NaN,NaN,NaN,NaN,NaN,NaN,NaN,NaN,NaN,NaN,NaN,NaN,NaN,NaN,NaN,NaN,NaN,NaN,NaN,NaN,NaN,NaN,NaN,NaN,NaN,NaN,NaN,NaN,NaN,NaN,NaN,NaN,NaN,NaN,NaN,NaN,NaN,NaN,NaN,NaN,NaN,NaN,NaN,NaN,NaN,NaN,NaN,NaN,NaN,NaN,NaN,NaN,NaN,NaN,NaN,NaN,NaN,NaN,NaN,NaN,NaN,NaN,NaN,NaN,0.10074822685764,0.0972970401073504,1.06493062094941,0,0,2.70028799999998,0,0.257170285714283
closure-iid20-emergency,closure,none,16094109,1093188,13730699,13730699,0,1117334,610566,18798706077,51104077,656473942,303322446,303322446,1,1,3,1,4,1,1,48,56,1,1,1,30,1,1,4,0,0,0,6.23488910884435,0.234889108844352,1,1.12154514438175,0,0.131926503765614,0.216575065457311,0.123369965881992,1,1,226,1,1,1,21,21,5,6,31,11,0,0,0,0,0,0,0,1006,1006,242,242,106,106,3572,0.114304,0.114304,1,8.88178419700125e-16,0,0,0.145040809767045,0.142179185011955,1.02359707977718,0,0,1.47455999999999,0.114304,0.15132038095238
closure-response-blackout-emergency,closure,response-blackout,16094109,1093188,13730699,13730699,0,1117334,610566,18551309585,50456766,656600683,303322446,303322446,1,1,3,1,4,1,1,48,56,1,1,1,30,0,0,0,4,0,0,6.23488910884435,0.234889108844352,1,1.11986674589098,0,0.132842975830869,0.216242727150953,0.123185342048008,1,1,226,1,1,1,80,80,20,20,123,37,0,0,0,0,0,0,0,1004,1004,244,244,185,185,7382,0.236224,0.236224,1,8.88178419700125e-16,0,0,0.145071049731382,0.142214883918031,1.02276204873293,0,0,1.47455999999999,0.236224,0.162931809523809
closure-response-blackout-no-emergency,closure,response-blackout,16094109,1093188,13730699,13730699,0,1117334,610566,18551309585,50456766,483744801,303322446,303322446,1,1,3,1,4,1,1,48,56,1,1,1,30,0,0,0,4,0,0,6.23488910884435,0.234889108844352,1,4.41798646980202,0,0.282291289518707,0.543346828439315,0.485978511678222,1,1,226,0,0,1,80,0,0,0,0,0,0,0,0,0,0,0,0,881,881,207,207,185,185,7382,0.236224,0.236224,1,8.88178419700125e-16,0,0,0.259450940534243,0.267689778420313,0.66759434244474,0,0,1.22879999999999,0.236224,0.139526095238095
closure-prepare-blackout-emergency,closure,prepare-blackout,16094109,1093188,13730699,13730699,0,1117334,610566,18771862601,49758713,656186633,303322446,303322446,1,1,3,1,4,1,1,48,56,1,0,0,NaN,0,0,0,3,1,0,NaN,NaN,1,1.1215030537554,0,0.112824789948482,0.216418469692076,0.123365335913094,1,1,226,1,1,1,60,60,0,20,95,25,0,0,0,0,0,0,0,1005,1005,243,243,22,22,720,0.02304,0.02304,1,1.11022302462516e-16,0,0,0.140954638996585,0.149831682372913,1.0641936609053,0,0,1.47455999999999,0.02304,0.14262857142857
closure-commit-blackout-emergency,closure,commit-blackout,16094109,1093188,13730699,13730699,0,1117334,610566,18726105868,51601191,656305816,303322446,303322446,1,1,3,1,4,1,1,48,56,1,1,1,30,1,0,1,3,0,1,6.23488910884435,0.234889108844352,1,1.12075403222449,0,0.131657324790051,0.216323672302203,0.123282943544694,1,1,226,1,1,1,65,65,5,20,97,33,0,0,0,0,0,0,0,1002,1002,246,246,110,110,3684,0.117888,0.117888,1,8.88178419700125e-16,0,0,0.145084493575064,0.142228833882703,1.02555505785603,0,0,1.47455999999999,0.117888,0.151661714285713
periodic-iid20,periodic,none,16094110,1118506,NaN,NaN,NaN,NaN,NaN,NaN,NaN,NaN,NaN,NaN,NaN,NaN,NaN,NaN,NaN,NaN,NaN,NaN,NaN,NaN,NaN,NaN,NaN,NaN,NaN,NaN,NaN,NaN,NaN,NaN,NaN,NaN,NaN,NaN,NaN,NaN,NaN,NaN,NaN,NaN,NaN,NaN,NaN,NaN,NaN,NaN,NaN,NaN,NaN,NaN,NaN,NaN,NaN,NaN,NaN,NaN,NaN,NaN,NaN,NaN,NaN,NaN,NaN,NaN,NaN,NaN,NaN,NaN,NaN,0.100868190431329,0.0977485869408608,1.06291552917151,0,0,2.70335999999998,0,0.257462857142855
closure-iid20-emergency,closure,none,16094110,1118506,16697297,16697297,0,1349885,610566,18751309036,51369676,656243614,303370046,303370046,1,1,3,1,4,1,1,48,56,1,1,1,31,1,1,4,0,0,0,6.4498852850114,0.449885285011399,1,1.02085724720625,0,0.133172239720623,0.205016812082936,0.112294297192688,1,1,226,1,1,1,28,28,7,7,44,12,0,0,0,0,0,0,0,982,982,266,266,113,113,3952,0.126464,0.126464,1,8.88178419700125e-16,0,0,0.145922975876572,0.145126696630438,1.0150537611367,0,0,1.47455999999999,0.126464,0.152478476190475
closure-response-blackout-emergency,closure,response-blackout,16094110,1118506,16697297,16697297,0,1349885,610566,18503912544,50688810,655984640,303370046,303370046,1,1,3,1,4,1,1,48,56,1,1,1,31,0,0,0,4,0,0,6.4498852850114,0.449885285011399,1,1.00966846002345,0,0.129916816216591,0.203634735278006,0.11106353060258,1,1,226,1,1,1,80,80,20,20,123,37,0,0,0,0,0,0,0,976,976,272,272,188,188,7446,0.238272,0.238272,1,8.88178419700125e-16,0,0,0.146586362866169,0.145865810075737,1.02392444261457,0,0,1.47455999999999,0.238272,0.163126857142856
closure-response-blackout-no-emergency,closure,response-blackout,16094110,1118506,16697297,16697297,0,1349885,610566,18503912544,50688810,484264263,303370046,303370046,1,1,3,1,4,1,1,48,56,1,1,1,31,0,0,0,4,0,0,6.4498852850114,0.449885285011399,1,4.55297745564391,0,0.301077344908579,0.546925430149033,0.50082752012083,1,1,226,0,0,1,80,0,0,0,0,0,0,0,0,0,0,0,0,853,853,235,235,188,188,7446,0.238272,0.238272,1,8.88178419700125e-16,0,0,0.255940430068802,0.265033675924584,0.667273260965826,0,0,1.22879999999999,0.238272,0.139721142857142
closure-prepare-blackout-emergency,closure,prepare-blackout,16094110,1118506,16697297,16697297,0,1349885,610566,18727030868,49576327,656512578,303370046,303370046,1,1,3,1,4,1,1,48,56,1,0,0,NaN,0,0,0,3,1,0,NaN,NaN,1,1.01183158344604,0,0.111173689842191,0.203901178991882,0.111301474179065,1,1,226,1,1,1,60,60,0,20,94,26,0,0,0,0,0,0,0,980,980,268,268,20,20,672,0.021504,0.021504,1,0,0,0,0.141746553128981,0.151183794730903,1.0637581325979,0,0,1.47455999999999,0.021504,0.142482285714285
closure-commit-blackout-emergency,closure,commit-blackout,16094110,1118506,16697297,16697297,0,1349885,610566,18677236161,50912602,656634859,303370046,303370046,1,1,3,1,4,1,1,48,56,1,1,1,31,1,0,1,3,0,1,6.4498852850114,0.449885285011399,1,1.00979440899316,0,0.129493957012072,0.203648792787976,0.111077384989248,1,1,226,1,1,1,67,67,7,20,103,31,0,0,0,0,0,0,0,977,977,271,271,118,118,4092,0.130944,0.130944,1,8.88178419700125e-16,0,0,0.146623745909774,0.145907041772188,1.02488246420248,0,0,1.47455999999999,0.130944,0.152905142857142
periodic-iid20,periodic,none,16094111,1068405,NaN,NaN,NaN,NaN,NaN,NaN,NaN,NaN,NaN,NaN,NaN,NaN,NaN,NaN,NaN,NaN,NaN,NaN,NaN,NaN,NaN,NaN,NaN,NaN,NaN,NaN,NaN,NaN,NaN,NaN,NaN,NaN,NaN,NaN,NaN,NaN,NaN,NaN,NaN,NaN,NaN,NaN,NaN,NaN,NaN,NaN,NaN,NaN,NaN,NaN,NaN,NaN,NaN,NaN,NaN,NaN,NaN,NaN,NaN,NaN,NaN,NaN,NaN,NaN,NaN,NaN,NaN,NaN,NaN,0.100322036364212,0.0974258779590315,1.06363855415209,0,0,2.70335999999998,0,0.257462857142855
closure-iid20-emergency,closure,none,16094111,1068405,15780636,15780636,0,884040,610566,18763692689,51436516,656206597,303305646,303305646,1,1,3,1,4,1,1,48,56,1,1,1,30,1,1,4,0,0,0,6.23488910884435,0.234889108844352,1,0.934464020297516,1,0.107247534374943,0.196237444262478,0.0993106241838424,1,1,226,1,1,1,25,25,6,7,40,10,0,0,0,0,0,0,0,1011,1011,237,237,112,112,3952,0.126464,0.126464,1,8.88178419700125e-16,0,0,0.142094968051308,0.139662390162848,1.03092485259948,0,0,1.47455999999999,0.126464,0.152478476190475
closure-response-blackout-emergency,closure,response-blackout,16094111,1068405,15780636,15780636,0,884040,610566,18516296197,50395516,656730612,303305646,303305646,1,1,3,1,4,1,1,48,56,1,1,1,30,0,0,0,4,0,0,6.23488910884435,0.234889108844352,1,0.934602711911849,1,0.109082156420009,0.196266569501488,0.0996050179543316,1,1,226,1,1,1,80,80,20,20,126,34,0,0,0,0,0,0,0,1012,1012,236,236,184,184,7366,0.235712,0.235712,1,8.88178419700125e-16,0,0,0.141487475484906,0.138976276628868,1.04069835252445,0,0,1.47455999999999,0.235712,0.162883047619047
closure-response-blackout-no-emergency,closure,response-blackout,16094111,1068405,15780636,15780636,0,884040,610566,18516296197,50395516,483107905,303305646,303305646,1,1,3,1,4,1,1,48,56,1,1,1,30,0,0,0,4,0,0,6.23488910884435,0.234889108844352,1,4.57189770332639,0,0.288580502387525,0.54303960832146,0.502908747365903,1,1,226,0,0,1,80,0,0,0,0,0,0,0,0,0,0,0,0,886,886,202,202,184,184,7366,0.235712,0.235712,1,8.88178419700125e-16,0,0,0.258209150613315,0.266809341312846,0.666348012864641,0,0,1.22879999999999,0.235712,0.139477333333333
closure-prepare-blackout-emergency,closure,prepare-blackout,16094111,1068405,15780636,15780636,0,884040,610566,18734073648,49758713,656545451,303305646,303305646,1,1,3,1,4,1,1,48,56,1,0,0,NaN,0,0,0,3,1,0,NaN,NaN,1,0.93429882148348,1,0.103262197377822,0.196202752511531,0.0995574384811479,1,1,226,1,1,1,60,60,0,20,95,25,0,0,0,0,0,0,0,1012,1012,236,236,22,22,720,0.02304,0.02304,1,1.11022302462516e-16,0,0,0.138681096990898,0.147545734038025,1.06020813749168,0,0,1.47455999999999,0.02304,0.14262857142857
closure-commit-blackout-emergency,closure,commit-blackout,16094111,1068405,15780636,15780636,0,884040,610566,18700240235,51924489,655871183,303305646,303305646,1,1,3,1,4,1,1,48,56,1,1,1,30,1,0,1,3,0,1,6.23488910884435,0.234889108844352,1,0.934705650508192,1,0.108785553569613,0.19628818660672,0.0996273727405996,1,1,226,1,1,1,66,66,6,20,105,27,0,0,0,0,0,0,0,1013,1013,235,235,116,116,4064,0.130048,0.130048,1,8.88178419700125e-16,0,0,0.141385097235146,0.138860468380287,1.0409335533293,0,0,1.47455999999999,0.130048,0.152819809523809
periodic-iid20,periodic,none,16094112,1038062,NaN,NaN,NaN,NaN,NaN,NaN,NaN,NaN,NaN,NaN,NaN,NaN,NaN,NaN,NaN,NaN,NaN,NaN,NaN,NaN,NaN,NaN,NaN,NaN,NaN,NaN,NaN,NaN,NaN,NaN,NaN,NaN,NaN,NaN,NaN,NaN,NaN,NaN,NaN,NaN,NaN,NaN,NaN,NaN,NaN,NaN,NaN,NaN,NaN,NaN,NaN,NaN,NaN,NaN,NaN,NaN,NaN,NaN,NaN,NaN,NaN,NaN,NaN,NaN,NaN,NaN,NaN,NaN,NaN,0.0978667115942384,0.0950860387269181,1.06436691718481,0,0,2.70335999999998,0,0.257462857142855
closure-iid20-emergency,closure,none,16094112,1038062,14666955,14666955,0,678675,591631,18651447672,48032637,657241646,303356046,303356046,1,1,1,1,3,1,1,44,56,1,1,1,30,1,1,3,0,0,0,6.23488910884435,0.234889108844352,1,1.05553887826799,0,0.121481841596106,0.203446297338647,0.116109276609478,1,1,226,1,1,1,13,13,4,5,19,7,0,0,0,0,0,0,0,995,995,253,253,107,107,3324,0.106368,0.106368,1,8.88178419700125e-16,0,0,0.144048634254102,0.142389237423427,1.03512040522318,0,0,1.47455999999999,0.106368,0.15056457142857
closure-response-blackout-emergency,closure,response-blackout,16094112,1038062,14666955,14666955,0,678675,591631,18403757472,46622790,657400564,303356046,303356046,1,1,1,1,3,1,1,44,56,1,1,1,30,0,0,0,3,0,0,6.23488910884435,0.234889108844352,1,1.05869956245121,0,0.129904256032459,0.203612225438703,0.116456951869633,1,1,226,1,1,1,60,60,20,20,96,24,0,0,0,0,0,0,0,999,999,249,249,191,191,7032,0.225024,0.225024,1,8.88178419700125e-16,0,0,0.143286317005107,0.141537500553138,1.03940364988246,0,0,1.47455999999999,0.225024,0.161865142857142
closure-response-blackout-no-emergency,closure,response-blackout,16094112,1038062,14666955,14666955,0,678675,591631,18403757472,46622790,520837862,303356046,303356046,1,1,1,1,3,1,1,44,56,1,1,1,30,0,0,0,3,0,0,6.23488910884435,0.234889108844352,1,4.13449108072567,0,0.272803063765525,0.501058629335484,0.454794018879824,1,1,226,0,0,1,60,0,0,0,0,0,0,0,0,0,0,0,0,903,903,225,225,191,191,7032,0.225024,0.225024,1,8.88178419700125e-16,0,0,0.230621532320737,0.237385642310931,0.691257708685307,0,0,1.29023999999999,0.225024,0.144310857142856
closure-prepare-blackout-emergency,closure,prepare-blackout,16094112,1038062,14666955,14666955,0,678675,591631,18627423076,46425094,657135642,303356046,303356046,1,1,1,1,3,1,1,44,56,1,0,0,NaN,0,0,0,2,1,0,NaN,NaN,1,1.05989787373705,0,0.112935416156006,0.203752080989523,0.116588766111076,1,1,226,1,1,1,40,40,0,20,63,17,0,0,0,0,0,0,0,999,999,249,249,16,16,544,0.017408,0.017408,1,1.11022302462516e-16,0,0,0.138758966013889,0.148120844674103,1.05625908611082,0,0,1.47455999999999,0.017408,0.14209219047619
closure-commit-blackout-emergency,closure,commit-blackout,16094112,1038062,14666955,14666955,0,678675,591631,18605525481,47462080,657353649,303356046,303356046,1,1,1,1,3,1,1,44,56,1,1,1,30,1,0,1,2,0,1,6.23488910884435,0.234889108844352,1,1.0590381246494,0,0.128804000554042,0.203647312385695,0.116494193711434,1,1,226,1,1,1,44,44,4,20,72,16,0,0,0,0,0,0,0,998,998,250,250,111,111,3436,0.109952,0.109952,1,8.88178419700125e-16,0,0,0.142999160489089,0.141212917187565,1.03836043365739,0,0,1.47455999999999,0.109952,0.150905904761904
periodic-iid20,periodic,none,16094113,967246,NaN,NaN,NaN,NaN,NaN,NaN,NaN,NaN,NaN,NaN,NaN,NaN,NaN,NaN,NaN,NaN,NaN,NaN,NaN,NaN,NaN,NaN,NaN,NaN,NaN,NaN,NaN,NaN,NaN,NaN,NaN,NaN,NaN,NaN,NaN,NaN,NaN,NaN,NaN,NaN,NaN,NaN,NaN,NaN,NaN,NaN,NaN,NaN,NaN,NaN,NaN,NaN,NaN,NaN,NaN,NaN,NaN,NaN,NaN,NaN,NaN,NaN,NaN,NaN,NaN,NaN,NaN,NaN,NaN,0.101870638167775,0.0984451100630316,1.06064688743429,0,0,2.70335999999998,0,0.257462857142855
closure-iid20-emergency,closure,none,16094113,967246,13970747,13970747,0,2382210,610566,18694459046,51494871,656451229,303400846,303400846,1,1,3,1,4,1,1,48,56,1,1,1,31,1,1,4,0,0,0,6.4498852850114,0.449885285011399,1,1.15244894262028,0,0.112530756570598,0.20933630937075,0.12676938368823,1,1,226,1,1,1,23,23,5,6,37,9,0,0,0,0,0,0,0,976,976,272,272,109,109,3696,0.118272,0.118272,1,8.88178419700125e-16,0,0,0.152589510094591,0.152363550585033,1.02512230479466,0,0,1.47455999999999,0.118272,0.151698285714285
closure-response-blackout-emergency,closure,response-blackout,16094113,967246,13970747,13970747,0,2382210,610566,18447062554,50128197,657471583,303400846,303400846,1,1,3,1,4,1,1,48,56,1,1,1,31,0,0,0,4,0,0,6.4498852850114,0.449885285011399,1,1.15697417039536,0,0.112401596879237,0.208200002423975,0.12726715874349,1,1,226,1,1,1,79,79,19,20,126,32,0,0,0,0,0,0,0,973,973,275,275,190,190,7580,0.24256,0.24256,1,8.88178419700125e-16,0,0,0.154637335748035,0.154634919610554,1.01636753929652,0,0,1.47455999999999,0.24256,0.163535238095237
closure-response-blackout-no-emergency,closure,response-blackout,16094113,967246,13970747,13970747,0,2382210,610566,18447062554,50128197,486542586,303400846,303400846,1,1,3,1,4,1,1,48,56,1,1,1,31,0,0,0,4,0,0,6.4498852850114,0.449885285011399,1,4.3484331786867,0,0.298658593338099,0.544238121388969,0.478327649655537,1,1,226,0,0,1,79,0,0,0,0,0,0,0,0,0,0,0,0,847,847,243,243,190,190,7580,0.24256,0.24256,1,8.88178419700125e-16,0,0,0.260464629714201,0.269800473279155,0.670775940420302,0,0,1.23187199999999,0.24256,0.140422095238095
closure-prepare-blackout-emergency,closure,prepare-blackout,16094113,967246,13970747,13970747,0,2382210,610566,18668328541,49484207,656806510,303400846,303400846,1,1,3,1,4,1,1,48,56,1,0,0,NaN,0,0,0,3,1,0,NaN,NaN,1,1.15306503096785,0,0.106785750750827,0.208703823707564,0.126837153406464,1,1,226,1,1,1,59,59,0,20,91,27,0,0,0,0,0,0,0,966,966,282,282,19,19,648,0.020736,0.020736,1,4.44089209850063e-16,0,0,0.151761500606176,0.16162403256816,1.05535782308263,0,0,1.47455999999999,0.020736,0.142409142857142
closure-commit-blackout-emergency,closure,commit-blackout,16094113,967246,13970747,13970747,0,2382210,610566,18624884937,51043089,656611463,303400846,303400846,1,1,3,1,4,1,1,48,56,1,1,1,31,1,0,1,3,0,1,6.4498852850114,0.449885285011399,1,1.16670170869924,0,0.112091488801401,0.208556124141635,0.128337187956916,1,1,226,1,1,1,65,65,6,20,103,27,0,0,0,0,0,0,0,973,973,275,275,114,114,3836,0.122752,0.122752,1,8.88178419700125e-16,0,0,0.153939676879609,0.153859305445939,1.01290136285949,0,0,1.47455999999999,0.122752,0.152124952380951
periodic-iid20,periodic,none,16094114,1207822,NaN,NaN,NaN,NaN,NaN,NaN,NaN,NaN,NaN,NaN,NaN,NaN,NaN,NaN,NaN,NaN,NaN,NaN,NaN,NaN,NaN,NaN,NaN,NaN,NaN,NaN,NaN,NaN,NaN,NaN,NaN,NaN,NaN,NaN,NaN,NaN,NaN,NaN,NaN,NaN,NaN,NaN,NaN,NaN,NaN,NaN,NaN,NaN,NaN,NaN,NaN,NaN,NaN,NaN,NaN,NaN,NaN,NaN,NaN,NaN,NaN,NaN,NaN,NaN,NaN,NaN,NaN,NaN,NaN,0.0975127153838169,0.0948503256345116,1.05725122877002,0,0,2.70335999999998,0,0.257462857142855
closure-iid20-emergency,closure,none,16094114,1207822,11902592,11902592,0,1947190,591631,18743899868,48035438,656782323,303344846,303344846,1,1,1,1,3,1,1,44,56,1,1,1,30,1,1,3,0,0,0,6.23488910884435,0.234889108844352,1,0.997535336606153,1,0.137986096152502,0.209482420687292,0.108564910634061,1,1,226,1,1,1,16,16,5,6,30,2,0,0,0,0,0,0,0,1010,1010,238,238,113,113,3628,0.116096,0.116096,1,8.88178419700125e-16,0,0,0.137926891953605,0.134577555721265,1.0504724237869,0,0,1.47455999999999,0.116096,0.151491047619047
closure-response-blackout-emergency,closure,response-blackout,16094114,1207822,11902592,11902592,0,1947190,591631,18496209668,47287417,657391911,303344846,303344846,1,1,1,1,3,1,1,44,56,1,1,1,30,0,0,0,3,0,0,6.23488910884435,0.234889108844352,1,1.00261476575768,0,0.140417967285964,0.210549100809112,0.109512983192281,1,1,226,1,1,1,60,60,20,20,103,17,0,0,0,0,0,0,0,1017,1017,231,231,188,188,6924,0.221568,0.221568,1,8.88178419700125e-16,0,0,0.137382322430604,0.133962909796566,1.0554241625923,0,0,1.47455999999999,0.221568,0.161535999999999
closure-response-blackout-no-emergency,closure,response-blackout,16094114,1207822,11902592,11902592,0,1947190,591631,18496209668,47287417,520257382,303344846,303344846,1,1,1,1,3,1,1,44,56,1,1,1,30,0,0,0,3,0,0,6.23488910884435,0.234889108844352,1,4.15448611379938,0,0.247308835131987,0.492920544869544,0.456993472517932,1,1,226,0,0,1,60,0,0,0,0,0,0,0,0,0,0,0,0,914,914,214,214,188,188,6924,0.221568,0.221568,1,8.88178419700125e-16,0,0,0.224881990485435,0.230631969798304,0.699607850549955,0,0,1.29023999999999,0.221568,0.143981714285714
closure-prepare-blackout-emergency,closure,prepare-blackout,16094114,1207822,11902592,11902592,0,1947190,591631,18720440538,46079198,657074770,303344846,303344846,1,1,1,1,3,1,1,44,56,1,0,0,NaN,0,0,0,2,1,0,NaN,NaN,1,1.00318418211497,0,0.125638066618622,0.210668678244143,0.109630489025684,1,1,226,1,1,1,40,40,0,20,69,11,0,0,0,0,0,0,0,1015,1015,233,233,12,12,448,0.014336,0.014336,1,1.11022302462516e-16,0,0,0.133887659586449,0.141413843632482,1.06655048963207,0,0,1.47455999999999,0.014336,0.141799619047618
closure-commit-blackout-emergency,closure,commit-blackout,16094114,1207822,11902592,11902592,0,1947190,591631,18696887835,47456226,656610681,303344846,303344846,1,1,1,1,3,1,1,44,56,1,1,1,30,1,0,1,2,0,1,6.23488910884435,0.234889108844352,1,1.0026745292226,0,0.140629718191723,0.210561651136746,0.109536601066193,1,1,226,1,1,1,45,45,5,20,77,13,0,0,0,0,0,0,0,1014,1014,234,234,117,117,3740,0.11968,0.11968,1,8.88178419700125e-16,0,0,0.137036123604452,0.133568541406257,1.05114920008814,0,0,1.47455999999999,0.11968,0.15183238095238
periodic-iid20,periodic,none,16094115,804954,NaN,NaN,NaN,NaN,NaN,NaN,NaN,NaN,NaN,NaN,NaN,NaN,NaN,NaN,NaN,NaN,NaN,NaN,NaN,NaN,NaN,NaN,NaN,NaN,NaN,NaN,NaN,NaN,NaN,NaN,NaN,NaN,NaN,NaN,NaN,NaN,NaN,NaN,NaN,NaN,NaN,NaN,NaN,NaN,NaN,NaN,NaN,NaN,NaN,NaN,NaN,NaN,NaN,NaN,NaN,NaN,NaN,NaN,NaN,NaN,NaN,NaN,NaN,NaN,NaN,NaN,NaN,NaN,NaN,0.0990522035832671,0.0955854283642518,1.0696741774673,0,0,2.70335999999998,0,0.257462857142855
closure-iid20-emergency,closure,none,16094115,804954,12502540,12502540,0,1281353,591631,18686171592,47133916,656940581,303342046,303342046,1,1,1,1,3,1,1,44,56,1,1,1,31,1,1,3,0,0,0,6.4498852850114,0.449885285011399,1,0.99749135783142,1,0.125452725722552,0.202100987235965,0.109724049361456,1,1,226,1,1,1,19,19,6,7,33,5,0,0,0,0,0,0,0,1008,1008,240,240,115,115,3684,0.117888,0.117888,1,8.88178419700125e-16,0,0,0.140547965252931,0.139272514084642,1.04372391720304,0,0,1.47455999999999,0.117888,0.151661714285713
closure-response-blackout-emergency,closure,response-blackout,16094115,804954,12502540,12502540,0,1281353,591631,18438481392,46686554,657096546,303342046,303342046,1,1,1,1,3,1,1,44,56,1,1,1,31,0,0,0,3,0,0,6.4498852850114,0.449885285011399,1,0.991928018702835,1,0.125686356841155,0.201430812089649,0.109112082057312,1,1,226,1,1,1,60,60,20,20,102,18,0,0,0,0,0,0,0,1012,1012,236,236,192,192,7052,0.225664,0.225664,1,8.88178419700125e-16,0,0,0.139418658682741,0.138007513692506,1.03575049664875,0,0,1.47455999999999,0.225664,0.161926095238094
closure-response-blackout-no-emergency,closure,response-blackout,16094115,804954,12502540,12502540,0,1281353,591631,18438481392,46686554,519994356,303342046,303342046,1,1,1,1,3,1,1,44,56,1,1,1,31,0,0,0,3,0,0,6.4498852850114,0.449885285011399,1,4.09348530889362,0,0.255764834110063,0.494776317685561,0.450283383978298,1,1,226,0,0,1,60,0,0,0,0,0,0,0,0,0,0,0,0,910,910,218,218,192,192,7052,0.225664,0.225664,1,8.88178419700125e-16,0,0,0.224975756439922,0.231891942976836,0.696994951423014,0,0,1.29023999999999,0.225664,0.144371809523809
closure-prepare-blackout-emergency,closure,prepare-blackout,16094115,804954,12502540,12502540,0,1281353,591631,18660253255,46252146,656572338,303342046,303342046,1,1,1,1,3,1,1,44,56,1,0,0,NaN,0,0,0,2,1,0,NaN,NaN,1,0.994771468454765,1,0.116948503304258,0.201778041846752,0.109424861530024,1,1,226,1,1,1,40,40,0,20,65,15,0,0,0,0,0,0,0,1007,1007,241,241,14,14,496,0.015872,0.015872,1,4.44089209850063e-16,0,0,0.136995446696408,0.145655173673254,1.06045651477916,0,0,1.47455999999999,0.015872,0.141945904761904
closure-commit-blackout-emergency,closure,commit-blackout,16094115,804954,12502540,12502540,0,1281353,591631,18641930205,47602317,656404141,303342046,303342046,1,1,1,1,3,1,1,44,56,1,1,1,31,1,0,1,2,0,1,6.4498852850114,0.449885285011399,1,0.996413854465507,1,0.125005269456367,0.201955524135664,0.109605523991206,1,1,226,1,1,1,46,46,6,20,80,12,0,0,0,0,0,0,0,1012,1012,236,236,119,119,3796,0.121472,0.121472,1,8.88178419700125e-16,0,0,0.139551020202797,0.138155216290874,1.04099755382994,0,0,1.47455999999999,0.121472,0.152003047619047
periodic-iid20,periodic,none,16094116,1211122,NaN,NaN,NaN,NaN,NaN,NaN,NaN,NaN,NaN,NaN,NaN,NaN,NaN,NaN,NaN,NaN,NaN,NaN,NaN,NaN,NaN,NaN,NaN,NaN,NaN,NaN,NaN,NaN,NaN,NaN,NaN,NaN,NaN,NaN,NaN,NaN,NaN,NaN,NaN,NaN,NaN,NaN,NaN,NaN,NaN,NaN,NaN,NaN,NaN,NaN,NaN,NaN,NaN,NaN,NaN,NaN,NaN,NaN,NaN,NaN,NaN,NaN,NaN,NaN,NaN,NaN,NaN,NaN,NaN,0.100028441328238,0.0965729376610913,1.06561912769358,0,0,2.70028799999998,0,0.257170285714283
closure-iid20-emergency,closure,none,16094116,1211122,18387879,18387879,0,1575948,610566,18701397169,51016896,656355046,303342046,303342046,1,1,3,1,4,1,1,48,56,1,1,1,33,1,1,4,0,0,0,6.87987763734549,0.879877637345492,1,0.917558518457993,1,0.115018113309651,0.192687288876178,0.0944815701313102,1,1,226,1,1,1,32,32,8,8,59,5,0,0,0,0,0,0,0,1011,1011,237,237,116,116,3888,0.124416,0.124416,1,1.11022302462516e-16,0,0,0.141782342822884,0.141605541069186,1.02803157702385,0,0,1.47455999999999,0.124416,0.152283428571428
closure-response-blackout-emergency,closure,response-blackout,16094116,1211122,18387879,18387879,0,1575948,610566,18454000677,50695782,656877322,303342046,303342046,1,1,3,1,4,1,1,48,56,1,1,1,33,0,0,0,4,0,0,6.87987763734549,0.879877637345492,1,0.914679733112705,1,0.112185482707732,0.192082743953668,0.0937643155231018,1,1,226,1,1,1,80,80,20,20,140,20,0,0,0,0,0,0,0,1017,1017,231,231,196,196,7736,0.247552,0.247552,1,8.88178419700125e-16,0,0,0.140277609061493,0.139921421713934,1.03122822878039,0,0,1.47455999999999,0.247552,0.164010666666666
closure-response-blackout-no-emergency,closure,response-blackout,16094116,1211122,18387879,18387879,0,1575948,610566,18454000677,50695782,483885692,303342046,303342046,1,1,3,1,4,1,1,48,56,1,1,1,33,0,0,0,4,0,0,6.87987763734549,0.879877637345492,1,4.65304380205984,0,0.301950843473154,0.548264705748092,0.511834818226583,1,1,226,0,0,1,80,0,0,0,0,0,0,0,0,0,0,0,0,877,877,211,211,196,196,7736,0.247552,0.247552,1,8.88178419700125e-16,0,0,0.250459728330718,0.260111795082214,0.667611240130655,0,0,1.22879999999999,0.247552,0.140604952380952
closure-prepare-blackout-emergency,closure,prepare-blackout,16094116,1211122,18387879,18387879,0,1575948,610566,18674202870,49848787,657015930,303342046,303342046,1,1,3,1,4,1,1,48,56,1,0,0,NaN,0,0,0,3,1,0,NaN,NaN,1,0.914984932198168,1,0.0987098288418354,0.192146835761615,0.093782227637241,1,1,226,1,1,1,60,60,0,20,103,17,0,0,0,0,0,0,0,1013,1013,235,235,23,23,744,0.023808,0.023808,1,1.11022302462516e-16,0,0,0.138058645296605,0.146245692470743,1.07391885060736,0,0,1.47455999999999,0.023808,0.142701714285713
closure-commit-blackout-emergency,closure,commit-blackout,16094116,1211122,18387879,18387879,0,1575948,610566,18632096289,51603100,657000457,303342046,303342046,1,1,3,1,4,1,1,48,56,1,1,1,33,1,0,1,3,0,1,6.87987763734549,0.879877637345492,1,0.914668616992601,1,0.112582123313718,0.192080409568446,0.093777846269976,1,1,226,1,1,1,68,68,8,20,121,15,0,0,0,0,0,0,0,1018,1018,230,230,121,121,4028,0.128896,0.128896,1,1.11022302462516e-16,0,0,0.14044368241591,0.140105738985262,1.0311509944603,0,0,1.47455999999999,0.128896,0.152710095238094
periodic-iid20,periodic,none,16094117,1328416,NaN,NaN,NaN,NaN,NaN,NaN,NaN,NaN,NaN,NaN,NaN,NaN,NaN,NaN,NaN,NaN,NaN,NaN,NaN,NaN,NaN,NaN,NaN,NaN,NaN,NaN,NaN,NaN,NaN,NaN,NaN,NaN,NaN,NaN,NaN,NaN,NaN,NaN,NaN,NaN,NaN,NaN,NaN,NaN,NaN,NaN,NaN,NaN,NaN,NaN,NaN,NaN,NaN,NaN,NaN,NaN,NaN,NaN,NaN,NaN,NaN,NaN,NaN,NaN,NaN,NaN,NaN,NaN,NaN,0.0987933557035727,0.0962027639804424,1.05444571836199,0,0,2.70335999999998,0,0.257462857142855
closure-iid20-emergency,closure,none,16094117,1328416,13371295,13371295,0,516903,610566,18715776650,51269036,656802265,303364446,303364446,1,1,3,1,4,1,1,48,56,1,1,1,31,1,1,4,0,0,0,6.4498852850114,0.449885285011399,1,1.02668783415315,0,0.124233942147078,0.197347956998594,0.112935661756846,1,1,226,1,1,1,24,24,6,6,38,10,0,0,0,0,0,0,0,996,996,252,252,108,108,3632,0.116224,0.116224,1,4.44089209850063e-16,0,0,0.138799550475429,0.13739251300898,1.03439747310977,0,0,1.47455999999999,0.116224,0.151503238095237
closure-response-blackout-emergency,closure,response-blackout,16094117,1328416,13371295,13371295,0,516903,610566,18468380158,51007430,657600159,303364446,303364446,1,1,3,1,4,1,1,48,56,1,1,1,31,0,0,0,4,0,0,6.4498852850114,0.449885285011399,1,1.03454790461119,0,0.123277551490109,0.197549500556212,0.113800269507231,1,1,226,1,1,1,79,79,19,20,129,29,0,0,0,0,0,0,0,1001,1001,247,247,189,189,7534,0.241088,0.241088,1,8.88178419700125e-16,0,0,0.137235950935138,0.135636486677514,1.02745764751761,0,0,1.47455999999999,0.241088,0.163395047619047
closure-response-blackout-no-emergency,closure,response-blackout,16094117,1328416,13371295,13371295,0,516903,610566,18468380158,51007430,485773196,303364446,303364446,1,1,3,1,4,1,1,48,56,1,1,1,31,0,0,0,4,0,0,6.4498852850114,0.449885285011399,1,4.62977427287255,0,0.318102794261572,0.557904213340658,0.50927517001598,1,1,226,0,0,1,79,0,0,0,0,0,0,0,0,0,0,0,0,872,872,218,218,189,189,7534,0.241088,0.241088,1,8.88178419700125e-16,0,0,0.246487556180694,0.255034957992609,0.662872180503076,0,0,1.23187199999999,0.241088,0.140281904761904
closure-prepare-blackout-emergency,closure,prepare-blackout,16094117,1328416,13371295,13371295,0,516903,610566,18690976304,49574281,657083782,303364446,303364446,1,1,3,1,4,1,1,48,56,1,0,0,NaN,0,0,0,3,1,0,NaN,NaN,1,1.03475780972879,0,0.103228707159606,0.197657469305621,0.113823359070167,1,1,226,1,1,1,59,59,0,20,92,26,0,0,0,0,0,0,0,997,997,251,251,20,20,672,0.021504,0.021504,1,4.44089209850063e-16,0,0,0.134189260619567,0.143068068302885,1.07048495003623,0,0,1.47455999999999,0.021504,0.142482285714285
closure-commit-blackout-emergency,closure,commit-blackout,16094117,1328416,13371295,13371295,0,516903,610566,18648492198,51760861,657166348,303364446,303364446,1,1,3,1,4,1,1,48,56,1,1,1,31,1,0,1,3,0,1,6.4498852850114,0.449885285011399,1,1.03064055384477,0,0.124222365631059,0.197332737849769,0.113370460922924,1,1,226,1,1,1,65,65,6,20,107,23,0,0,0,0,0,0,0,1000,1000,248,248,112,112,3744,0.119808,0.119808,1,4.44089209850063e-16,0,0,0.137831347788922,0.136305547881861,1.02876867409845,0,0,1.47455999999999,0.119808,0.15184457142857
periodic-iid20,periodic,none,16094118,1072638,NaN,NaN,NaN,NaN,NaN,NaN,NaN,NaN,NaN,NaN,NaN,NaN,NaN,NaN,NaN,NaN,NaN,NaN,NaN,NaN,NaN,NaN,NaN,NaN,NaN,NaN,NaN,NaN,NaN,NaN,NaN,NaN,NaN,NaN,NaN,NaN,NaN,NaN,NaN,NaN,NaN,NaN,NaN,NaN,NaN,NaN,NaN,NaN,NaN,NaN,NaN,NaN,NaN,NaN,NaN,NaN,NaN,NaN,NaN,NaN,NaN,NaN,NaN,NaN,NaN,NaN,NaN,NaN,NaN,0.0995491216063439,0.0969437395051808,1.05889596956836,0,0,2.70028799999998,0,0.257170285714283
closure-iid20-emergency,closure,none,16094118,1072638,15117168,15117168,0,2207341,610566,18786185032,50949611,656472565,303361646,303361646,1,1,3,1,4,1,1,48,56,1,1,1,30,1,1,4,0,0,0,6.23488910884435,0.234889108844352,1,1.06826551747626,0,0.134568489523597,0.21980479502241,0.117509206922388,1,1,226,1,1,1,20,20,5,5,32,8,0,0,0,0,0,0,0,980,980,268,268,104,104,3528,0.112896,0.112896,1,8.88178419700125e-16,0,0,0.148874381733332,0.146696821291618,1.03605117980358,0,0,1.47455999999999,0.112896,0.151186285714285
closure-response-blackout-emergency,closure,response-blackout,16094118,1072638,15117168,15117168,0,2207341,610566,18538788540,50662136,656371715,303361646,303361646,1,1,3,1,4,1,1,48,56,1,1,1,30,0,0,0,4,0,0,6.23488910884435,0.234889108844352,1,1.06236311016441,0,0.136129348165088,0.218642991610164,0.116859942118085,1,1,226,1,1,1,80,80,20,20,125,35,0,0,0,0,0,0,0,974,974,274,274,186,186,7438,0.238016,0.238016,1,8.88178419700125e-16,0,0,0.148926220226077,0.146756383483137,1.03629974897995,0,0,1.47455999999999,0.238016,0.163102476190475
closure-response-blackout-no-emergency,closure,response-blackout,16094118,1072638,15117168,15117168,0,2207341,610566,18538788540,50662136,483202366,303361646,303361646,1,1,3,1,4,1,1,48,56,1,1,1,30,0,0,0,4,0,0,6.23488910884435,0.234889108844352,1,4.67201967001132,0,0.299855826261203,0.561356920329453,0.513922163701245,1,1,226,0,0,1,80,0,0,0,0,0,0,0,0,0,0,0,0,849,849,239,239,186,186,7438,0.238016,0.238016,1,8.88178419700125e-16,0,0,0.25889121119484,0.26717136764735,0.660380465781677,0,0,1.22879999999999,0.238016,0.139696761904761
closure-prepare-blackout-emergency,closure,prepare-blackout,16094118,1072638,15117168,15117168,0,2207341,610566,18761464817,49668639,656444354,303361646,303361646,1,1,3,1,4,1,1,48,56,1,0,0,NaN,0,0,0,3,1,0,NaN,NaN,1,1.06383718446895,0,0.124450577362011,0.218817057470231,0.117022090291584,1,1,226,1,1,1,60,60,0,20,97,23,0,0,0,0,0,0,0,979,979,269,269,21,21,696,0.022272,0.022272,1,4.44089209850063e-16,0,0,0.14490964811124,0.15416914885334,1.03805329246055,0,0,1.47455999999999,0.022272,0.142555428571428
closure-commit-blackout-emergency,closure,commit-blackout,16094118,1072638,15117168,15117168,0,2207341,610566,18717334592,51551691,656440521,303361646,303361646,1,1,3,1,4,1,1,48,56,1,1,1,30,1,0,1,3,0,1,6.23488910884435,0.234889108844352,1,1.06332516557184,0,0.134452102080158,0.218724009362822,0.116965768212903,1,1,226,1,1,1,65,65,5,20,99,31,0,0,0,0,0,0,0,976,976,272,272,109,109,3668,0.117376,0.117376,1,8.88178419700125e-16,0,0,0.148373391020436,0.146132097671811,1.04119292854504,0,0,1.47455999999999,0.117376,0.151612952380951
periodic-iid20,periodic,none,16094119,1003623,NaN,NaN,NaN,NaN,NaN,NaN,NaN,NaN,NaN,NaN,NaN,NaN,NaN,NaN,NaN,NaN,NaN,NaN,NaN,NaN,NaN,NaN,NaN,NaN,NaN,NaN,NaN,NaN,NaN,NaN,NaN,NaN,NaN,NaN,NaN,NaN,NaN,NaN,NaN,NaN,NaN,NaN,NaN,NaN,NaN,NaN,NaN,NaN,NaN,NaN,NaN,NaN,NaN,NaN,NaN,NaN,NaN,NaN,NaN,NaN,NaN,NaN,NaN,NaN,NaN,NaN,NaN,NaN,NaN,0.0969788235670528,0.093631045975508,1.06848256302861,0,0,2.70028799999998,0,0.257170285714283
closure-iid20-emergency,closure,none,16094119,1003623,13856171,13856171,0,1502143,610566,18886171348,51230658,656774584,303339246,303339246,1,1,3,1,4,1,1,48,56,1,1,1,35,1,1,4,0,0,0,7.30986998967959,1.30986998967959,1,0.977433286354393,1,0.128697090583827,0.19531882970556,0.107517661498983,1,1,226,1,1,1,37,37,7,10,62,12,0,0,0,0,0,0,0,989,989,259,259,119,119,3988,0.127616,0.127616,1,8.88178419700125e-16,0,0,0.141193250935616,0.143250365649441,1.05260671970348,0,0,1.47455999999999,0.127616,0.152588190476189
closure-response-blackout-emergency,closure,response-blackout,16094119,1003623,13856171,13856171,0,1502143,610566,18638774856,51001511,657177264,303339246,303339246,1,1,3,1,4,1,1,48,56,1,1,1,35,0,0,0,4,0,0,7.30986998967959,1.30986998967959,1,0.972614340203018,1,0.129377753129253,0.194591024282649,0.106987577422332,1,1,226,1,1,1,77,77,17,20,127,27,0,0,0,0,0,0,0,991,991,257,257,199,199,7826,0.250432,0.250432,1,8.88178419700125e-16,0,0,0.141430669442875,0.143516584116739,1.05478080005502,0,0,1.47455999999999,0.250432,0.164284952380951
closure-response-blackout-no-emergency,closure,response-blackout,16094119,1003623,13856171,13856171,0,1502143,610566,18638774856,51001511,489786198,303339246,303339246,1,1,3,1,4,1,1,48,56,1,1,1,35,0,0,0,4,0,0,7.30986998967959,1.30986998967959,1,4.39729773350958,0,0.277356925771622,0.542568804373516,0.483702750686054,1,1,226,0,0,1,77,0,0,0,0,0,0,0,0,0,0,0,0,864,864,230,230,199,199,7826,0.250432,0.250432,1,8.88178419700125e-16,0,0,0.245720335864445,0.256774528688229,0.667938747073696,0,0,1.23801599999999,0.250432,0.141756952380952
closure-prepare-blackout-emergency,closure,prepare-blackout,16094119,1003623,13856171,13856171,0,1502143,610566,18861824064,49561416,656743203,303339246,303339246,1,1,3,1,4,1,1,48,56,1,0,0,NaN,0,0,0,3,1,0,NaN,NaN,1,0.979246676418253,1,0.0995833171441037,0.195150472267041,0.107717134406008,1,1,226,1,1,1,57,57,0,20,96,18,0,0,0,0,0,0,0,987,987,261,261,20,20,672,0.021504,0.021504,1,1.11022302462516e-16,0,0,0.139085816953789,0.148895229210574,1.0569710571553,0,0,1.47455999999999,0.021504,0.142482285714285
closure-commit-blackout-emergency,closure,commit-blackout,16094119,1003623,13856171,13856171,0,1502143,610566,18817190037,50757690,657145798,303339246,303339246,1,1,3,1,4,1,1,48,56,1,1,1,35,1,0,1,3,0,1,7.30986998967959,1.30986998967959,1,0.973653968041619,1,0.129239101662292,0.194520619283854,0.107101936484578,1,1,226,1,1,1,67,67,10,20,110,24,0,0,0,0,0,0,0,992,992,256,256,124,124,4128,0.132096,0.132096,1,8.88178419700125e-16,0,0,0.14126102317944,0.14333071133178,1.05293526423736,0,0,1.47455999999999,0.132096,0.153014857142856
periodic-iid20,periodic,none,16094120,376005,NaN,NaN,NaN,NaN,NaN,NaN,NaN,NaN,NaN,NaN,NaN,NaN,NaN,NaN,NaN,NaN,NaN,NaN,NaN,NaN,NaN,NaN,NaN,NaN,NaN,NaN,NaN,NaN,NaN,NaN,NaN,NaN,NaN,NaN,NaN,NaN,NaN,NaN,NaN,NaN,NaN,NaN,NaN,NaN,NaN,NaN,NaN,NaN,NaN,NaN,NaN,NaN,NaN,NaN,NaN,NaN,NaN,NaN,NaN,NaN,NaN,NaN,NaN,NaN,NaN,NaN,NaN,NaN,NaN,0.102859609935262,0.0998660597060265,1.05991438773525,0,0,2.70028799999998,0,0.257170285714283
closure-iid20-emergency,closure,none,16094120,376005,16314495,16314495,0,1262003,610566,18649291002,50998286,656655159,303414846,303414846,1,1,3,1,4,1,1,48,56,1,1,1,30,1,1,4,0,0,0,6.23488910884435,0.234889108844352,1,0.949197067476272,1,0.113716619090941,0.199331384170017,0.103316008220737,1,1,226,1,1,1,24,24,6,6,35,13,0,0,0,0,0,0,0,968,968,280,280,110,110,3828,0.122496,0.122496,1,8.88178419700125e-16,0,0,0.143200209962869,0.14118102453652,1.02717236965063,0,0,1.47455999999999,0.122496,0.15210057142857
closure-response-blackout-emergency,closure,response-blackout,16094120,376005,16314495,16314495,0,1262003,610566,18401894510,50323456,656549218,303414846,303414846,1,1,3,1,4,1,1,48,56,1,1,1,30,0,0,0,4,0,0,6.23488910884435,0.234889108844352,1,0.947754668410828,1,0.112804180647979,0.199028480366274,0.102660015061737,1,1,226,1,1,1,80,80,20,20,120,40,0,0,0,0,0,0,0,969,969,279,279,184,184,7346,0.235072,0.235072,1,8.88178419700125e-16,0,0,0.144777207784604,0.14295612207522,1.03601528654069,0,0,1.47455999999999,0.235072,0.162822095238094
closure-response-blackout-no-emergency,closure,response-blackout,16094120,376005,16314495,16314495,0,1262003,610566,18401894510,50323456,483209270,303414846,303414846,1,1,3,1,4,1,1,48,56,1,1,1,30,0,0,0,4,0,0,6.23488910884435,0.234889108844352,1,4.67361826267529,0,0.317870530837413,0.562088582990635,0.514098008894282,1,1,226,0,0,1,80,0,0,0,0,0,0,0,0,0,0,0,0,849,849,239,239,184,184,7346,0.235072,0.235072,1,8.88178419700125e-16,0,0,0.257832849733071,0.266515393072404,0.663678686236834,0,0,1.22879999999999,0.235072,0.13941638095238
closure-prepare-blackout-emergency,closure,prepare-blackout,16094120,376005,16314495,16314495,0,1262003,610566,18623205004,49578565,656123422,303414846,303414846,1,1,3,1,4,1,1,48,56,1,0,0,NaN,0,0,0,3,1,0,NaN,NaN,1,0.949232289856207,1,0.102413853278748,0.199338780869803,0.103019425795593,1,1,226,1,1,1,60,60,0,20,89,31,0,0,0,0,0,0,0,973,973,275,275,20,20,672,0.021504,0.021504,1,4.44089209850063e-16,0,0,0.140495156147384,0.14951001409123,1.0399989380828,0,0,1.47455999999999,0.021504,0.142482285714285
closure-commit-blackout-emergency,closure,commit-blackout,16094120,376005,16314495,16314495,0,1262003,610566,18581974718,51595077,656500690,303414846,303414846,1,1,3,1,4,1,1,48,56,1,1,1,30,1,0,1,3,0,1,6.23488910884435,0.234889108844352,1,0.946919435312716,1,0.113033963295105,0.19885308141567,0.102489868597607,1,1,226,1,1,1,66,66,6,20,100,32,0,0,0,0,0,0,0,964,964,284,284,115,115,3968,0.126976,0.126976,1,8.88178419700125e-16,0,0,0.144879431307416,0.143071286368153,1.03476632585097,0,0,1.47455999999999,0.126976,0.152527238095237
