seed,method,arm,scenario,RMSE,MINSEP,SAFEFAIL,DIVERGED,ESTERR,POSNOISERMS,VELNOISERMS,LATENCY,DATARATE,ACKRATE,TRUEAOI,ESTAOI,HARDRATIO,ADAPTRATIO,REFRESHRATIO,TRACEHASH,ACKTRACEHASH,NOISEHASH,INVARIANTS
1,P10,N0 noiseless,Clean,0.0360644929479548,0.552258954099122,0,0,0,0,0,0,100,NaN,0.0499636693914622,NaN,NaN,NaN,NaN,7.95287306321372e+15,7.39078305327468e+15,0,0
2,P10,N0 noiseless,Clean,0.0360644929479548,0.552258954099122,0,0,0,0,0,0,100,NaN,0.0499636693914622,NaN,NaN,NaN,NaN,7.21854148642767e+15,7.98156638980892e+15,0,0
3,P10,N0 noiseless,Clean,0.0360644929479548,0.552258954099122,0,0,0,0,0,0,100,NaN,0.0499636693914622,NaN,NaN,NaN,NaN,7.89617654887964e+15,7.34501991325977e+15,0,0
1,P20,N0 noiseless,Clean,0.0253751088131474,0.56836970877481,0,0,0,0,0,0,200,NaN,0.0259854677565848,NaN,NaN,NaN,NaN,7.95287306321372e+15,7.39078305327468e+15,0,0
2,P20,N0 noiseless,Clean,0.0253751088131474,0.56836970877481,0,0,0,0,0,0,200,NaN,0.0259854677565848,NaN,NaN,NaN,NaN,7.21854148642767e+15,7.98156638980892e+15,0,0
3,P20,N0 noiseless,Clean,0.0253751088131474,0.56836970877481,0,0,0,0,0,0,200,NaN,0.0259854677565848,NaN,NaN,NaN,NaN,7.89617654887964e+15,7.34501991325977e+15,0,0
1,State-event,N0 noiseless,Clean,0.0823051474578866,0.497441307228487,0,0,0,0,0,0,43.4333333333333,NaN,0.130069028156222,NaN,NaN,NaN,NaN,7.95287306321372e+15,7.39078305327468e+15,0,0
2,State-event,N0 noiseless,Clean,0.0823051474578866,0.497441307228487,0,0,0,0,0,0,43.4333333333333,NaN,0.130069028156222,NaN,NaN,NaN,NaN,7.21854148642767e+15,7.98156638980892e+15,0,0
3,State-event,N0 noiseless,Clean,0.0823051474578866,0.497441307228487,0,0,0,0,0,0,43.4333333333333,NaN,0.130069028156222,NaN,NaN,NaN,NaN,7.89617654887964e+15,7.34501991325977e+15,0,0
1,Causal-v3,N0 noiseless,Clean,0.0413792333665601,0.545626153048688,0,0,0,0,0,0,84.4666666666667,84.4666666666667,0.0600054495912808,0.080054495912807,0.085240726124704,0.900947119179163,0.0138121546961326,7.95287306321372e+15,7.39078305327468e+15,0,0
2,Causal-v3,N0 noiseless,Clean,0.0413792333665601,0.545626153048688,0,0,0,0,0,0,84.4666666666667,84.4666666666667,0.0600054495912808,0.080054495912807,0.085240726124704,0.900947119179163,0.0138121546961326,7.21854148642767e+15,7.98156638980892e+15,0,0
3,Causal-v3,N0 noiseless,Clean,0.0413792333665601,0.545626153048688,0,0,0,0,0,0,84.4666666666667,84.4666666666667,0.0600054495912808,0.080054495912807,0.085240726124704,0.900947119179163,0.0138121546961326,7.89617654887964e+15,7.34501991325977e+15,0,0
1,P10,N1 .01/.02,Clean,0.0405424098146435,0.550710475392766,0,0,0.0172722064082866,0.00997211301932307,0.0199231377694198,0,100,NaN,0.0499636693914622,NaN,NaN,NaN,NaN,7.95287306321372e+15,7.39078305327468e+15,46724996.7411957,0
2,P10,N1 .01/.02,Clean,0.0379484495309965,0.554836972551504,0,0,0.0172245174863414,0.00994457980740064,0.0201414668887708,0,100,NaN,0.0499636693914622,NaN,NaN,NaN,NaN,7.21854148642767e+15,7.98156638980892e+15,46691595.251036,0
3,P10,N1 .01/.02,Clean,0.0382344423709191,0.554225864328498,0,0,0.0175204858156215,0.0101154572019821,0.0200729715360151,0,100,NaN,0.0499636693914622,NaN,NaN,NaN,NaN,7.89617654887964e+15,7.34501991325977e+15,46846607.2208529,0
1,P20,N1 .01/.02,Clean,0.0282105489825125,0.566898408242725,0,0,0.0172722064082866,0.00997211301932307,0.0199231377694198,0,200,NaN,0.0259854677565848,NaN,NaN,NaN,NaN,7.95287306321372e+15,7.39078305327468e+15,46724996.7411957,0
2,P20,N1 .01/.02,Clean,0.0261438302368794,0.568265024709714,0,0,0.0172245174863414,0.00994457980740064,0.0201414668887708,0,200,NaN,0.0259854677565848,NaN,NaN,NaN,NaN,7.21854148642767e+15,7.98156638980892e+15,46691595.251036,0
3,P20,N1 .01/.02,Clean,0.027163664682973,0.568816939508931,0,0,0.0175204858156215,0.0101154572019821,0.0200729715360151,0,200,NaN,0.0259854677565848,NaN,NaN,NaN,NaN,7.89617654887964e+15,7.34501991325977e+15,46846607.2208529,0
1,State-event,N1 .01/.02,Clean,0.0642368144629145,0.522129960965548,0,0,0.0172722064082866,0.00997211301932307,0.0199231377694198,0,47.6333333333333,NaN,0.127476839237057,NaN,NaN,NaN,NaN,7.95287306321372e+15,7.39078305327468e+15,46724996.7411957,0
2,State-event,N1 .01/.02,Clean,0.0628300680599533,0.518605086243481,0,0,0.0172245174863414,0.00994457980740064,0.0201414668887708,0,49.7666666666667,NaN,0.126557674841054,NaN,NaN,NaN,NaN,7.21854148642767e+15,7.98156638980892e+15,46691595.251036,0
3,State-event,N1 .01/.02,Clean,0.0604923060378703,0.521580705287691,0,0,0.0175204858156215,0.0101154572019821,0.0200729715360151,0,49.4666666666667,NaN,0.124906448683015,NaN,NaN,NaN,NaN,7.89617654887964e+15,7.34501991325977e+15,46846607.2208529,0
1,Causal-v3,N1 .01/.02,Clean,0.0409043289502246,0.537465873400842,0,0,0.0172722064082866,0.00997211301932307,0.0199231377694198,0,86.9666666666667,86.9666666666667,0.0591934604904632,0.0790190735694828,0.180528938290533,0.74051360674588,0.0789574549635876,7.95287306321372e+15,7.39078305327468e+15,46724996.7411957,0
2,Causal-v3,N1 .01/.02,Clean,0.0401768007917201,0.553976296440451,0,0,0.0172245174863414,0.00994457980740064,0.0201414668887708,0,87.8333333333333,87.8333333333333,0.0590190735694824,0.0787829246139877,0.20303605313093,0.732447817836812,0.0645161290322581,7.21854148642767e+15,7.98156638980892e+15,46691595.251036,0
3,Causal-v3,N1 .01/.02,Clean,0.0379572435068259,0.543262042640146,0,0,0.0175204858156215,0.0101154572019821,0.0200729715360151,0,88.0333333333333,88.0333333333333,0.0588973660308811,0.0785990009082657,0.207875804619462,0.728890571753124,0.0632336236274139,7.89617654887964e+15,7.34501991325977e+15,46846607.2208529,0
1,P10,N2 .03/.05,Clean,0.0504994659211238,0.532444830597623,0,0,0.0518166192248599,0.0299163390579692,0.0498078444235495,0,100,NaN,0.0499636693914622,NaN,NaN,NaN,NaN,7.95287306321372e+15,7.39078305327468e+15,120259353.49711,0
2,P10,N2 .03/.05,Clean,0.0476780562892788,0.537225468912152,0,0,0.0516735524590243,0.0298337394222019,0.050353667221927,0,100,NaN,0.0499636693914622,NaN,NaN,NaN,NaN,7.21854148642767e+15,7.98156638980892e+15,120148809.084631,0
3,P10,N2 .03/.05,Clean,0.0459356456176383,0.534325667835531,0,0,0.0525614574468646,0.0303463716059463,0.0501824288400376,0,100,NaN,0.0499636693914622,NaN,NaN,NaN,NaN,7.89617654887964e+15,7.34501991325977e+15,120584709.323794,0
1,P20,N2 .03/.05,Clean,0.0350794067893377,0.554076535879473,0,0,0.0518166192248599,0.0299163390579692,0.0498078444235495,0,200,NaN,0.0259854677565848,NaN,NaN,NaN,NaN,7.95287306321372e+15,7.39078305327468e+15,120259353.49711,0
2,P20,N2 .03/.05,Clean,0.0325214614754405,0.558277122673359,0,0,0.0516735524590243,0.0298337394222019,0.050353667221927,0,200,NaN,0.0259854677565848,NaN,NaN,NaN,NaN,7.21854148642767e+15,7.98156638980892e+15,120148809.084631,0
3,P20,N2 .03/.05,Clean,0.0327509561308503,0.554113623036509,0,0,0.0525614574468646,0.0303463716059463,0.0501824288400376,0,200,NaN,0.0259854677565848,NaN,NaN,NaN,NaN,7.89617654887964e+15,7.34501991325977e+15,120584709.323794,0
1,State-event,N2 .03/.05,Clean,0.0369082071142515,0.551488259106818,0,0,0.0518166192248599,0.0299163390579692,0.0498078444235495,0,281,NaN,0.0598256130790191,NaN,NaN,NaN,NaN,7.95287306321372e+15,7.39078305327468e+15,120259353.49711,0
2,State-event,N2 .03/.05,Clean,0.0372266034146563,0.548544905240311,0,0,0.0516735524590243,0.0298337394222019,0.050353667221927,0,280.733333333333,NaN,0.0598219800181654,NaN,NaN,NaN,NaN,7.21854148642767e+15,7.98156638980892e+15,120148809.084631,0
3,State-event,N2 .03/.05,Clean,0.038361590505557,0.550277322332297,0,0,0.0525614574468646,0.0303463716059463,0.0501824288400376,0,283.533333333333,NaN,0.0597874659400546,NaN,NaN,NaN,NaN,7.89617654887964e+15,7.34501991325977e+15,120584709.323794,0
1,Causal-v3,N2 .03/.05,Clean,0.0304149470165154,0.548423040441897,0,0,0.0518166192248599,0.0299163390579692,0.0498078444235495,0,197.2,197.2,0.036768392370572,0.050965031789282,0.84026369168357,0.15973630831643,0,7.95287306321372e+15,7.39078305327468e+15,120259353.49711,0
2,Causal-v3,N2 .03/.05,Clean,0.0302333744318488,0.554302432941942,0,0,0.0516735524590243,0.0298337394222019,0.050353667221927,0,198.333333333333,198.333333333333,0.0366594005449589,0.0508083560399633,0.841344537815126,0.158655462184874,0,7.21854148642767e+15,7.98156638980892e+15,120148809.084631,0
3,Causal-v3,N2 .03/.05,Clean,0.0315599963453574,0.558241614934081,0,0,0.0525614574468646,0.0303463716059463,0.0501824288400376,0,197.133333333333,197.133333333333,0.0368247048138054,0.0510376930063575,0.839533310787961,0.160466689212039,0,7.89617654887964e+15,7.34501991325977e+15,120584709.323794,0
1,P10,N3 .05/.10,Clean,0.0701404659532323,0.500673827164058,0,0,0.0863610320414332,0.0498605650966153,0.0996156888470989,0,100,NaN,0.0499636693914622,NaN,NaN,NaN,NaN,7.95287306321372e+15,7.39078305327468e+15,233624983.705979,0
2,P10,N3 .05/.10,Clean,0.0711281122267017,0.496178486199535,0,0,0.0861225874317071,0.0497228990370032,0.100707334443854,0,100,NaN,0.0499636693914622,NaN,NaN,NaN,NaN,7.21854148642767e+15,7.98156638980892e+15,233457976.25518,0
3,P10,N3 .05/.10,Clean,0.0639906687687051,0.498432094029324,0,0,0.0876024290781076,0.0505772860099105,0.100364857680075,0,100,NaN,0.0499636693914622,NaN,NaN,NaN,NaN,7.89617654887964e+15,7.34501991325977e+15,234233036.104265,0
1,P20,N3 .05/.10,Clean,0.048601959935526,0.533432681135563,0,0,0.0863610320414331,0.0498605650966153,0.0996156888470989,0,200,NaN,0.0259854677565848,NaN,NaN,NaN,NaN,7.95287306321372e+15,7.39078305327468e+15,233624983.705979,0
2,P20,N3 .05/.10,Clean,0.0499160910172914,0.545773598599978,0,0,0.0861225874317072,0.0497228990370032,0.100707334443854,0,200,NaN,0.0259854677565848,NaN,NaN,NaN,NaN,7.21854148642767e+15,7.98156638980892e+15,233457976.25518,0
3,P20,N3 .05/.10,Clean,0.0465172012271184,0.524652008686416,0,0,0.0876024290781076,0.0505772860099105,0.100364857680075,0,200,NaN,0.0259854677565848,NaN,NaN,NaN,NaN,7.89617654887964e+15,7.34501991325977e+15,234233036.104265,0
1,State-event,N3 .05/.10,Clean,0.0425198333206821,0.536933791114918,0,0,0.0863610320414332,0.0498605650966153,0.0996156888470989,0,315,NaN,0.0581453224341508,NaN,NaN,NaN,NaN,7.95287306321372e+15,7.39078305327468e+15,233624983.705979,0
2,State-event,N3 .05/.10,Clean,0.0410150222081289,0.535978957004327,0,0,0.0861225874317071,0.0497228990370032,0.100707334443854,0,314.7,NaN,0.0581671207992734,NaN,NaN,NaN,NaN,7.21854148642767e+15,7.98156638980892e+15,233457976.25518,0
3,State-event,N3 .05/.10,Clean,0.0429662678881486,0.54019410161665,0,0,0.0876024290781076,0.0505772860099105,0.100364857680075,0,315.5,NaN,0.0581398728428702,NaN,NaN,NaN,NaN,7.89617654887964e+15,7.34501991325977e+15,234233036.104265,0
1,Causal-v3,N3 .05/.10,Clean,0.0395724017292233,0.527984224450027,0,0,0.0863610320414331,0.0498605650966153,0.0996156888470989,0,209.333333333333,209.333333333333,0.035538601271571,0.0494300635785645,0.84968152866242,0.15031847133758,0,7.95287306321372e+15,7.39078305327468e+15,233624983.705979,0
2,Causal-v3,N3 .05/.10,Clean,0.0432589838616087,0.526696070383174,0,0,0.0861225874317071,0.0497228990370032,0.100707334443854,0,209.2,209.2,0.0355694822888281,0.0494686648501358,0.849585723390695,0.150414276609305,0,7.21854148642767e+15,7.98156638980892e+15,233457976.25518,0
3,Causal-v3,N3 .05/.10,Clean,0.0406504545293004,0.544297038276199,0,0,0.0876024290781076,0.0505772860099105,0.100364857680075,0,209.433333333333,209.433333333333,0.0355603996366936,0.0494573115349678,0.84975330256247,0.15024669743753,0,7.89617654887964e+15,7.34501991325977e+15,234233036.104265,0
1,P10,L50  0/0,Clean,0.028480126714597,0.561188285000919,0,0,0.0125652436405022,0,0,0.05,100,NaN,0.0499636693914622,NaN,NaN,NaN,NaN,7.95287306321372e+15,7.39078305327468e+15,0,0
2,P10,L50  0/0,Clean,0.028480126714597,0.561188285000919,0,0,0.0125652436405022,0,0,0.05,100,NaN,0.0499636693914622,NaN,NaN,NaN,NaN,7.21854148642767e+15,7.98156638980892e+15,0,0
3,P10,L50  0/0,Clean,0.028480126714597,0.561188285000919,0,0,0.0125652436405022,0,0,0.05,100,NaN,0.0499636693914622,NaN,NaN,NaN,NaN,7.89617654887964e+15,7.34501991325977e+15,0,0
1,P20,L50  0/0,Clean,0.0213802973593882,0.57779309204552,0,0,0.0126654489952665,0,0,0.05,200,NaN,0.0259854677565848,NaN,NaN,NaN,NaN,7.95287306321372e+15,7.39078305327468e+15,0,0
2,P20,L50  0/0,Clean,0.0213802973593882,0.57779309204552,0,0,0.0126654489952665,0,0,0.05,200,NaN,0.0259854677565848,NaN,NaN,NaN,NaN,7.21854148642767e+15,7.98156638980892e+15,0,0
3,P20,L50  0/0,Clean,0.0213802973593882,0.57779309204552,0,0,0.0126654489952665,0,0,0.05,200,NaN,0.0259854677565848,NaN,NaN,NaN,NaN,7.89617654887964e+15,7.34501991325977e+15,0,0
1,State-event,L50  0/0,Clean,0.0726621489201633,0.507854370165445,0,0,0.0124994204368097,0,0,0.05,43.6666666666667,NaN,0.130094459582198,NaN,NaN,NaN,NaN,7.95287306321372e+15,7.39078305327468e+15,0,0
2,State-event,L50  0/0,Clean,0.0726621489201633,0.507854370165445,0,0,0.0124994204368097,0,0,0.05,43.6666666666667,NaN,0.130094459582198,NaN,NaN,NaN,NaN,7.21854148642767e+15,7.98156638980892e+15,0,0
3,State-event,L50  0/0,Clean,0.0726621489201633,0.507854370165445,0,0,0.0124994204368097,0,0,0.05,43.6666666666667,NaN,0.130094459582198,NaN,NaN,NaN,NaN,7.89617654887964e+15,7.34501991325977e+15,0,0
1,Causal-v3,L50  0/0,Clean,0.0329945387633367,0.554556492835891,0,0,0.0125509323487071,0,0,0.05,84.6,84.6,0.060016348773842,0.0800408719346054,0.086682427107959,0.901891252955083,0.0114263199369582,7.95287306321372e+15,7.39078305327468e+15,0,0
2,Causal-v3,L50  0/0,Clean,0.0329945387633367,0.554556492835891,0,0,0.0125509323487071,0,0,0.05,84.6,84.6,0.060016348773842,0.0800408719346054,0.086682427107959,0.901891252955083,0.0114263199369582,7.21854148642767e+15,7.98156638980892e+15,0,0
3,Causal-v3,L50  0/0,Clean,0.0329945387633367,0.554556492835891,0,0,0.0125509323487071,0,0,0.05,84.6,84.6,0.060016348773842,0.0800408719346054,0.086682427107959,0.901891252955083,0.0114263199369582,7.89617654887964e+15,7.34501991325977e+15,0,0
1,P10,L100 0/0,Clean,0.0342632067757347,0.548097360215577,0,0,0.0289081840154487,0,0,0.1,100,NaN,0.0499636693914622,NaN,NaN,NaN,NaN,7.95287306321372e+15,7.39078305327468e+15,0,0
2,P10,L100 0/0,Clean,0.0342632067757347,0.548097360215577,0,0,0.0289081840154487,0,0,0.1,100,NaN,0.0499636693914622,NaN,NaN,NaN,NaN,7.21854148642767e+15,7.98156638980892e+15,0,0
3,P10,L100 0/0,Clean,0.0342632067757347,0.548097360215577,0,0,0.0289081840154487,0,0,0.1,100,NaN,0.0499636693914622,NaN,NaN,NaN,NaN,7.89617654887964e+15,7.34501991325977e+15,0,0
1,P20,L100 0/0,Clean,0.0224059755524615,0.568402424191737,0,0,0.0260089526526001,0,0,0.1,200,NaN,0.0259854677565848,NaN,NaN,NaN,NaN,7.95287306321372e+15,7.39078305327468e+15,0,0
2,P20,L100 0/0,Clean,0.0224059755524615,0.568402424191737,0,0,0.0260089526526001,0,0,0.1,200,NaN,0.0259854677565848,NaN,NaN,NaN,NaN,7.21854148642767e+15,7.98156638980892e+15,0,0
3,P20,L100 0/0,Clean,0.0224059755524615,0.568402424191737,0,0,0.0260089526526001,0,0,0.1,200,NaN,0.0259854677565848,NaN,NaN,NaN,NaN,7.89617654887964e+15,7.34501991325977e+15,0,0
1,State-event,L100 0/0,Clean,0.0423401374820859,0.530199477926998,0,0,0.0295087254785138,0,0,0.1,76.4333333333333,NaN,0.0826684831970936,NaN,NaN,NaN,NaN,7.95287306321372e+15,7.39078305327468e+15,0,0
2,State-event,L100 0/0,Clean,0.0423401374820859,0.530199477926998,0,0,0.0295087254785138,0,0,0.1,76.4333333333333,NaN,0.0826684831970936,NaN,NaN,NaN,NaN,7.21854148642767e+15,7.98156638980892e+15,0,0
3,State-event,L100 0/0,Clean,0.0423401374820859,0.530199477926998,0,0,0.0295087254785138,0,0,0.1,76.4333333333333,NaN,0.0826684831970936,NaN,NaN,NaN,NaN,7.89617654887964e+15,7.34501991325977e+15,0,0
1,Causal-v3,L100 0/0,Clean,0.0344892524524716,0.550716644248239,0,0,0.0292182842689682,0,0,0.1,94.7666666666667,94.7666666666667,0.0541725703905541,0.0727384196185293,0.516004220893422,0.477664438972916,0.00633134013366162,7.95287306321372e+15,7.39078305327468e+15,0,0
2,Causal-v3,L100 0/0,Clean,0.0344892524524716,0.550716644248239,0,0,0.0292182842689682,0,0,0.1,94.7666666666667,94.7666666666667,0.0541725703905541,0.0727384196185293,0.516004220893422,0.477664438972916,0.00633134013366162,7.21854148642767e+15,7.98156638980892e+15,0,0
3,Causal-v3,L100 0/0,Clean,0.0344892524524716,0.550716644248239,0,0,0.0292182842689682,0,0,0.1,94.7666666666667,94.7666666666667,0.0541725703905541,0.0727384196185293,0.516004220893422,0.477664438972916,0.00633134013366162,7.89617654887964e+15,7.34501991325977e+15,0,0
1,P10,C3 combined,Clean,0.0444141692083933,0.540240617452573,0,0,0.05337177783475,0.0299163390579692,0.0498078444235495,0.05,100,NaN,0.0499636693914622,NaN,NaN,NaN,NaN,7.95287306321372e+15,7.39078305327468e+15,120259353.49711,0
2,P10,C3 combined,Clean,0.0428497516652994,0.539474120616071,0,0,0.0532085383271678,0.0298337394222019,0.050353667221927,0.05,100,NaN,0.0499636693914622,NaN,NaN,NaN,NaN,7.21854148642767e+15,7.98156638980892e+15,120148809.084631,0
3,P10,C3 combined,Clean,0.0391504776199861,0.542840648583019,0,0,0.0540116542397402,0.0303463716059463,0.0501824288400376,0.05,100,NaN,0.0499636693914622,NaN,NaN,NaN,NaN,7.89617654887964e+15,7.34501991325977e+15,120584709.323794,0
1,P20,C3 combined,Clean,0.0309579424296513,0.560619527253161,0,0,0.0533738306639842,0.0299163390579692,0.0498078444235495,0.05,200,NaN,0.0259854677565848,NaN,NaN,NaN,NaN,7.95287306321372e+15,7.39078305327468e+15,120259353.49711,0
2,P20,C3 combined,Clean,0.0305738293436362,0.561843153239316,0,0,0.0532131717775423,0.0298337394222019,0.050353667221927,0.05,200,NaN,0.0259854677565848,NaN,NaN,NaN,NaN,7.21854148642767e+15,7.98156638980892e+15,120148809.084631,0
3,P20,C3 combined,Clean,0.0292172299202056,0.548399256937667,0,0,0.0540229385303339,0.0303463716059463,0.0501824288400376,0.05,200,NaN,0.0259854677565848,NaN,NaN,NaN,NaN,7.89617654887964e+15,7.34501991325977e+15,120584709.323794,0
1,State-event,C3 combined,Clean,0.0300373549071508,0.55859888153398,0,0,0.053368959316515,0.0299163390579692,0.0498078444235495,0.05,279.866666666667,NaN,0.0599200726612171,NaN,NaN,NaN,NaN,7.95287306321372e+15,7.39078305327468e+15,120259353.49711,0
2,State-event,C3 combined,Clean,0.030113379256772,0.552116340746444,0,0,0.0532049757854735,0.0298337394222019,0.050353667221927,0.05,280.233333333333,NaN,0.0598637602179837,NaN,NaN,NaN,NaN,7.21854148642767e+15,7.98156638980892e+15,120148809.084631,0
3,State-event,C3 combined,Clean,0.0311696004008615,0.558044310361588,0,0,0.0540090225517129,0.0303463716059463,0.0501824288400376,0.05,282.433333333333,NaN,0.0597910990009083,NaN,NaN,NaN,NaN,7.89617654887964e+15,7.34501991325977e+15,120584709.323794,0
1,Causal-v3,C3 combined,Clean,0.0268160767003678,0.555218854077517,0,0,0.0533872267785529,0.0299163390579692,0.0498078444235495,0.05,196.733333333333,196.733333333333,0.0368410535876474,0.0510558583106263,0.839884784818706,0.160115215181294,0,7.95287306321372e+15,7.39078305327468e+15,120259353.49711,0
2,Causal-v3,C3 combined,Clean,0.0254828512335168,0.561068343109312,0,0,0.0532103988638018,0.0298337394222019,0.050353667221927,0.05,197.7,197.7,0.0367865576748408,0.0509673024523157,0.840499072669027,0.159500927330973,0,7.21854148642767e+15,7.98156638980892e+15,120148809.084631,0
3,Causal-v3,C3 combined,Clean,0.0262284673868403,0.561157262215629,0,0,0.0540029761159311,0.0303463716059463,0.0501824288400376,0.05,196.9,196.9,0.0368810172570388,0.0511080835603993,0.839851024208566,0.160148975791434,0,7.89617654887964e+15,7.34501991325977e+15,120584709.323794,0
1,P10,N0 noiseless,Moderate,0.0972617788784346,0.476023914673831,0,0,0,0,0,0,100,NaN,0.153651226158038,NaN,NaN,NaN,NaN,7.05911968612559e+15,8.4569123598695e+15,0,0
2,P10,N0 noiseless,Moderate,0.097942251796723,0.475721215954798,0,0,0,0,0,0,100,NaN,0.154550408719346,NaN,NaN,NaN,NaN,7.3186465772469e+15,7.1423357109285e+15,0,0
3,P10,N0 noiseless,Moderate,0.0978267323913384,0.47287546666485,0,0,0,0,0,0,100,NaN,0.155449591280654,NaN,NaN,NaN,NaN,6.18620881809766e+15,7.31764265755974e+15,0,0
1,P20,N0 noiseless,Moderate,0.0756034549268763,0.504647709557987,0,0,0,0,0,0,200,NaN,0.118376021798365,NaN,NaN,NaN,NaN,7.05911968612559e+15,8.4569123598695e+15,0,0
2,P20,N0 noiseless,Moderate,0.0752275279019449,0.50469745239731,0,0,0,0,0,0,200,NaN,0.118067211625795,NaN,NaN,NaN,NaN,7.3186465772469e+15,7.1423357109285e+15,0,0
3,P20,N0 noiseless,Moderate,0.0756215199282498,0.504338583918546,0,0,0,0,0,0,200,NaN,0.118910081743869,NaN,NaN,NaN,NaN,6.18620881809766e+15,7.31764265755974e+15,0,0
1,State-event,N0 noiseless,Moderate,0.167409881519522,0.395994684318762,0,0,0,0,0,0,43.0666666666667,NaN,0.269711171662125,NaN,NaN,NaN,NaN,7.05911968612559e+15,8.4569123598695e+15,0,0
2,State-event,N0 noiseless,Moderate,0.179101503872792,0.375085234747968,0,0,0,0,0,0,43.1666666666667,NaN,0.287569482288828,NaN,NaN,NaN,NaN,7.3186465772469e+15,7.1423357109285e+15,0,0
3,State-event,N0 noiseless,Moderate,0.170589958144332,0.374130219365737,0,0,0,0,0,0,43.2,NaN,0.282772025431426,NaN,NaN,NaN,NaN,6.18620881809766e+15,7.31764265755974e+15,0,0
1,Causal-v3,N0 noiseless,Moderate,0.0890119059407212,0.48978742485677,0,0,0,0,0,0,134.466666666667,108.233333333333,0.140995458673933,0.220508628519528,0.0014873574615766,0.998512642538423,0,7.05911968612559e+15,8.4569123598695e+15,0,0
2,Causal-v3,N0 noiseless,Moderate,0.0894125529652569,0.486726958362269,0,0,0,0,0,0,134.933333333333,107.433333333333,0.142038147138965,0.221880108991826,0.00148221343873518,0.998517786561265,0,7.3186465772469e+15,7.1423357109285e+15,0,0
3,Causal-v3,N0 noiseless,Moderate,0.089259945477605,0.487466370377517,0,0,0,0,0,0,135.166666666667,107.633333333333,0.142023614895549,0.220731153496821,0.00147965474722565,0.998520345252774,0,6.18620881809766e+15,7.31764265755974e+15,0,0
1,P10,N1 .01/.02,Moderate,0.0976940160746072,0.474864686978457,0,0,0.017407004641775,0.0100499388157139,0.0198034149916928,0,100,NaN,0.153651226158038,NaN,NaN,NaN,NaN,7.05911968612559e+15,8.4569123598695e+15,46441929.8223157,0
2,P10,N1 .01/.02,Moderate,0.0993588917591637,0.472002848586383,0,0,0.0172771748141544,0.00997498152978827,0.0200476852502174,0,100,NaN,0.154550408719346,NaN,NaN,NaN,NaN,7.3186465772469e+15,7.1423357109285e+15,46962046.3574663,0
3,P10,N1 .01/.02,Moderate,0.0986490172168428,0.456718918877797,0,0,0.0171675095205398,0.00991166624299912,0.0199120428635111,0,100,NaN,0.155449591280654,NaN,NaN,NaN,NaN,6.18620881809766e+15,7.31764265755974e+15,46327315.6591877,0
1,P20,N1 .01/.02,Moderate,0.0768436154528874,0.500381395421048,0,0,0.017407004641775,0.0100499388157139,0.0198034149916928,0,200,NaN,0.118376021798365,NaN,NaN,NaN,NaN,7.05911968612559e+15,8.4569123598695e+15,46441929.8223157,0
2,P20,N1 .01/.02,Moderate,0.0764289606741511,0.50279573031417,0,0,0.0172771748141544,0.00997498152978827,0.0200476852502174,0,200,NaN,0.118067211625795,NaN,NaN,NaN,NaN,7.3186465772469e+15,7.1423357109285e+15,46962046.3574663,0
3,P20,N1 .01/.02,Moderate,0.0755737240852414,0.490140852654802,0,0,0.0171675095205398,0.00991166624299912,0.0199120428635111,0,200,NaN,0.118910081743869,NaN,NaN,NaN,NaN,6.18620881809766e+15,7.31764265755974e+15,46327315.6591877,0
1,State-event,N1 .01/.02,Moderate,0.147904832010647,0.431995155963114,0,0,0.017407004641775,0.0100499388157139,0.0198034149916928,0,47.6666666666667,NaN,0.26611080835604,NaN,NaN,NaN,NaN,7.05911968612559e+15,8.4569123598695e+15,46441929.8223157,0
2,State-event,N1 .01/.02,Moderate,0.14601138649136,0.423351750080818,0,0,0.0172771748141544,0.00997498152978827,0.0200476852502174,0,47.3,NaN,0.264683015440509,NaN,NaN,NaN,NaN,7.3186465772469e+15,7.1423357109285e+15,46962046.3574663,0
3,State-event,N1 .01/.02,Moderate,0.141114811069601,0.408975309958735,0,0,0.0171675095205398,0.00991166624299912,0.0199120428635111,0,47.6,NaN,0.266256130790191,NaN,NaN,NaN,NaN,6.18620881809766e+15,7.31764265755974e+15,46327315.6591877,0
1,Causal-v3,N1 .01/.02,Moderate,0.0751179576909527,0.508987841660706,0,0,0.017407004641775,0.0100499388157139,0.0198034149916928,0,218.733333333333,175.733333333333,0.123524069028156,0.198732970027248,0.021182566290765,0.978512648582749,0.000304785126485827,7.05911968612559e+15,8.4569123598695e+15,46441929.8223157,0
2,Causal-v3,N1 .01/.02,Moderate,0.0765791969444739,0.499287935422298,0,0,0.0172771748141544,0.00997498152978827,0.0200476852502174,0,219.766666666667,173.3,0.123994550408719,0.199266575840146,0.020021234642803,0.979978765357197,0,7.3186465772469e+15,7.1423357109285e+15,46962046.3574663,0
3,Causal-v3,N1 .01/.02,Moderate,0.0779508475311627,0.496254544227208,0,0,0.0171675095205398,0.00991166624299912,0.0199120428635111,0,218.4,173.9,0.124592188919164,0.198844232515895,0.0138888888888889,0.986111111111111,0,6.18620881809766e+15,7.31764265755974e+15,46327315.6591877,0
1,P10,N2 .03/.05,Moderate,0.10014839051418,0.472006183208673,0,0,0.0522210139253251,0.0301498164471416,0.0495085374792319,0,100,NaN,0.153651226158038,NaN,NaN,NaN,NaN,7.05911968612559e+15,8.4569123598695e+15,119569913.37108,0
2,P10,N2 .03/.05,Moderate,0.104393096414627,0.466885399136179,0,0,0.0518315244424633,0.0299249445893648,0.0501192131255436,0,100,NaN,0.154550408719346,NaN,NaN,NaN,NaN,7.3186465772469e+15,7.1423357109285e+15,120844443.279725,0
3,P10,N2 .03/.05,Moderate,0.102780104857227,0.424641826116027,0,0,0.0515025285616194,0.0297349987289973,0.0497801071587778,0,100,NaN,0.155449591280654,NaN,NaN,NaN,NaN,6.18620881809766e+15,7.31764265755974e+15,119270801.104115,0
1,P20,N2 .03/.05,Moderate,0.0799787921126401,0.494262133456706,0,0,0.0522210139253251,0.0301498164471416,0.0495085374792319,0,200,NaN,0.118376021798365,NaN,NaN,NaN,NaN,7.05911968612559e+15,8.4569123598695e+15,119569913.37108,0
2,P20,N2 .03/.05,Moderate,0.0794720254926013,0.494864458436754,0,0,0.0518315244424633,0.0299249445893648,0.0501192131255436,0,200,NaN,0.118067211625795,NaN,NaN,NaN,NaN,7.3186465772469e+15,7.1423357109285e+15,120844443.279725,0
3,P20,N2 .03/.05,Moderate,0.0778931932145362,0.465984597811901,0,0,0.0515025285616194,0.0297349987289973,0.0497801071587778,0,200,NaN,0.118910081743869,NaN,NaN,NaN,NaN,6.18620881809766e+15,7.31764265755974e+15,119270801.104115,0
1,State-event,N2 .03/.05,Moderate,0.0999417761299869,0.485009476410995,0,0,0.0522210139253251,0.0301498164471416,0.0495085374792319,0,279.9,NaN,0.173613079019074,NaN,NaN,NaN,NaN,7.05911968612559e+15,8.4569123598695e+15,119569913.37108,0
2,State-event,N2 .03/.05,Moderate,0.0968687255274159,0.478506103873569,0,0,0.0518315244424633,0.0299249445893648,0.0501192131255436,0,280.233333333333,NaN,0.168777475022707,NaN,NaN,NaN,NaN,7.3186465772469e+15,7.1423357109285e+15,120844443.279725,0
3,State-event,N2 .03/.05,Moderate,0.0997202101678538,0.459765722853742,0,0,0.0515025285616194,0.0297349987289973,0.0497801071587778,0,279.933333333333,NaN,0.170099909173479,NaN,NaN,NaN,NaN,6.18620881809766e+15,7.31764265755974e+15,119270801.104115,0
1,Causal-v3,N2 .03/.05,Moderate,0.0771659940642452,0.505334177155344,0,0,0.0522210139253251,0.0301498164471416,0.0495085374792319,0,227.433333333333,182.433333333333,0.122550408719346,0.197511353315169,0.681371830573062,0.318628169426938,0,7.05911968612559e+15,8.4569123598695e+15,119569913.37108,0
2,Causal-v3,N2 .03/.05,Moderate,0.0773313619898306,0.491873754595125,0,0,0.0518315244424633,0.0299249445893648,0.0501192131255436,0,227.066666666667,179.7,0.1230608537693,0.19810399636694,0.690692894891368,0.309307105108632,0,7.3186465772469e+15,7.1423357109285e+15,120844443.279725,0
3,Causal-v3,N2 .03/.05,Moderate,0.0802055478110265,0.480632789473695,0,0,0.0515025285616194,0.0297349987289973,0.0497801071587778,0,227.933333333333,181.666666666667,0.12353315168029,0.197538601271572,0.679145949107926,0.320854050892074,0,6.18620881809766e+15,7.31764265755974e+15,119270801.104115,0
1,P10,N3 .05/.10,Moderate,0.109432898483193,0.459634555855615,0,0,0.0870350232088752,0.0502496940785694,0.0990170749584638,0,100,NaN,0.153651226158038,NaN,NaN,NaN,NaN,7.05911968612559e+15,8.4569123598695e+15,232209649.111579,0
2,P10,N3 .05/.10,Moderate,0.119038250699164,0.446077200227965,0,0,0.0863858740707722,0.0498749076489414,0.100238426251087,0,100,NaN,0.154550408719346,NaN,NaN,NaN,NaN,7.3186465772469e+15,7.1423357109285e+15,234810231.787332,0
3,P10,N3 .05/.10,Moderate,0.114633982780689,0.370045503510512,0,0,0.0858375476026991,0.0495583312149956,0.0995602143175556,0,100,NaN,0.155449591280654,NaN,NaN,NaN,NaN,6.18620881809766e+15,7.31764265755974e+15,231636578.295939,0
1,P20,N3 .05/.10,Moderate,0.0880707577371359,0.480486541803945,0,0,0.0870350232088752,0.0502496940785694,0.0990170749584638,0,200,NaN,0.118376021798365,NaN,NaN,NaN,NaN,7.05911968612559e+15,8.4569123598695e+15,232209649.111579,0
2,P20,N3 .05/.10,Moderate,0.0871333848627911,0.479850418874989,0,0,0.0863858740707722,0.0498749076489414,0.100238426251087,0,200,NaN,0.118067211625795,NaN,NaN,NaN,NaN,7.3186465772469e+15,7.1423357109285e+15,234810231.787332,0
3,P20,N3 .05/.10,Moderate,0.0859604296188052,0.430337217587744,0,0,0.085837547602699,0.0495583312149956,0.0995602143175556,0,200,NaN,0.118910081743869,NaN,NaN,NaN,NaN,6.18620881809766e+15,7.31764265755974e+15,231636578.295939,0
1,State-event,N3 .05/.10,Moderate,0.103984039799832,0.477986578264884,0,0,0.0870350232088752,0.0502496940785694,0.0990170749584638,0,315,NaN,0.171340599455041,NaN,NaN,NaN,NaN,7.05911968612559e+15,8.4569123598695e+15,232209649.111579,0
2,State-event,N3 .05/.10,Moderate,0.0971951394957128,0.461876009033342,0,0,0.0863858740707722,0.0498749076489414,0.100238426251087,0,315.2,NaN,0.166568574023615,NaN,NaN,NaN,NaN,7.3186465772469e+15,7.1423357109285e+15,234810231.787332,0
3,State-event,N3 .05/.10,Moderate,0.102144655782009,0.437128693628136,0,0,0.085837547602699,0.0495583312149956,0.0995602143175556,0,315.466666666667,NaN,0.168,NaN,NaN,NaN,NaN,6.18620881809766e+15,7.31764265755974e+15,231636578.295939,0
1,Causal-v3,N3 .05/.10,Moderate,0.0821573907510487,0.491509004216929,0,0,0.0870350232088752,0.0502496940785694,0.0990170749584638,0,227.6,182.5,0.1225540417802,0.197515894641236,0.770650263620387,0.229349736379613,0,7.05911968612559e+15,8.4569123598695e+15,232209649.111579,0
2,Causal-v3,N3 .05/.10,Moderate,0.0814802932427551,0.480880704578314,0,0,0.0863858740707722,0.0498749076489414,0.100238426251087,0,227.233333333333,179.8,0.123071752951862,0.198117620345141,0.769253337245122,0.230746662754878,0,7.3186465772469e+15,7.1423357109285e+15,234810231.787332,0
3,Causal-v3,N3 .05/.10,Moderate,0.0883368980190812,0.452125350984869,0,0,0.0858375476026991,0.0495583312149956,0.0995602143175556,0,228,181.733333333333,0.12353315168029,0.197538601271572,0.769736842105263,0.230263157894737,0,6.18620881809766e+15,7.31764265755974e+15,231636578.295939,0
1,P10,L50  0/0,Moderate,0.0871492545322735,0.485912964405726,0,0,0.0121609461469858,0,0,0.05,100,NaN,0.153651226158038,NaN,NaN,NaN,NaN,7.05911968612559e+15,8.4569123598695e+15,0,0
2,P10,L50  0/0,Moderate,0.0877875666326561,0.486420719793148,0,0,0.0121590167495968,0,0,0.05,100,NaN,0.154550408719346,NaN,NaN,NaN,NaN,7.3186465772469e+15,7.1423357109285e+15,0,0
3,P10,L50  0/0,Moderate,0.0876581515973717,0.483290462059704,0,0,0.012187506853949,0,0,0.05,100,NaN,0.155449591280654,NaN,NaN,NaN,NaN,6.18620881809766e+15,7.31764265755974e+15,0,0
1,P20,L50  0/0,Moderate,0.0657622299366379,0.51432173491175,0,0,0.0122916208050916,0,0,0.05,200,NaN,0.118376021798365,NaN,NaN,NaN,NaN,7.05911968612559e+15,8.4569123598695e+15,0,0
2,P20,L50  0/0,Moderate,0.0654163039299123,0.514599787303155,0,0,0.0122772993738943,0,0,0.05,200,NaN,0.118067211625795,NaN,NaN,NaN,NaN,7.3186465772469e+15,7.1423357109285e+15,0,0
3,P20,L50  0/0,Moderate,0.065796454356531,0.514529075575495,0,0,0.0122997497006451,0,0,0.05,200,NaN,0.118910081743869,NaN,NaN,NaN,NaN,6.18620881809766e+15,7.31764265755974e+15,0,0
1,State-event,L50  0/0,Moderate,0.168756514844212,0.403630063932537,0,0,0.0120018092806952,0,0,0.05,43.4666666666667,NaN,0.291620345140781,NaN,NaN,NaN,NaN,7.05911968612559e+15,8.4569123598695e+15,0,0
2,State-event,L50  0/0,Moderate,0.162338877921744,0.377285774056434,0,0,0.012015632542887,0,0,0.05,43.5,NaN,0.275769300635786,NaN,NaN,NaN,NaN,7.3186465772469e+15,7.1423357109285e+15,0,0
3,State-event,L50  0/0,Moderate,0.157502046939311,0.38551133732487,0,0,0.0120115498297828,0,0,0.05,43.6,NaN,0.273880108991826,NaN,NaN,NaN,NaN,6.18620881809766e+15,7.31764265755974e+15,0,0
1,Causal-v3,L50  0/0,Moderate,0.0793104057246802,0.499138539795199,0,0,0.0123022393565312,0,0,0.05,134.766666666667,108.166666666667,0.14133514986376,0.221037693006358,0.00098936433341578,0.998268612416522,0.000742023250061835,7.05911968612559e+15,8.4569123598695e+15,0,0
2,Causal-v3,L50  0/0,Moderate,0.0792288738063334,0.498858091885195,0,0,0.0122965038233067,0,0,0.05,134.866666666667,107.633333333333,0.141878292461399,0.221614441416894,0.000988630746416213,0.998269896193772,0.00074147305981216,7.3186465772469e+15,7.1423357109285e+15,0,0
3,Causal-v3,L50  0/0,Moderate,0.0795228523502021,0.498151277389134,0,0,0.0123152576276801,0,0,0.05,135.666666666667,108.1,0.142457765667575,0.221271571298819,0.000982800982800983,0.998280098280098,0.000737100737100737,6.18620881809766e+15,7.31764265755974e+15,0,0
1,P10,L100 0/0,Moderate,0.111084535423877,0.444214934428504,0,0,0.0337244694096054,0,0,0.1,100,NaN,0.153651226158038,NaN,NaN,NaN,NaN,7.05911968612559e+15,8.4569123598695e+15,0,0
2,P10,L100 0/0,Moderate,0.109986709625506,0.434107273782065,0,0,0.0335946448169673,0,0,0.1,100,NaN,0.154550408719346,NaN,NaN,NaN,NaN,7.3186465772469e+15,7.1423357109285e+15,0,0
3,P10,L100 0/0,Moderate,0.102996965671208,0.444350347413176,0,0,0.0336151136314845,0,0,0.1,100,NaN,0.155449591280654,NaN,NaN,NaN,NaN,6.18620881809766e+15,7.31764265755974e+15,0,0
1,P20,L100 0/0,Moderate,0.0864207978911809,0.45185950420251,0,0,0.0334589048419397,0,0,0.1,200,NaN,0.118376021798365,NaN,NaN,NaN,NaN,7.05911968612559e+15,8.4569123598695e+15,0,0
2,P20,L100 0/0,Moderate,0.0838148572511126,0.469715144666291,0,0,0.033482195402781,0,0,0.1,200,NaN,0.118067211625795,NaN,NaN,NaN,NaN,7.3186465772469e+15,7.1423357109285e+15,0,0
3,P20,L100 0/0,Moderate,0.0866811503920556,0.466289026132666,0,0,0.0335224468938696,0,0,0.1,200,NaN,0.118910081743869,NaN,NaN,NaN,NaN,6.18620881809766e+15,7.31764265755974e+15,0,0
1,State-event,L100 0/0,Moderate,0.130482871659962,0.411704181087328,0,0,0.033938557664272,0,0,0.1,87.6,NaN,0.200366939146231,NaN,NaN,NaN,NaN,7.05911968612559e+15,8.4569123598695e+15,0,0
2,State-event,L100 0/0,Moderate,0.123940455505593,0.389929660324098,0,0,0.0339203959446693,0,0,0.1,87.5333333333333,NaN,0.197362397820163,NaN,NaN,NaN,NaN,7.3186465772469e+15,7.1423357109285e+15,0,0
3,State-event,L100 0/0,Moderate,0.118478920995022,0.402952533799972,0,0,0.0333856055998547,0,0,0.1,84.7,NaN,0.199485921889192,NaN,NaN,NaN,NaN,6.18620881809766e+15,7.31764265755974e+15,0,0
1,Causal-v3,L100 0/0,Moderate,0.0891772669209286,0.466034148215872,0,0,0.0333484530599526,0,0,0.1,204.4,164.433333333333,0.123013623978202,0.198035876475932,0.000652315720808871,0.998369210697978,0.000978473581213307,7.05911968612559e+15,8.4569123598695e+15,0,0
2,Causal-v3,L100 0/0,Moderate,0.0855414840053105,0.459362025197418,0,0,0.0333935107918228,0,0,0.1,204.433333333333,162.466666666667,0.123262488646685,0.198367393278838,0.000652209359204305,0.998369476601989,0.000978314038806457,7.3186465772469e+15,7.1423357109285e+15,0,0
3,Causal-v3,L100 0/0,Moderate,0.0879197933442739,0.466590710600434,0,0,0.0333270742504631,0,0,0.1,204.5,162.7,0.124145322434151,0.198294732061763,0.0006519967400163,0.998370008149959,0.00097799511002445,6.18620881809766e+15,7.31764265755974e+15,0,0
1,P10,C3 combined,Moderate,0.0911336491699173,0.477699305126359,0,0,0.0536370376941657,0.0301498164471416,0.0495085374792319,0.05,100,NaN,0.153651226158038,NaN,NaN,NaN,NaN,7.05911968612559e+15,8.4569123598695e+15,119569913.37108,0
2,P10,C3 combined,Moderate,0.0955177301853143,0.475354033017616,0,0,0.0533069548177838,0.0299249445893648,0.0501192131255436,0.05,100,NaN,0.154550408719346,NaN,NaN,NaN,NaN,7.3186465772469e+15,7.1423357109285e+15,120844443.279725,0
3,P10,C3 combined,Moderate,0.0926667547494893,0.436623626915743,0,0,0.0529795870141066,0.0297349987289973,0.0497801071587778,0.05,100,NaN,0.155449591280654,NaN,NaN,NaN,NaN,6.18620881809766e+15,7.31764265755974e+15,119270801.104115,0
1,P20,C3 combined,Moderate,0.0705260492468779,0.503411208369662,0,0,0.0536772437599595,0.0301498164471416,0.0495085374792319,0.05,200,NaN,0.118376021798365,NaN,NaN,NaN,NaN,7.05911968612559e+15,8.4569123598695e+15,119569913.37108,0
2,P20,C3 combined,Moderate,0.0701419762218515,0.502722897094152,0,0,0.0533398950697682,0.0299249445893648,0.0501192131255436,0.05,200,NaN,0.118067211625795,NaN,NaN,NaN,NaN,7.3186465772469e+15,7.1423357109285e+15,120844443.279725,0
3,P20,C3 combined,Moderate,0.0686689395947662,0.474353016385566,0,0,0.0529839852056526,0.0297349987289973,0.0497801071587778,0.05,200,NaN,0.118910081743869,NaN,NaN,NaN,NaN,6.18620881809766e+15,7.31764265755974e+15,119270801.104115,0
1,State-event,C3 combined,Moderate,0.0904489832150773,0.497117049750977,0,0,0.0536561322587318,0.0301498164471416,0.0495085374792319,0.05,279.1,NaN,0.173545867393279,NaN,NaN,NaN,NaN,7.05911968612559e+15,8.4569123598695e+15,119569913.37108,0
2,State-event,C3 combined,Moderate,0.087259283344367,0.484074944271439,0,0,0.0533736655266421,0.0299249445893648,0.0501192131255436,0.05,279.533333333333,NaN,0.168910081743869,NaN,NaN,NaN,NaN,7.3186465772469e+15,7.1423357109285e+15,120844443.279725,0
3,State-event,C3 combined,Moderate,0.0895015703569093,0.471708887587383,0,0,0.0530021038469672,0.0297349987289973,0.0497801071587778,0.05,278.333333333333,NaN,0.170156221616712,NaN,NaN,NaN,NaN,6.18620881809766e+15,7.31764265755974e+15,119270801.104115,0
1,Causal-v3,C3 combined,Moderate,0.0678711597575029,0.512374324268952,0,0,0.053685617047903,0.0301498164471416,0.0495085374792319,0.05,227.366666666667,182.366666666667,0.122550408719346,0.197511353315169,0.67849288960563,0.32150711039437,0,7.05911968612559e+15,8.4569123598695e+15,119569913.37108,0
2,Causal-v3,C3 combined,Moderate,0.0676797727752863,0.498899553527661,0,0,0.0533961814658013,0.0299249445893648,0.0501192131255436,0.05,227.1,179.666666666667,0.123086285195277,0.19813578564941,0.688096286511082,0.311903713488918,0,7.3186465772469e+15,7.1423357109285e+15,120844443.279725,0
3,Causal-v3,C3 combined,Moderate,0.0707226602799011,0.489771940838323,0,0,0.0530241347862777,0.0297349987289973,0.0497801071587778,0.05,227.933333333333,181.633333333333,0.12353315168029,0.197538601271572,0.677391050014624,0.322608949985376,0,6.18620881809766e+15,7.31764265755974e+15,119270801.104115,0
1,P10,N0 noiseless,Stressed,0.147946913020543,0.414363941055743,0,0,0,0,0,0,100,NaN,0.238637602179837,NaN,NaN,NaN,NaN,7.50892100204258e+15,7.1062366130725e+15,0,0
2,P10,N0 noiseless,Stressed,0.14867988298644,0.416845312633587,0,0,0,0,0,0,100,NaN,0.241035422343324,NaN,NaN,NaN,NaN,6.81993085933266e+15,6.80154484982729e+15,0,0
3,P10,N0 noiseless,Stressed,0.146956283710868,0.414613600484545,0,0,0,0,0,0,100,NaN,0.235694822888283,NaN,NaN,NaN,NaN,8.30479491140982e+15,7.7315893228558e+15,0,0
1,P20,N0 noiseless,Stressed,0.11240471648122,0.457927456965495,0,0,0,0,0,0,200,NaN,0.179758401453224,NaN,NaN,NaN,NaN,7.50892100204258e+15,7.1062366130725e+15,0,0
2,P20,N0 noiseless,Stressed,0.112328248235194,0.455876105930529,0,0,0,0,0,0,200,NaN,0.179625794732062,NaN,NaN,NaN,NaN,6.81993085933266e+15,6.80154484982729e+15,0,0
3,P20,N0 noiseless,Stressed,0.111371141223827,0.458995821820799,0,0,0,0,0,0,200,NaN,0.177333333333333,NaN,NaN,NaN,NaN,8.30479491140982e+15,7.7315893228558e+15,0,0
1,State-event,N0 noiseless,Stressed,0.269466676476386,0.218053277443552,1,0,0,0,0,0,42.5333333333333,NaN,0.440873751135332,NaN,NaN,NaN,NaN,7.50892100204258e+15,7.1062366130725e+15,0,0
2,State-event,N0 noiseless,Stressed,0.244253015519575,0.314882552883058,0,0,0,0,0,0,42.5666666666667,NaN,0.409024523160763,NaN,NaN,NaN,NaN,6.81993085933266e+15,6.80154484982729e+15,0,0
3,State-event,N0 noiseless,Stressed,0.261161331386783,0.246211591156833,1,0,0,0,0,0,42.6666666666667,NaN,0.406937329700272,NaN,NaN,NaN,NaN,8.30479491140982e+15,7.7315893228558e+15,0,0
1,Causal-v3,N0 noiseless,Stressed,0.118808211451973,0.447256643811479,0,0,0,0,0,0,183,109.3,0.189324250681199,0.309025885558581,0.00109289617486339,0.998907103825137,0,7.50892100204258e+15,7.1062366130725e+15,0,0
2,Causal-v3,N0 noiseless,Stressed,0.118370476856453,0.440176210576403,0,0,0,0,0,0,182.866666666667,109.966666666667,0.188528610354223,0.308535422343322,0.001093693036821,0.998906306963179,0,6.81993085933266e+15,6.80154484982729e+15,0,0
3,Causal-v3,N0 noiseless,Stressed,0.118732904736337,0.443724715281615,0,0,0,0,0,0,182.933333333333,109.9,0.189128065395095,0.310054495912805,0.0010932944606414,0.998906705539359,0,8.30479491140982e+15,7.7315893228558e+15,0,0
1,P10,N1 .01/.02,Stressed,0.147198952508079,0.411019709180534,0,0,0.0172499499929144,0.0099592632719167,0.0198450754295099,0,100,NaN,0.238637602179837,NaN,NaN,NaN,NaN,7.50892100204258e+15,7.1062366130725e+15,46382709.1196005,0
2,P10,N1 .01/.02,Stressed,0.151410362185555,0.400328224407692,0,0,0.0173389532441427,0.0100106493229721,0.0201040150478413,0,100,NaN,0.241035422343324,NaN,NaN,NaN,NaN,6.81993085933266e+15,6.80154484982729e+15,46514818.211322,0
3,P10,N1 .01/.02,Stressed,0.149867132972068,0.412331177439406,0,0,0.0170793965848378,0.00986079421585246,0.0199079138685297,0,100,NaN,0.235694822888283,NaN,NaN,NaN,NaN,8.30479491140982e+15,7.7315893228558e+15,46307792.921725,0
1,P20,N1 .01/.02,Stressed,0.113287196248978,0.455628239551232,0,0,0.0172499499929144,0.0099592632719167,0.0198450754295099,0,200,NaN,0.179758401453224,NaN,NaN,NaN,NaN,7.50892100204258e+15,7.1062366130725e+15,46382709.1196005,0
2,P20,N1 .01/.02,Stressed,0.112891696057843,0.452691008588995,0,0,0.0173389532441427,0.0100106493229721,0.0201040150478413,0,200,NaN,0.179625794732062,NaN,NaN,NaN,NaN,6.81993085933266e+15,6.80154484982729e+15,46514818.211322,0
3,P20,N1 .01/.02,Stressed,0.113736938411631,0.451389192073151,0,0,0.0170793965848378,0.00986079421585246,0.0199079138685297,0,200,NaN,0.177333333333333,NaN,NaN,NaN,NaN,8.30479491140982e+15,7.7315893228558e+15,46307792.921725,0
1,State-event,N1 .01/.02,Stressed,0.229357545778477,0.336392903219723,0,0,0.0172499499929144,0.0099592632719167,0.0198450754295099,0,46.9333333333333,NaN,0.415186194368756,NaN,NaN,NaN,NaN,7.50892100204258e+15,7.1062366130725e+15,46382709.1196005,0
2,State-event,N1 .01/.02,Stressed,0.225662082102933,0.335872562662596,0,0,0.0173389532441427,0.0100106493229721,0.0201040150478413,0,48.6666666666667,NaN,0.394855585831063,NaN,NaN,NaN,NaN,6.81993085933266e+15,6.80154484982729e+15,46514818.211322,0
3,State-event,N1 .01/.02,Stressed,0.221936393525801,0.345003435555753,0,0,0.0170793965848378,0.00986079421585246,0.0199079138685297,0,47.9666666666667,NaN,0.389511353315168,NaN,NaN,NaN,NaN,8.30479491140982e+15,7.7315893228558e+15,46307792.921725,0
1,Causal-v3,N1 .01/.02,Stressed,0.109072946519273,0.455170309729835,0,0,0.0172499499929144,0.0099592632719167,0.0198450754295099,0,248.133333333333,146.566666666667,0.17531153496821,0.291453224341505,0.0124932831810854,0.987238044062332,0.000268672756582483,7.50892100204258e+15,7.1062366130725e+15,46382709.1196005,0
2,Causal-v3,N1 .01/.02,Stressed,0.110060638231086,0.451908849616469,0,0,0.0173389532441427,0.0100106493229721,0.0201040150478413,0,248.266666666667,149.3,0.173051771117166,0.289212079927336,0.0157089151450054,0.984291084854995,0,6.81993085933266e+15,6.80154484982729e+15,46514818.211322,0
3,Causal-v3,N1 .01/.02,Stressed,0.105495054261289,0.461346737907641,0,0,0.0170793965848378,0.00986079421585246,0.0199079138685297,0,248.233333333333,150.733333333333,0.172908265213442,0.289770663033602,0.0142339196992077,0.985766080300792,0,8.30479491140982e+15,7.7315893228558e+15,46307792.921725,0
1,P10,N2 .03/.05,Stressed,0.14737026989084,0.395255645188899,0,0,0.051749849978743,0.02987778981575,0.0496126885737747,0,100,NaN,0.238637602179837,NaN,NaN,NaN,NaN,7.50892100204258e+15,7.1062366130725e+15,119404521.680633,0
2,P10,N2 .03/.05,Stressed,0.157830777503279,0.37681921676584,0,0,0.0520168597324281,0.0300319479689164,0.0502600376196033,0,100,NaN,0.241035422343324,NaN,NaN,NaN,NaN,6.81993085933266e+15,6.80154484982729e+15,119746479.715235,0
3,P10,N2 .03/.05,Stressed,0.157915715219614,0.393874870238109,0,0,0.0512381897545133,0.0295823826475574,0.0497697846713244,0,100,NaN,0.235694822888283,NaN,NaN,NaN,NaN,8.30479491140982e+15,7.7315893228558e+15,119191645.832073,0
1,P20,N2 .03/.05,Stressed,0.115916280176552,0.451273624214733,0,0,0.051749849978743,0.02987778981575,0.0496126885737747,0,200,NaN,0.179758401453224,NaN,NaN,NaN,NaN,7.50892100204258e+15,7.1062366130725e+15,119404521.680633,0
2,P20,N2 .03/.05,Stressed,0.11525027987783,0.442862987344326,0,0,0.0520168597324281,0.0300319479689164,0.0502600376196033,0,200,NaN,0.179625794732062,NaN,NaN,NaN,NaN,6.81993085933266e+15,6.80154484982729e+15,119746479.715235,0
3,P20,N2 .03/.05,Stressed,0.119755461701249,0.437041815457545,0,0,0.0512381897545133,0.0295823826475574,0.0497697846713244,0,200,NaN,0.177333333333333,NaN,NaN,NaN,NaN,8.30479491140982e+15,7.7315893228558e+15,119191645.832073,0
1,State-event,N2 .03/.05,Stressed,0.148386716232513,0.386070616638593,0,0,0.051749849978743,0.02987778981575,0.0496126885737747,0,281.866666666667,NaN,0.260437783832879,NaN,NaN,NaN,NaN,7.50892100204258e+15,7.1062366130725e+15,119404521.680633,0
2,State-event,N2 .03/.05,Stressed,0.143379782387963,0.432228605578404,0,0,0.0520168597324281,0.0300319479689164,0.0502600376196033,0,284.6,NaN,0.246741144414169,NaN,NaN,NaN,NaN,6.81993085933266e+15,6.80154484982729e+15,119746479.715235,0
3,State-event,N2 .03/.05,Stressed,0.148266936579274,0.41714174115887,0,0,0.0512381897545133,0.0295823826475574,0.0497697846713244,0,280.233333333333,NaN,0.250343324250681,NaN,NaN,NaN,NaN,8.30479491140982e+15,7.7315893228558e+15,119191645.832073,0
1,Causal-v3,N2 .03/.05,Stressed,0.110217399832121,0.440907003201081,0,0,0.051749849978743,0.02987778981575,0.0496126885737747,0,249.1,147.4,0.175237057220708,0.291360127157127,0.621704803960926,0.378295196039074,0,7.50892100204258e+15,7.1062366130725e+15,119404521.680633,0
2,Causal-v3,N2 .03/.05,Stressed,0.114708399921349,0.437347548515629,0,0,0.0520168597324281,0.0300319479689164,0.0502600376196033,0,249.1,149.766666666667,0.172977293369664,0.289118982742958,0.629198447745216,0.370801552254784,0,6.81993085933266e+15,6.80154484982729e+15,119746479.715235,0
3,Causal-v3,N2 .03/.05,Stressed,0.104919566654331,0.454839834881661,0,0,0.0512381897545133,0.0295823826475574,0.0497697846713244,0,249.033333333333,151.366666666667,0.172841053587647,0.289679836512258,0.62401284968545,0.37598715031455,0,8.30479491140982e+15,7.7315893228558e+15,119191645.832073,0
1,P10,N3 .05/.10,Stressed,0.157034728861916,0.366565999145865,0,0,0.0862497499645718,0.0497963163595834,0.0992253771475494,0,100,NaN,0.238637602179837,NaN,NaN,NaN,NaN,7.50892100204258e+15,7.1062366130725e+15,231913545.598003,0
2,P10,N3 .05/.10,Stressed,0.172421329033526,0.346055702125344,0,0,0.0866947662207135,0.0500532466148606,0.100520075239207,0,100,NaN,0.241035422343324,NaN,NaN,NaN,NaN,6.81993085933266e+15,6.80154484982729e+15,232574091.05661,0
3,P10,N3 .05/.10,Stressed,0.172782939278851,0.346156863883348,0,0,0.0853969829241888,0.0493039710792623,0.0995395693426489,0,100,NaN,0.235694822888283,NaN,NaN,NaN,NaN,8.30479491140982e+15,7.7315893228558e+15,231538964.608625,0
1,P20,N3 .05/.10,Stressed,0.124578361201161,0.43405769424193,0,0,0.0862497499645718,0.0497963163595834,0.0992253771475494,0,200,NaN,0.179758401453224,NaN,NaN,NaN,NaN,7.50892100204258e+15,7.1062366130725e+15,231913545.598003,0
2,P20,N3 .05/.10,Stressed,0.123523840204537,0.420729833487986,0,0,0.0866947662207135,0.0500532466148606,0.100520075239207,0,200,NaN,0.179625794732062,NaN,NaN,NaN,NaN,6.81993085933266e+15,6.80154484982729e+15,232574091.05661,0
3,P20,N3 .05/.10,Stressed,0.130050567476154,0.42062913528808,0,0,0.0853969829241888,0.0493039710792623,0.0995395693426489,0,200,NaN,0.177333333333333,NaN,NaN,NaN,NaN,8.30479491140982e+15,7.7315893228558e+15,231538964.608625,0
1,State-event,N3 .05/.10,Stressed,0.148375377053646,0.388685982869501,0,0,0.0862497499645718,0.0497963163595834,0.0992253771475494,0,314.866666666667,NaN,0.258047229791099,NaN,NaN,NaN,NaN,7.50892100204258e+15,7.1062366130725e+15,231913545.598003,0
2,State-event,N3 .05/.10,Stressed,0.144081849513569,0.43145385375724,0,0,0.0866947662207135,0.0500532466148606,0.100520075239207,0,315.366666666667,NaN,0.244259763851044,NaN,NaN,NaN,NaN,6.81993085933266e+15,6.80154484982729e+15,232574091.05661,0
3,State-event,N3 .05/.10,Stressed,0.150475191509677,0.395918721646086,0,0,0.0853969829241888,0.0493039710792623,0.0995395693426489,0,314.933333333333,NaN,0.24735876475931,NaN,NaN,NaN,NaN,8.30479491140982e+15,7.7315893228558e+15,231538964.608625,0
1,Causal-v3,N3 .05/.10,Stressed,0.115350781111718,0.421892908631099,0,0,0.0862497499645718,0.0497963163595834,0.0992253771475494,0,249.266666666667,147.466666666667,0.175237057220708,0.291360127157127,0.701524471783899,0.298475528216101,0,7.50892100204258e+15,7.1062366130725e+15,231913545.598003,0
2,Causal-v3,N3 .05/.10,Stressed,0.124919797022784,0.413020251097397,0,0,0.0866947662207135,0.0500532466148606,0.100520075239207,0,249.266666666667,149.833333333333,0.172977293369664,0.289118982742958,0.70393153249532,0.29606846750468,0,6.81993085933266e+15,6.80154484982729e+15,232574091.05661,0
3,Causal-v3,N3 .05/.10,Stressed,0.106160685010918,0.447491409658425,0,0,0.0853969829241888,0.0493039710792623,0.0995395693426489,0,249.266666666667,151.533333333333,0.172841053587647,0.289679836512258,0.702460550949452,0.297539449050548,0,8.30479491140982e+15,7.7315893228558e+15,231538964.608625,0
1,P10,L50  0/0,Stressed,0.138685346587561,0.423435653216412,0,0,0.0119511525427957,0,0,0.05,100,NaN,0.238637602179837,NaN,NaN,NaN,NaN,7.50892100204258e+15,7.1062366130725e+15,0,0
2,P10,L50  0/0,Stressed,0.138359363776782,0.425364697152471,0,0,0.0119597674744275,0,0,0.05,100,NaN,0.241035422343324,NaN,NaN,NaN,NaN,6.81993085933266e+15,6.80154484982729e+15,0,0
3,P10,L50  0/0,Stressed,0.136877111032472,0.42255775387925,0,0,0.0119922045047489,0,0,0.05,100,NaN,0.235694822888283,NaN,NaN,NaN,NaN,8.30479491140982e+15,7.7315893228558e+15,0,0
1,P20,L50  0/0,Stressed,0.102345063993666,0.46886571770298,0,0,0.0121349251234192,0,0,0.05,200,NaN,0.179758401453224,NaN,NaN,NaN,NaN,7.50892100204258e+15,7.1062366130725e+15,0,0
2,P20,L50  0/0,Stressed,0.102231068086777,0.465888598356264,0,0,0.0120848411563592,0,0,0.05,200,NaN,0.179625794732062,NaN,NaN,NaN,NaN,6.81993085933266e+15,6.80154484982729e+15,0,0
3,P20,L50  0/0,Stressed,0.101199494905473,0.469608637062512,0,0,0.0121196676568583,0,0,0.05,200,NaN,0.177333333333333,NaN,NaN,NaN,NaN,8.30479491140982e+15,7.7315893228558e+15,0,0
1,State-event,L50  0/0,Stressed,0.259039454494197,0.168381671717448,1,0,0.0118337572574633,0,0,0.05,43,NaN,0.451954586739328,NaN,NaN,NaN,NaN,7.50892100204258e+15,7.1062366130725e+15,0,0
2,State-event,L50  0/0,Stressed,0.228869515433433,0.301379674330916,0,0,0.0118172327366433,0,0,0.05,43.3,NaN,0.392434150772025,NaN,NaN,NaN,NaN,6.81993085933266e+15,6.80154484982729e+15,0,0
3,State-event,L50  0/0,Stressed,0.238258812511195,0.31628369095152,0,0,0.0117917428910863,0,0,0.05,43.0666666666667,NaN,0.418230699364214,NaN,NaN,NaN,NaN,8.30479491140982e+15,7.7315893228558e+15,0,0
1,Causal-v3,L50  0/0,Stressed,0.11194412769184,0.460962220861202,0,0,0.0121609024218598,0,0,0.05,184.666666666667,109.066666666667,0.193514986376022,0.314107629427791,0.000722021660649819,0.998736462093863,0.000541516245487365,7.50892100204258e+15,7.1062366130725e+15,0,0
2,Causal-v3,L50  0/0,Stressed,0.108532851716746,0.461362327541946,0,0,0.0121464797563312,0,0,0.05,184.333333333333,110.866666666667,0.18841416893733,0.308480926430516,0.000723327305605787,0.99873417721519,0.00054249547920434,6.81993085933266e+15,6.80154484982729e+15,0,0
3,Causal-v3,L50  0/0,Stressed,0.107440908934092,0.466248104038207,0,0,0.012182285988004,0,0,0.05,184.933333333333,112.466666666667,0.187662125340599,0.30818119891008,0.000720980533525595,0.99873828406633,0.000540735400144196,8.30479491140982e+15,7.7315893228558e+15,0,0
1,P10,L100 0/0,Stressed,0.156596835298753,0.373755178129192,0,0,0.0334366353430152,0,0,0.1,100,NaN,0.238637602179837,NaN,NaN,NaN,NaN,7.50892100204258e+15,7.1062366130725e+15,0,0
2,P10,L100 0/0,Stressed,0.16151848880359,0.366598014493282,0,0,0.0345294361677106,0,0,0.1,100,NaN,0.241035422343324,NaN,NaN,NaN,NaN,6.81993085933266e+15,6.80154484982729e+15,0,0
3,P10,L100 0/0,Stressed,0.152931682727839,0.358429365778373,0,0,0.0343789095665801,0,0,0.1,100,NaN,0.235694822888283,NaN,NaN,NaN,NaN,8.30479491140982e+15,7.7315893228558e+15,0,0
1,P20,L100 0/0,Stressed,0.120951170682682,0.399554743323698,0,0,0.0349949331493854,0,0,0.1,200,NaN,0.179758401453224,NaN,NaN,NaN,NaN,7.50892100204258e+15,7.1062366130725e+15,0,0
2,P20,L100 0/0,Stressed,0.132513357410517,0.385871832223672,0,0,0.0348357866704272,0,0,0.1,200,NaN,0.179625794732062,NaN,NaN,NaN,NaN,6.81993085933266e+15,6.80154484982729e+15,0,0
3,P20,L100 0/0,Stressed,0.117330898273393,0.397413698778794,0,0,0.0350680129743548,0,0,0.1,200,NaN,0.177333333333333,NaN,NaN,NaN,NaN,8.30479491140982e+15,7.7315893228558e+15,0,0
1,State-event,L100 0/0,Stressed,0.191655128795728,0.338215185391193,0,0,0.0349023570980346,0,0,0.1,87.9,NaN,0.303892824704814,NaN,NaN,NaN,NaN,7.50892100204258e+15,7.1062366130725e+15,0,0
2,State-event,L100 0/0,Stressed,0.180941501254026,0.26373557851772,0,0,0.0334858335014793,0,0,0.1,82.9,NaN,0.294277929155313,NaN,NaN,NaN,NaN,6.81993085933266e+15,6.80154484982729e+15,0,0
3,State-event,L100 0/0,Stressed,0.17511785098061,0.335326296093608,0,0,0.0337447912794821,0,0,0.1,83.9666666666667,NaN,0.293449591280654,NaN,NaN,NaN,NaN,8.30479491140982e+15,7.7315893228558e+15,0,0
1,Causal-v3,L100 0/0,Stressed,0.118577448839647,0.392890370825487,0,0,0.0349742778742141,0,0,0.1,245.866666666667,144.933333333333,0.175275204359673,0.291407811080832,0.000542299349240781,0.998644251626898,0.000813449023861171,7.50892100204258e+15,7.1062366130725e+15,0,0
2,Causal-v3,L100 0/0,Stressed,0.107642877257932,0.426544289823494,0,0,0.0348153794084623,0,0,0.1,245.6,147.8,0.17297366030881,0.28910762942779,0.000542888165038002,0.998642779587405,0.000814332247557003,6.81993085933266e+15,6.80154484982729e+15,0,0
3,Causal-v3,L100 0/0,Stressed,0.122539556985849,0.406586094154001,0,0,0.0348938068230582,0,0,0.1,245.666666666667,148.9,0.172877384196185,0.28972524977293,0.000542740841248304,0.998643147896879,0.000814111261872456,8.30479491140982e+15,7.7315893228558e+15,0,0
1,P10,C3 combined,Stressed,0.141469544410115,0.397353631582488,0,0,0.0531088914487602,0.02987778981575,0.0496126885737747,0.05,100,NaN,0.238637602179837,NaN,NaN,NaN,NaN,7.50892100204258e+15,7.1062366130725e+15,119404521.680633,0
2,P10,C3 combined,Stressed,0.14870729927666,0.382072621319266,0,0,0.0534587068119565,0.0300319479689164,0.0502600376196033,0.05,100,NaN,0.241035422343324,NaN,NaN,NaN,NaN,6.81993085933266e+15,6.80154484982729e+15,119746479.715235,0
3,P10,C3 combined,Stressed,0.146977071421721,0.408780435705247,0,0,0.05256565350537,0.0295823826475574,0.0497697846713244,0.05,100,NaN,0.235694822888283,NaN,NaN,NaN,NaN,8.30479491140982e+15,7.7315893228558e+15,119191645.832073,0
1,P20,C3 combined,Stressed,0.10662184279084,0.457097165561061,0,0,0.0531076471074504,0.02987778981575,0.0496126885737747,0.05,200,NaN,0.179758401453224,NaN,NaN,NaN,NaN,7.50892100204258e+15,7.1062366130725e+15,119404521.680633,0
2,P20,C3 combined,Stressed,0.106170897364984,0.450809516473128,0,0,0.0534880699066201,0.0300319479689164,0.0502600376196033,0.05,200,NaN,0.179625794732062,NaN,NaN,NaN,NaN,6.81993085933266e+15,6.80154484982729e+15,119746479.715235,0
3,P20,C3 combined,Stressed,0.10907812307932,0.452504428625751,0,0,0.0525663075676185,0.0295823826475574,0.0497697846713244,0.05,200,NaN,0.177333333333333,NaN,NaN,NaN,NaN,8.30479491140982e+15,7.7315893228558e+15,119191645.832073,0
1,State-event,C3 combined,Stressed,0.138682977248195,0.392020992741099,0,0,0.0530915941951997,0.02987778981575,0.0496126885737747,0.05,280.8,NaN,0.260673932788374,NaN,NaN,NaN,NaN,7.50892100204258e+15,7.1062366130725e+15,119404521.680633,0
2,State-event,C3 combined,Stressed,0.13373994166388,0.44220266963348,0,0,0.0534815116830975,0.0300319479689164,0.0502600376196033,0.05,282.8,NaN,0.2468919164396,NaN,NaN,NaN,NaN,6.81993085933266e+15,6.80154484982729e+15,119746479.715235,0
3,State-event,C3 combined,Stressed,0.137487892466056,0.422175522502796,0,0,0.0525432386701109,0.0295823826475574,0.0497697846713244,0.05,278.366666666667,NaN,0.250623069936421,NaN,NaN,NaN,NaN,8.30479491140982e+15,7.7315893228558e+15,119191645.832073,0
1,Causal-v3,C3 combined,Stressed,0.10072028139655,0.449594893219994,0,0,0.0531054176323093,0.02987778981575,0.0496126885737747,0.05,249.1,147.4,0.175237057220708,0.291360127157127,0.618359427271511,0.381640572728489,0,7.50892100204258e+15,7.1062366130725e+15,119404521.680633,0
2,Causal-v3,C3 combined,Stressed,0.104448928410547,0.446242966128799,0,0,0.0534880330765499,0.0300319479689164,0.0502600376196033,0.05,249.166666666667,149.8,0.172977293369664,0.289118982742958,0.628361204013378,0.371638795986622,0,6.81993085933266e+15,6.80154484982729e+15,119746479.715235,0
3,Causal-v3,C3 combined,Stressed,0.095479248372696,0.467200636946235,0,0,0.0525735408456431,0.0295823826475574,0.0497697846713244,0.05,249.066666666667,151.333333333333,0.172841053587647,0.289679836512258,0.620583511777302,0.379416488222698,0,8.30479491140982e+15,7.7315893228558e+15,119191645.832073,0
