communicationBudget,formationErrorA,formationErrorB,errorDifferenceAminusB,scenarioId
1.8,0.472399864827205,0.30521932840337,0.167180536423835,S1
2.02178409090909,0.4324438181188,0.269794380856911,0.162649437261889,S1
2.24356818181818,0.392487771410394,0.251205097622326,0.141282673788068,S1
2.46535227272727,0.352643265929171,0.232615814387741,0.12002745154143,S1
2.68713636363636,0.329305159151512,0.220383485640284,0.108921673511228,S1
2.90892045454545,0.305967052373853,0.209328127637984,0.0966389247358689,S1
3.13070454545455,0.282628945596194,0.198272769635684,0.0843561759605099,S1
3.35248863636364,0.259290838818535,0.187632062187398,0.0716587766311371,S1
3.57427272727273,0.246573863143354,0.18197545993072,0.0645984032126335,S1
3.79605681818182,0.234205941363951,0.176318857674042,0.0578870836899089,S1
4.01784090909091,0.221838019584548,0.170662255417364,0.0511757641671842,S1
4.239625,0.209652319924179,0.165005653160686,0.0446466667634938,S1
4.46140909090909,0.202176322625096,0.159349050904008,0.0428272717210881,S1
4.68319318181818,0.194700325326012,0.153692448647329,0.0410078766786824,S1
4.90497727272727,0.187224328026928,0.148035846390651,0.0391884816362767,S1
5.12676136363636,0.179748330727844,0.143433096203807,0.0363152345240369,S1
5.34854545454545,0.17227233342876,0.139620333556896,0.0326519998718641,S1
5.57032954545455,0.164796336129676,0.135807570909985,0.0289887652196912,S1
5.79211363636364,0.157320338830592,0.131994808263074,0.0253255305675184,S1
6.01389772727273,0.154097870750546,0.128182045616163,0.0259158251343831,S1
6.23568181818182,0.151152579655029,0.124369282969252,0.0267832966857771,S1
6.45746590909091,0.148207288559512,0.122622103473734,0.0255851850857781,S1
6.67925,0.145261997463995,0.120970137651915,0.0242918598120803,S1
6.90103409090909,0.142316706368478,0.119318171830095,0.0229985345383825,S1
7.12281818181818,0.139371415272961,0.117666206008276,0.0217052092646847,S1
7.34460227272727,0.136426124177444,0.116014240186457,0.0204118839909869,S1
7.56638636363636,0.133480833081927,0.114362274364637,0.0191185587172892,S1
7.78817045454545,0.13053554198641,0.112710308542818,0.0178252334435914,S1
8.00995454545454,0.127968825456635,0.111058342720999,0.0169104827356364,S1
8.23173863636364,0.125736998999937,0.10940637689918,0.0163306221007569,S1
8.45352272727273,0.123505172543238,0.10775441107736,0.0157507614658775,S1
8.67530681818182,0.121273346086539,0.106102445255541,0.0151709008309981,S1
8.89709090909091,0.11904151962984,0.104450479433722,0.0145910401961186,S1
9.118875,0.116809693173142,0.102798513611903,0.0140111795612392,S1
9.34065909090909,0.114577866716443,0.101146547790083,0.0134313189263597,S1
9.56244318181818,0.112346040259744,0.099494581968264,0.0128514582914803,S1
9.78422727272727,0.110114213803046,0.0978426161464447,0.0122715976566009,S1
10.0060113636364,0.107882387346347,0.0962125683093067,0.0116698190370401,S1
10.2277954545455,0.105650560889648,0.09536924768035,0.0102813132092981,S1
10.4495795454545,0.103418734432949,0.0945259270513934,0.00889280738155608,S1
10.6713636363636,0.101348337243298,0.0936826064224367,0.00766573082086103,S1
10.8931477272727,0.100332564721465,0.09283928579348,0.00749327892798485,S1
11.1149318181818,0.0997364317162916,0.0919959651645233,0.00774046655176833,S1
11.3367159090909,0.0991402987111184,0.0911526445355666,0.00798765417555181,S1
11.5585,0.0985441657059452,0.0903093239066099,0.00823484179933527,S1
11.7802840909091,0.097948032700772,0.0894660032776532,0.00848202942311876,S1
12.0020681818182,0.0973518996955988,0.0886226826486966,0.00872921704690222,S1
12.2238522727273,0.0967557666904256,0.0877793620197399,0.00897640467068571,S1
12.4456363636364,0.0961596336852524,0.0869360413907832,0.00922359229446919,S1
12.6674204545455,0.0955635006800792,0.0863609439300604,0.00920255675001881,S1
12.8892045454545,0.0949744518636101,0.0858729420803353,0.00910150978327477,S1
13.1109886363636,0.0943900062727174,0.0853849402306103,0.00900506604210713,S1
13.3327727272727,0.0938055606818248,0.0848969383808853,0.00890862230093947,S1
13.5545568181818,0.0932211150909321,0.0844089365311603,0.00881217855977183,S1
13.7763409090909,0.0926366695000395,0.0839209346814353,0.00871573481860419,S1
13.998125,0.0920522239091468,0.0834329328317102,0.00861929107743656,S1
14.2199090909091,0.0914677783182541,0.0829449309819852,0.00852284733626889,S1
14.4416931818182,0.0908833327273615,0.0824569291322602,0.00842640359510125,S1
14.6634772727273,0.0902988871364688,0.0819689272825352,0.0083299598539336,S1
14.8852613636364,0.0897144415455761,0.0814809254328102,0.00823351611276596,S1
15.1070454545455,0.0891299959546835,0.0809929235830852,0.0081370723715983,S1
15.3288295454545,0.0885455503637908,0.0805049217333601,0.00804062863043066,S1
15.5506136363636,0.0879611047728981,0.0800169198836351,0.00794418488926303,S1
15.7723977272727,0.0873766591820055,0.0795289180339101,0.00784774114809539,S1
15.9941818181818,0.0868707653899252,0.0790409161841851,0.00782984920574013,S1
16.2159659090909,0.0865082502358337,0.0785529143344601,0.00795533590137361,S1
16.43775,0.0861457350817421,0.078064912484735,0.00808082259700708,S1
16.6595340909091,0.0857832199276505,0.07757691063501,0.00820630929264053,S1
16.8813181818182,0.085420704773559,0.0773191549031848,0.00810154987037419,S1
17.1031022727273,0.0850581896194674,0.0770687145613394,0.00798947505812805,S1
17.3248863636364,0.0846956744653759,0.0768182742194939,0.00787740024588193,S1
17.5466704545455,0.0843331593112843,0.0765678338776485,0.0077653254336358,S1
17.7684545454545,0.0839706441571928,0.0763173935358031,0.00765325062138966,S1
17.9902386363636,0.0836081290031012,0.0760669531939577,0.00754117580914351,S1
18.2120227272727,0.0832456138490096,0.0758165128521122,0.00742910099689739,S1
18.4338068181818,0.0828830986949181,0.0755660725102668,0.00731702618465126,S1
18.6555909090909,0.0825205835408265,0.0753156321684214,0.00720495137240512,S1
18.877375,0.082158068386735,0.075065191826576,0.00709287656015899,S1
19.0991590909091,0.0817955532326434,0.0748147514847305,0.00698080174791285,S1
19.3209431818182,0.0814330380785518,0.0745643111428851,0.00686872693566673,S1
19.5427272727273,0.0810705229244603,0.0743138708010397,0.0067566521234206,S1
19.7645113636364,0.0807080077703687,0.0740634304591943,0.00664457731117447,S1
19.9862954545455,0.0803454926162772,0.0738129901173488,0.00653250249892834,S1
20.2080795454545,0.0799829774621856,0.0735625497755034,0.00642042768668219,S1
20.4298636363636,0.0796204623080941,0.073312109433658,0.00630835287443607,S1
20.6516477272727,0.0792579471540025,0.0730616690918126,0.00619627806218995,S1
20.8734318181818,0.0788954319999109,0.0728112287499671,0.0060842032499438,S1
21.0952159090909,0.0785329168458194,0.0725607884081217,0.00597212843769766,S1
21.317,0.0781704016917278,0.0723103480662763,0.00586005362545153,S1
21.5387840909091,0.0778078865376363,0.0720599077244309,0.00574797881320541,S1
21.7605681818182,0.0774453713835447,0.0718094673825854,0.00563590400095927,S1
21.9823522727273,0.0770828562294531,0.07155902704074,0.00552382918871314,S1
22.2041363636364,0.0767203410753616,0.0713085866988946,0.00541175437646699,S1
22.4259204545455,0.07635782592127,0.0710581463570492,0.00529967956422087,S1
22.6477045454545,0.0759953107671785,0.0708077060152037,0.00518760475197473,S1
22.8694886363636,0.0756327956130869,0.0705572656733583,0.0050755299397286,S1
23.0912727272727,0.0752702804589954,0.0703068253315129,0.00496345512748247,S1
23.3130568181818,0.0749077653049038,0.0700563849896675,0.00485138031523633,S1
23.5348409090909,0.0745452501508122,0.069805944647822,0.0047393055029902,S1
23.756625,0.0741827349967207,0.0695555043059766,0.00462723069074407,S1
23.9784090909091,0.0738202198426291,0.0693050639641312,0.00451515587849793,S1
1.82795454545455,0.434736696919539,0.317821597931386,0.116915098988153,S2
2.04361818181818,0.400172720532901,0.291127971893972,0.109044748638929,S2
2.25928181818182,0.365608744146263,0.278294560156384,0.0873141839898799,S2
2.47494545454545,0.340118699267634,0.265461148418795,0.0746575508488385,S2
2.69060909090909,0.324041572517245,0.256387218159847,0.0676543543573982,S2
2.90627272727273,0.307964445766856,0.247807451632244,0.060156994134612,S2
3.12193636363636,0.291887319016467,0.239227685104641,0.0526596339118258,S2
3.3376,0.275810192266078,0.230698362793125,0.0451118294729521,S2
3.55326363636364,0.265616273259462,0.227189308715697,0.0384269645437652,S2
3.76892727272727,0.257510323464098,0.223680254638268,0.0338300688258302,S2
3.98459090909091,0.249404373668735,0.22017120056084,0.0292331731078951,S2
4.20025454545454,0.241298423873371,0.216662146483411,0.02463627738996,S2
4.41591818181818,0.234778921599124,0.213153092405982,0.0216258291931415,S2
4.63158181818182,0.230785669273266,0.209644038328554,0.0211416309447121,S2
4.84724545454545,0.226792416947408,0.206134984251125,0.0206574326962826,S2
5.06290909090909,0.22279916462155,0.203091366801054,0.0197077978204951,S2
5.27857272727273,0.218805912295692,0.201177912884149,0.0176279994115429,S2
5.49423636363636,0.214812659969833,0.199264458967243,0.0155482010025906,S2
5.7099,0.210819407643975,0.197351005050337,0.0134684025936384,S2
5.92556363636364,0.206826155318117,0.195437551133431,0.0113886041846861,S2
6.14122727272727,0.204407461106733,0.193524097216525,0.0108833638902072,S2
6.35689090909091,0.20275097713556,0.192190863842003,0.0105601132935569,S2
6.57255454545455,0.201094493164388,0.191400315123904,0.00969417804048373,S2
6.78821818181818,0.199438009193216,0.190609766405805,0.00882824278741057,S2
7.00388181818182,0.197781525222043,0.189819217687706,0.00796230753433735,S2
7.21954545454545,0.196125041250871,0.189028668969607,0.0070963722812642,S2
7.43520909090909,0.194468557279699,0.188238120251508,0.00623043702819101,S2
7.65087272727273,0.192812073308526,0.187447571533409,0.00536450177511785,S2
7.86653636363636,0.191246457095032,0.18665702281531,0.00458943427972283,S2
8.0822,0.190361503480124,0.18586647409721,0.00449502938291313,S2
8.29786363636364,0.189476549865215,0.185075925379111,0.00440062448610343,S2
8.51352727272727,0.188591596250306,0.184285376661012,0.00430621958929372,S2
8.72919090909091,0.187706642635397,0.183494827942913,0.00421181469248402,S2
8.94485454545454,0.186821689020488,0.182704279224814,0.00411740979567429,S2
9.16051818181818,0.185936735405579,0.181913730506715,0.00402300489886462,S2
9.37618181818182,0.185051781790671,0.181123181788616,0.00392860000205492,S2
9.59184545454545,0.184166828175762,0.180332633070516,0.00383419510524521,S2
9.80750909090909,0.183281874560853,0.179542084352417,0.00373979020843551,S2
10.0231727272727,0.182396920945944,0.178797171889157,0.00359974905678703,S2
10.2388363636364,0.181511967331035,0.178431350073192,0.00308061725784292,S2
10.4545,0.180633354983658,0.178065528257228,0.00256782672643041,S2
10.6701636363636,0.180037697310389,0.177699706441263,0.00233799086912595,S2
10.8858272727273,0.17944203963712,0.177333884625298,0.00210815501182149,S2
11.1014909090909,0.178895507016939,0.176968062809333,0.00192744420760593,S2
11.3171545454545,0.178648874091927,0.176602240993369,0.00204663309855774,S2
11.5328181818182,0.178402241166914,0.176236419177404,0.00216582198950951,S2
11.7484818181818,0.178155608241901,0.175870597361439,0.00228501088046135,S2
11.9641454545455,0.177908975316888,0.175504775545475,0.00240419977141315,S2
12.1798090909091,0.177662342391875,0.17513895372951,0.00252338866236496,S2
12.3954727272727,0.177415709466862,0.174773131913545,0.00264257755331673,S2
12.6111363636364,0.177169076541849,0.174504247238608,0.00266482930324136,S2
12.8268,0.176922443616836,0.174326535017456,0.00259590859938019,S2
13.0424636363636,0.176675810691823,0.174148822796304,0.00252698789551903,S2
13.2581272727273,0.17642917776681,0.173971110575153,0.00245806719165784,S2
13.4737909090909,0.1762364496783,0.173793398354001,0.00244305132429942,S2
13.6894545454545,0.176049805702781,0.173615686132849,0.00243411956993178,S2
13.9051181818182,0.175863161727262,0.173437973911697,0.00242518781556414,S2
14.1207818181818,0.175676517751742,0.173260261690546,0.00241625606119655,S2
14.3364454545455,0.175489873776223,0.173082549469394,0.00240732430682888,S2
14.5521090909091,0.175303229800703,0.172904837248242,0.0023983925524613,S2
14.7677727272727,0.175116585825184,0.17272712502709,0.00238946079809366,S2
14.9834363636364,0.174929941849665,0.172549412805939,0.00238052904372604,S2
15.1991,0.174743297874145,0.172371700584787,0.0023715972893584,S2
15.4147636363636,0.174556653898626,0.172193988363635,0.00236266553499079,S2
15.6304272727273,0.174370009923107,0.172016276142484,0.00235373378062315,S2
15.8460909090909,0.174183365947587,0.171838563921332,0.0023448020262555,S2
16.0617545454545,0.173996721972068,0.17166085170018,0.00233587027188789,S2
16.2774181818182,0.173810077996549,0.171483139479028,0.00232693851752028,S2
16.4930818181818,0.173623434021029,0.171305427257877,0.00231800676315264,S2
16.7087454545455,0.173482149076489,0.171147067148533,0.00233508192795551,S2
16.9244090909091,0.173364540341356,0.171067829862694,0.00229671047866206,S2
17.1400727272727,0.173246931606223,0.170988592576855,0.00225833902936862,S2
17.3557363636364,0.173129322871091,0.170909355291016,0.0022199675800752,S2
17.5714,0.173011714135958,0.170830118005176,0.00218159613078178,S2
17.7870636363636,0.172894105400826,0.170750880719337,0.00214322468148831,S2
18.0027272727273,0.172776496665693,0.170671643433498,0.00210485323219492,S2
18.2183909090909,0.17265888793056,0.170592406147659,0.00206648178290147,S2
18.4340545454545,0.172541279195428,0.17051316886182,0.00202811033360806,S2
18.6497181818182,0.172423670460295,0.170433931575981,0.00198973888431461,S2
18.8653818181818,0.172306061725163,0.170354694290141,0.0019513674350212,S2
19.0810454545455,0.17218845299003,0.170275457004302,0.00191299598572775,S2
19.2967090909091,0.172070844254897,0.170196219718463,0.00187462453643431,S2
19.5123727272727,0.171953235519765,0.170116982432624,0.00183625308714086,S2
19.7280363636364,0.171835626784632,0.170037745146785,0.00179788163784744,S2
19.9437,0.1717180180495,0.169958507860946,0.00175951018855403,S2
20.1593636363636,0.171600409314367,0.169879270575106,0.00172113873926058,S2
20.3750272727273,0.171482800579234,0.169800033289267,0.00168276728996719,S2
20.5906909090909,0.171365191844102,0.169720796003428,0.00164439584067372,S2
20.8063545454545,0.171247583108969,0.169641558717589,0.00160602439138027,S2
21.0220181818182,0.171129974373837,0.16956232143175,0.00156765294208686,S2
21.2376818181818,0.171012365638704,0.169483084145911,0.00152928149279344,S2
21.4533454545455,0.170894756903571,0.169403846860071,0.00149091004349999,S2
21.6690090909091,0.170777148168439,0.169324609574232,0.00145253859420658,S2
21.8846727272727,0.170659539433306,0.169245372288393,0.00141416714491313,S2
22.1003363636364,0.170541930698174,0.169166135002554,0.00137579569561971,S2
22.316,0.170424321963041,0.169086897716715,0.00133742424632627,S2
22.5316636363636,0.170306713227908,0.169007660430876,0.00129905279703285,S2
22.7473272727273,0.170189104492776,0.168928423145036,0.00126068134773943,S2
22.9629909090909,0.170071495757643,0.168849185859197,0.00122230989844596,S2
23.1786545454545,0.169953887022511,0.168769948573358,0.00118393844915254,S2
23.3943181818182,0.169836278287378,0.168690711287519,0.0011455669998591,S2
2.38545454545455,0.510843631705036,0.368239524524915,0.142604107180121,S3
2.59129090909091,0.477444161268294,0.351711811314603,0.125732349953691,S3
2.79712727272727,0.444044690831552,0.336734208815382,0.10731048201617,S3
3.00296363636364,0.41064522039481,0.321756606316161,0.0888886140786487,S3
3.2088,0.392022714236164,0.30677900381694,0.0852437104192238,S3
3.41463636363636,0.375721568880404,0.2949589784261,0.0807625904543039,S3
3.62047272727273,0.359420423524644,0.288189626315853,0.0712307972087911,S3
3.82630909090909,0.343119278168884,0.281420274205606,0.0616990039632783,S3
4.03214545454545,0.326818132813124,0.274650922095359,0.0521672107177655,S3
4.23798181818182,0.311304134147653,0.267881569985112,0.0434225641625412,S3
4.44381818181818,0.302268612665319,0.261112217874865,0.0411563947904546,S3
4.64965454545455,0.293233091182985,0.254342865764618,0.0388902254183679,S3
4.85549090909091,0.284197569700652,0.24757351365437,0.0366240560462812,S3
5.06132727272727,0.275162048218318,0.241268849937245,0.0338931982810731,S3
5.26716363636364,0.267926424599033,0.236059159048026,0.0318672655510076,S3
5.473,0.262028667777552,0.230849468158806,0.0311791996187459,S3
5.67883636363636,0.256130910956071,0.225639777269587,0.0304911336864843,S3
5.88467272727273,0.250233154134591,0.220430086380368,0.0298030677542227,S3
6.09050909090909,0.24433539731311,0.215220395491149,0.029115001821961,S3
6.29634545454545,0.238437640491629,0.210814417009322,0.0276232234823073,S3
6.50218181818182,0.232539883670148,0.208855468586728,0.0236844150834197,S3
6.70801818181818,0.226642126848667,0.206896520164135,0.0197456066845321,S3
6.91385454545454,0.222260522011603,0.204937571741542,0.0173229502700617,S3
7.11969090909091,0.219103799462813,0.202978623318948,0.0161251761438644,S3
7.32552727272727,0.215947076914022,0.201019674896355,0.0149274020176672,S3
7.53136363636363,0.212790354365232,0.199060726473762,0.0137296278914699,S3
7.7372,0.209633631816441,0.197101778051169,0.0125318537652726,S3
7.94303636363636,0.206476909267651,0.195142829628575,0.0113340796390754,S3
8.14887272727273,0.20332018671886,0.193183881205982,0.0101363055128781,S3
8.35470909090909,0.200408697074748,0.191224932783389,0.00918376429135936,S3
8.56054545454545,0.19856061544694,0.189265984360795,0.00929463108614484,S3
8.76638181818182,0.196712533819133,0.187307035938202,0.00940549788093042,S3
8.97221818181818,0.194864452191325,0.185348087515609,0.00951636467571598,S3
9.17805454545455,0.193016370563517,0.183389139093016,0.00962723147050148,S3
9.38389090909091,0.191168288935709,0.181430190670422,0.00973809826528702,S3
9.58972727272727,0.189320207307902,0.179471242247829,0.00984896506007255,S3
9.79556363636364,0.187472125680094,0.177512293825236,0.0099598318548581,S3
10.0014,0.185624044052286,0.175560147799224,0.0100638962530619,S3
10.2072363636364,0.183775962424478,0.174601328359776,0.00917463406470179,S3
10.4130727272727,0.18205784947901,0.173642508920329,0.00841534055868121,S3
10.6189090909091,0.180392399943645,0.172683689480881,0.00770871046276397,S3
10.8247454545455,0.178936604608232,0.171724870041433,0.00721173456679811,S3
11.0305818181818,0.177723378602951,0.170766050601986,0.0069573280009656,S3
11.2364181818182,0.176510152597671,0.169807231162538,0.00670292143513307,S3
11.4422545454545,0.175296926592391,0.16884841172309,0.00644851486930054,S3
11.6480909090909,0.174083700587111,0.167889592283643,0.00619410830346803,S3
11.8539272727273,0.172870474581831,0.166930772844195,0.0059397017376355,S3
12.0597636363636,0.17165724857655,0.165971953404747,0.00568529517180297,S3
12.2656,0.17044402257127,0.1650131339653,0.00543088860597046,S3
12.4714363636364,0.16923079656599,0.164054314525852,0.00517648204013793,S3
12.6772727272727,0.16801757056071,0.163162635584678,0.00485493497603143,S3
12.8831090909091,0.166897251772131,0.162281774871483,0.00461547690064756,S3
13.0889454545455,0.166273766501514,0.161400914158288,0.00487285234322604,S3
13.2947818181818,0.165650281230897,0.160520053445092,0.00513022778580458,S3
13.5006181818182,0.16502679596028,0.159639192731897,0.00538760322838303,S3
13.7064545454545,0.164403310689663,0.158758332018702,0.00564497867096156,S3
13.9122909090909,0.163779825419046,0.157877471305506,0.00590235411354004,S3
14.1181272727273,0.163156340148429,0.156996610592311,0.00615972955611854,S3
14.3239636363636,0.162532854877813,0.156115749879116,0.00641710499869705,S3
14.5298,0.161909369607196,0.15523488916592,0.00667448044127553,S3
14.7356363636364,0.161285884336579,0.154354028452725,0.00693185588385403,S3
14.9414727272727,0.160662399065962,0.15347316773953,0.00718923132643251,S3
15.1473090909091,0.160038913795345,0.152592307026334,0.00744660676901102,S3
15.3531454545455,0.159415428524728,0.151711446313139,0.00770398221158952,S3
15.5589818181818,0.158791943254112,0.150830585599944,0.00796135765416806,S3
15.7648181818182,0.158168457983495,0.149949724886748,0.00821873309674653,S3
15.9706545454545,0.157544972712878,0.149068864173553,0.00847610853932501,S3
16.1764909090909,0.15692983911319,0.148188003460357,0.00874183565283285,S3
16.3823272727273,0.15636807007403,0.147307142747162,0.00906092732686772,S3
16.5881636363636,0.155806301034869,0.146426282033967,0.00938001900090263,S3
16.794,0.155244531995709,0.145798793294891,0.00944573870081741,S3
16.9998363636364,0.154682762956548,0.145326540006057,0.00935622295049143,S3
17.2056727272727,0.154120993917388,0.144854286717223,0.00926670720016545,S3
17.4115090909091,0.153559224878227,0.144382033428388,0.00917719144983947,S3
17.6173454545455,0.152997455839067,0.143909780139553,0.00908767569951355,S3
17.8231818181818,0.152435686799907,0.143437526850719,0.00899815994918754,S3
18.0290181818182,0.151873917760746,0.142965273561884,0.00890864419886156,S3
18.2348545454545,0.151312148721586,0.14249302027305,0.00881912844853555,S3
18.4406909090909,0.150750379682425,0.142020766984215,0.00872961269820957,S3
18.6465272727273,0.150188610643265,0.141548513695381,0.00864009694788362,S3
18.8523636363636,0.149626841604104,0.141076260406546,0.00855058119755764,S3
19.0582,0.149065072564944,0.140604007117712,0.00846106544723169,S3
19.2640363636364,0.148503303525783,0.140131753828877,0.00837154969690571,S3
19.4698727272727,0.147941534486623,0.139659500540043,0.0082820339465797,S3
19.6757090909091,0.147379765447462,0.139187247251208,0.00819251819625377,S3
19.8815454545455,0.146817996408302,0.138714993962374,0.00810300244592776,S3
20.0873818181818,0.146256227369141,0.138242740673539,0.00801348669560178,S3
20.2932181818182,0.145694458329981,0.137770487384705,0.00792397094527583,S3
20.4990545454545,0.14513268929082,0.13729823409587,0.00783445519494982,S3
20.7048909090909,0.14457092025166,0.136825980807036,0.00774493944462387,S3
20.9107272727273,0.144009151212499,0.136353727518201,0.00765542369429789,S3
21.1165636363636,0.143447382173339,0.135881474229367,0.00756590794397194,S3
21.3224,0.142885613134178,0.135409220940532,0.00747639219364596,S3
21.5282363636364,0.142323844095018,0.134936967651698,0.00738687644331998,S3
21.7340727272727,0.141762075055857,0.134464714362863,0.007297360692994,S3
21.9399090909091,0.141200306016697,0.133992461074029,0.00720784494266802,S3
22.1457454545455,0.140638536977536,0.133520207785194,0.00711832919234204,S3
22.3515818181818,0.140076767938376,0.13304795449636,0.00702881344201606,S3
22.5574181818182,0.139514998899216,0.132575701207525,0.00693929769169011,S3
22.7632545454545,0.138953229860055,0.132103447918691,0.0068497819413641,S3
22.9690909090909,0.138391460820895,0.131631194629856,0.00676026619103812,S3
1.87704545454545,0.487921121960495,0.324639565055079,0.163281556905416,S4
2.09087727272727,0.446788340756034,0.295622536079146,0.151165804676889,S4
2.30470909090909,0.405655559551574,0.276863769083859,0.128791790467715,S4
2.51854090909091,0.366675759690308,0.258777418630973,0.107898341059335,S4
2.73237272727273,0.345682708318405,0.247773613980432,0.0979090943379729,S4
2.94620454545455,0.324689656946501,0.23676980932989,0.087919847616611,S4
3.16003636363636,0.303696605574598,0.225766004679349,0.0779306008952491,S4
3.37386818181818,0.282703554202694,0.215673590205043,0.0670299639976513,S4
3.5877,0.265716049144308,0.209743093809224,0.0559729553350846,S4
3.80153181818182,0.254008151769981,0.203812597413404,0.0501955543565762,S4
4.01536363636364,0.242300254395653,0.197882101017585,0.044418153378068,S4
4.22919545454545,0.230592357021326,0.191951604621766,0.0386407523995597,S4
4.44302727272727,0.218937159999749,0.186021108225947,0.0329160517738019,S4
4.65685909090909,0.212549397162847,0.180090611830128,0.0324587853327187,S4
4.87069090909091,0.206161634325944,0.174160115434309,0.0320015188916354,S4
5.08452272727273,0.199773871489042,0.168987933860998,0.030785937628044,S4
5.29835454545455,0.19338610865214,0.16497587813177,0.02841023052037,S4
5.51218636363636,0.186998345815237,0.160963822402541,0.026034523412696,S4
5.72601818181818,0.180610582978335,0.156951766673313,0.023658816305022,S4
5.93985,0.174222820141433,0.152939710944085,0.0212831091973481,S4
6.15368181818182,0.16783505730453,0.148927655214856,0.0189074020896741,S4
6.36751363636364,0.164681709170447,0.146299837042525,0.0183818721279224,S4
6.58134545454545,0.161558898608392,0.144712787360631,0.0168461112477606,S4
6.79517727272727,0.158436088046337,0.143125737678738,0.0153103503675989,S4
7.00900909090909,0.155313277484282,0.141538687996845,0.0137745894874372,S4
7.22284090909091,0.152190466922227,0.139951638314951,0.0122388286072755,S4
7.43667272727273,0.149067656360172,0.138364588633058,0.0107030677271138,S4
7.65050454545455,0.146125170956463,0.136777538951165,0.00934763200529815,S4
7.86433636363636,0.144247850986696,0.135190489269271,0.00905736171742486,S4
8.07816818181818,0.14237053101693,0.133603439587378,0.00876709142955157,S4
8.292,0.140493211047163,0.132016389905485,0.00847682114167828,S4
8.50583181818182,0.138615891077396,0.130429340223591,0.00818655085380493,S4
8.71966363636364,0.13673857110763,0.128842290541698,0.00789628056593164,S4
8.93349545454545,0.134861251137863,0.127255240859805,0.00760601027805829,S4
9.14732727272727,0.132983931168096,0.125668191177911,0.00731573999018503,S4
9.36115909090909,0.13110661119833,0.124081141496018,0.00702546970231172,S4
9.57499090909091,0.129229291228563,0.122494091814125,0.00673519941443841,S4
9.78882272727273,0.128204970743404,0.120907042132231,0.00729792861117301,S4
10.0026545454545,0.127235701162957,0.119327253173643,0.00790844798931428,S4
10.2164863636364,0.12626643158251,0.118325077132889,0.00794135444962048,S4
10.4303181818182,0.125329718416799,0.117322901092136,0.00800681732466293,S4
10.64415,0.124437141446188,0.116320725051382,0.00811641639480583,S4
10.8579818181818,0.123544564475577,0.115318549010629,0.00822601546494872,S4
11.0718136363636,0.122651987504967,0.114316372969875,0.00833561453509159,S4
11.2856454545455,0.121759410534356,0.113314196929122,0.00844521360523451,S4
11.4994772727273,0.120866833563746,0.112312020888368,0.0085548126753774,S4
11.7133090909091,0.119974256593135,0.111309844847615,0.00866441174552032,S4
11.9271409090909,0.119081679622525,0.110307668806861,0.00877401081566322,S4
12.1409727272727,0.118189102651914,0.109305492766108,0.0088836098858061,S4
12.3548045454545,0.117296525681303,0.108303316725354,0.00899320895594899,S4
12.5686363636364,0.116403948710693,0.107454609275922,0.00894933943477066,S4
12.7824681818182,0.115533044438125,0.106930553959773,0.00860249047835161,S4
12.9963,0.114940953389708,0.106406498643624,0.00853445474608448,S4
13.2101318181818,0.114348862341292,0.105882443327474,0.00846641901381733,S4
13.4239636363636,0.113756771292875,0.105358388011325,0.00839838328155018,S4
13.6377954545455,0.113164680244459,0.104834332695176,0.00833034754928307,S4
13.8516272727273,0.112572589196043,0.104310277379027,0.00826231181701594,S4
14.0654590909091,0.111980498147626,0.103786222062878,0.00819427608474879,S4
14.2792909090909,0.11138840709921,0.103262166746728,0.00812624035248165,S4
14.4931227272727,0.110796316050794,0.102738111430579,0.00805820462021449,S4
14.7069545454545,0.110204225002377,0.10221405611443,0.00799016888794736,S4
14.9207863636364,0.109612133953961,0.101690000798281,0.00792213315568023,S4
15.1346181818182,0.109020042905545,0.101165945482132,0.00785409742341309,S4
15.34845,0.108427951857128,0.100641890165982,0.00778606169114594,S4
15.5622818181818,0.107835860808712,0.100117834849833,0.00771802595887881,S4
15.7761136363636,0.107243769760296,0.0995937795336839,0.00764999022661168,S4
15.9899454545455,0.106701414679131,0.0990697242175347,0.00763169046159649,S4
16.2037772727273,0.106358549142798,0.0985456689013855,0.00781288024141215,S4
16.4176090909091,0.106015683606464,0.0980216135852363,0.00799407002122778,S4
16.6314409090909,0.10567281807013,0.097497558269087,0.00817525980104344,S4
16.8452727272727,0.105329952533797,0.0971820838538612,0.00814786867993572,S4
17.0591045454545,0.104987086997463,0.0969073240489452,0.0080797629485182,S4
17.2729363636364,0.10464422146113,0.0966325642440292,0.00801165721710065,S4
17.4867681818182,0.104301355924796,0.0963578044391131,0.00794355148568313,S4
17.7006,0.103958490388463,0.0960830446341971,0.00787544575426559,S4
17.9144318181818,0.103615624852129,0.0958082848292811,0.00780734002284805,S4
18.1282636363636,0.103272759315796,0.0955335250243651,0.00773923429143052,S4
18.3420954545455,0.102929893779462,0.0952587652194491,0.00767112856001298,S4
18.5559272727273,0.102587028243128,0.094984005414533,0.00760302282859544,S4
18.7697590909091,0.102244162706795,0.094709245609617,0.00753491709717792,S4
18.9835909090909,0.101901297170461,0.094434485804701,0.00746681136576037,S4
19.1974227272727,0.101558431634128,0.094159725999785,0.00739870563434285,S4
19.4112545454545,0.101215566097794,0.093884966194869,0.0073305999029253,S4
19.6250863636364,0.100872700561461,0.0936102063899529,0.00726249417150776,S4
19.8389181818182,0.100529835025127,0.0933354465850369,0.00719438844009021,S4
20.05275,0.100186969488794,0.0930606867801209,0.0071262827086727,S4
20.2665818181818,0.09984410395246,0.0927859269752049,0.00705817697725515,S4
20.4804136363636,0.0995012384161265,0.0925111671702888,0.00699007124583761,S4
20.6942454545455,0.0991583728797929,0.0922364073653728,0.00692196551442008,S4
20.9080772727273,0.0988155073434593,0.0919616475604568,0.00685385978300254,S4
21.1219090909091,0.0984726418071258,0.0916868877555408,0.00678575405158503,S4
21.3357409090909,0.0981297762707922,0.0914121279506248,0.00671764832016748,S4
21.5495727272727,0.0977869107344587,0.0911373681457087,0.00664954258874995,S4
21.7634045454545,0.0974440451981251,0.0908626083407927,0.00658143685733241,S4
21.9772363636364,0.0971011796617916,0.0905878485358767,0.00651333112591489,S4
22.1910681818182,0.096758314125458,0.0903130887309607,0.00644522539449735,S4
22.4049,0.0964154485891244,0.0900383289260446,0.0063771196630798,S4
22.6187318181818,0.0960725830527909,0.0897635691211286,0.00630901393166228,S4
22.8325636363636,0.0957297175164573,0.0894888093162126,0.00624090820024474,S4
23.0463954545455,0.0953868519801238,0.0892140495112966,0.0061728024688272,S4
23.2602272727273,0.0950439864437902,0.0889392897063806,0.00610469673740967,S4
2.14636363636364,0.592517587773229,0.451159634976169,0.14135795279706,S5
2.35374545454545,0.566041128937878,0.44136702101276,0.124674107925118,S5
2.56112727272727,0.539564670102527,0.430708323537827,0.1088563465647,S5
2.76850909090909,0.514340974654396,0.417977414353583,0.0963635603008131,S5
2.97589090909091,0.495617646147119,0.405246505169339,0.0903711409777802,S5
3.18327272727273,0.476894317639843,0.392515595985096,0.084378721654747,S5
3.39065454545455,0.458170989132566,0.381956691029402,0.0762142981031637,S5
3.59803636363636,0.439447660625289,0.377385821446887,0.0620618391784024,S5
3.80541818181818,0.424466009261716,0.372814951864371,0.0516510573973452,S5
4.0128,0.414012726195983,0.368244082281856,0.0457686439141277,S5
4.22018181818182,0.40355944313025,0.36367321269934,0.0398862304309102,S5
4.42756363636364,0.393106160064517,0.359102343116825,0.0340038169476927,S5
4.63494545454545,0.383404471588318,0.354531473534309,0.0288729980540089,S5
4.84232727272727,0.378319183443199,0.349960603951794,0.0283585794914059,S5
5.04970909090909,0.373233895298081,0.345598739951647,0.0276351553464336,S5
5.25709090909091,0.368148607152962,0.341899822699967,0.0262487844529951,S5
5.46447272727273,0.363063319007844,0.338200905448288,0.0248624135595564,S5
5.67185454545455,0.357978030862726,0.334501988196608,0.0234760426661177,S5
5.87923636363636,0.352892742717607,0.330803070944928,0.0220896717726791,S5
6.08661818181818,0.347807454572489,0.327104153693248,0.0207033008792404,S5
6.294,0.344766071277834,0.323940260037847,0.0208258112399869,S5
6.50138181818182,0.342358104835201,0.322526915497461,0.01983118933774,S5
6.70876363636364,0.339950138392567,0.321113570957074,0.0188365674354929,S5
6.91614545454545,0.337542171949934,0.319700226416688,0.017841945533246,S5
7.12352727272727,0.335134205507301,0.318286881876302,0.016847323630999,S5
7.33090909090909,0.332726239064667,0.316873537335915,0.015852701728752,S5
7.53829090909091,0.330318272622034,0.315460192795529,0.014858079826505,S5
7.74567272727273,0.327910306179401,0.314046848255143,0.0138634579242581,S5
7.95305454545455,0.32558553229598,0.312633503714757,0.012952028581224,S5
8.16043636363636,0.324026308545996,0.31122015917437,0.0128061493716256,S5
8.36781818181818,0.322467084796011,0.309806814633984,0.0126602701620272,S5
8.5752,0.320907861046027,0.308393470093598,0.0125143909524288,S5
8.78258181818182,0.319348637296042,0.306980125553211,0.0123685117428305,S5
8.98996363636364,0.317789413546057,0.305566781012825,0.0122226325332322,S5
9.19734545454545,0.316230189796073,0.304153436472439,0.0120767533236338,S5
9.40472727272727,0.314670966046088,0.302740091932053,0.0119308741140355,S5
9.61210909090909,0.313111742296103,0.301326747391666,0.0117849949044372,S5
9.81949090909091,0.311552518546119,0.29991340285128,0.0116391156948389,S5
10.0268727272727,0.309993294796134,0.298599182752339,0.0113941120437952,S5
10.2342545454545,0.30843407104615,0.297950799902836,0.0104832711433135,S5
10.4416363636364,0.306874847296165,0.297302417053333,0.00957243024283189,S5
10.6490181818182,0.304645435827083,0.29665403420383,0.00799140162325296,S5
10.8564,0.302369862988538,0.296005651354327,0.00636421163421136,S5
11.0637818181818,0.300760487435563,0.295357268504824,0.00540321893073908,S5
11.2711636363636,0.300460898536481,0.294708885655321,0.00575201288116023,S5
11.4785454545455,0.3001613096374,0.294060502805818,0.00610080683158137,S5
11.6859272727273,0.299861720738318,0.293412119956315,0.00644960078200252,S5
11.8933090909091,0.299562131839236,0.292763737106812,0.00679839473242361,S5
12.1006909090909,0.299262542940154,0.292115354257309,0.00714718868284481,S5
12.3080727272727,0.298962954041072,0.291466971407806,0.00749598263326595,S5
12.5154545454545,0.298663365141991,0.290839246511715,0.00782411863027527,S5
12.7228363636364,0.298363776242909,0.290468069093525,0.00789570714938403,S5
12.9302181818182,0.298064187343827,0.290096891675334,0.00796729566849286,S5
13.1376,0.297741697010309,0.289725714257143,0.00801598275316556,S5
13.3449818181818,0.297339891808673,0.289354536838953,0.00798535496972019,S5
13.5523636363636,0.296938086607037,0.288983359420762,0.00795472718627482,S5
13.7597454545455,0.296536281405401,0.288612182002572,0.0079240994028294,S5
13.9671272727273,0.296134476203765,0.288241004584381,0.00789347161938397,S5
14.1745090909091,0.295732671002129,0.287869827166191,0.0078628438359386,S5
14.3818909090909,0.295330865800493,0.287498649748,0.00783221605249329,S5
14.5892727272727,0.294929060598857,0.287127472329809,0.00780158826904787,S5
14.7966545454545,0.294527255397221,0.286756294911619,0.0077709604856025,S5
15.0040363636364,0.294125450195585,0.286385117493428,0.00774033270215707,S5
15.2114181818182,0.293723644993949,0.286013940075238,0.00770970491871165,S5
15.4188,0.293321839792313,0.285642762657047,0.00767907713526628,S5
15.6261818181818,0.292920034590677,0.285271585238856,0.00764844935182085,S5
15.8335636363636,0.292518229389041,0.284900407820666,0.00761782156837548,S5
16.0409454545455,0.292125832802142,0.284529230402475,0.00759660239966692,S5
16.2483272727273,0.291836753083372,0.284158052984285,0.00767870009908728,S5
16.4557090909091,0.291547673364602,0.283786875566094,0.00776079779850769,S5
16.6630909090909,0.291258593645832,0.283415698147903,0.00784289549792816,S5
16.8704727272727,0.290969513927061,0.283182679120572,0.0077868348064894,S5
17.0778545454545,0.290680434208291,0.282951875353383,0.00772855885490853,S5
17.2852363636364,0.290391354489521,0.282721071586193,0.00767028290332772,S5
17.4926181818182,0.290102274770751,0.282490267819004,0.00761200695174685,S5
17.7,0.289813195051981,0.282259464051815,0.00755373100016599,S5
17.9073818181818,0.28952411533321,0.282028660284625,0.00749545504858518,S5
18.1147636363636,0.28923503561444,0.281797856517436,0.00743717909700442,S5
18.3221454545455,0.28894595589567,0.281567052750247,0.0073789031454235,S5
18.5295272727273,0.2886568761769,0.281336248983057,0.00732062719384269,S5
18.7369090909091,0.28836779645813,0.281105445215868,0.00726235124226182,S5
18.9442909090909,0.28807871673936,0.280874641448679,0.00720407529068096,S5
19.1516727272727,0.287789637020589,0.280643837681489,0.00714579933910015,S5
19.3590545454545,0.287500557301819,0.2804130339143,0.00708752338751933,S5
19.5664363636364,0.287211477583049,0.280182230147111,0.00702924743593847,S5
19.7738181818182,0.286922397864279,0.279951426379921,0.0069709714843576,S5
19.9812,0.286633318145509,0.279720622612732,0.00691269553277679,S5
20.1885818181818,0.286344238426738,0.279489818845543,0.00685441958119593,S5
20.3959636363636,0.286055158707968,0.279259015078353,0.00679614362961511,S5
20.6033454545455,0.285766078989198,0.279028211311164,0.00673786767803425,S5
20.8107272727273,0.285476999270428,0.278797407543975,0.00667959172645338,S5
21.0181090909091,0.285187919551658,0.278566603776785,0.00662131577487252,S5
21.2254909090909,0.284898839832888,0.278335800009596,0.00656303982329171,S5
21.4328727272727,0.284609760114117,0.278104996242406,0.00650476387171089,S5
21.6402545454545,0.284320680395347,0.277874192475217,0.00644648792013003,S5
21.8476363636364,0.284031600676577,0.277643388708028,0.00638821196854922,S5
22.0550181818182,0.283742520957807,0.277412584940838,0.00632993601696835,S5
22.2624,0.283453441239037,0.277181781173649,0.00627166006538754,S5
22.4697818181818,0.283164361520266,0.27695097740646,0.00621338411380667,S5
22.6771636363636,0.282875281801496,0.27672017363927,0.00615510816222581,S5
22.8845454545455,0.282586202082726,0.276489369872081,0.006096832210645,S5
1.83659090909091,0.45688589496481,0.297085731599581,0.159800163365229,S6
2.05509545454545,0.416019218218289,0.266381227854305,0.149637990363984,S6
2.2736,0.375152541471769,0.25122769027213,0.123924851199639,S6
2.49210454545455,0.339747691149108,0.236074152689955,0.103673538459152,S6
2.71060909090909,0.319780119554328,0.224476447816185,0.0953036717381431,S6
2.92911363636364,0.299812547959549,0.21301204637865,0.0868005015808993,S6
3.14761818181818,0.279844976364769,0.201547644941114,0.0782973314236553,S6
3.36612272727273,0.25987740476999,0.190985069803932,0.0688923349660584,S6
3.58462727272727,0.245040601145541,0.185945996969372,0.0590946041761696,S6
3.80313181818182,0.234019675919805,0.180906924134812,0.0531127517849928,S6
4.02163636363636,0.222998750694068,0.175867851300252,0.047130899393816,S6
4.24014090909091,0.211977825468331,0.170828778465692,0.0411490470026391,S6
4.45864545454545,0.202222060723066,0.165789705631132,0.0364323550919339,S6
4.67715,0.196027157514211,0.160750632796572,0.0352765247176391,S6
4.89565454545455,0.189832254305357,0.155711559962012,0.0341206943433442,S6
5.11415909090909,0.183637351096502,0.151482682431756,0.0321546686647462,S6
5.33266363636364,0.177442447887647,0.147994352120515,0.0294480957671323,S6
5.55116818181818,0.171247544678792,0.144506021809274,0.0267415228695184,S6
5.76967272727273,0.165052641469938,0.141017691498033,0.0240349499719046,S6
5.98817727272727,0.158857738261083,0.137529361186792,0.0213283770742907,S6
6.20668181818182,0.154736681434945,0.134041030875551,0.0206956505593931,S6
6.42518636363636,0.152074445464345,0.132302127922212,0.0197723175421322,S6
6.64369090909091,0.149412209493745,0.130940620972083,0.018471588521662,S6
6.86219545454545,0.146749973523145,0.129579114021953,0.0171708595011918,S6
7.0807,0.144087737552545,0.128217607071824,0.0158701304807216,S6
7.29920454545455,0.141425501581945,0.126856100121694,0.0145694014602513,S6
7.51770909090909,0.138763265611346,0.125494593171565,0.0132686724397811,S6
7.73621363636364,0.136101029640746,0.124133086221435,0.0119679434193108,S6
7.95471818181818,0.133438793670146,0.122771579271305,0.0106672143988406,S6
8.17322272727273,0.131796301625253,0.121410072321176,0.0103862293040776,S6
8.39172727272727,0.13026986838995,0.120048565371046,0.0102213030189041,S6
8.61023181818182,0.128743435154647,0.118687058420917,0.0100563767337306,S6
8.82873636363636,0.127217001919344,0.117325551470787,0.00989145044855716,S6
9.04724090909091,0.125690568684041,0.115964044520657,0.00972652416338365,S6
9.26574545454545,0.124164135448738,0.114602537570528,0.00956159787821016,S6
9.48425,0.122637702213435,0.113241030620398,0.00939667159303667,S6
9.70275454545455,0.121111268978132,0.111879523670269,0.00923174530786318,S6
9.92125909090909,0.119584835742829,0.110518016720139,0.0090668190226897,S6
10.1397636363636,0.118058402507526,0.109630378597689,0.00842802390983716,S6
10.3582681818182,0.116531969272223,0.10900971165066,0.00752225762156233,S6
10.5767727272727,0.11500553603692,0.108389044703632,0.0066164913332875,S6
10.7952772727273,0.113841142888853,0.107768377756604,0.00607276513224972,S6
11.0137818181818,0.113114472028146,0.107147710809576,0.00596676121857041,S6
11.2322863636364,0.112387801167438,0.106527043862547,0.00586075730489112,S6
11.4507909090909,0.111775974838066,0.105906376915519,0.00586959792254735,S6
11.6692954545455,0.111267306325559,0.105285709968491,0.00598159635706855,S6
11.8878,0.110758637813052,0.104665043021462,0.00609359479158975,S6
12.1063045454545,0.110249969300545,0.104044376074434,0.00620559322611097,S6
12.3248090909091,0.109741300788038,0.103423709127406,0.0063175916606322,S6
12.5433136363636,0.109232632275531,0.102857733519199,0.00637489875633164,S6
12.7618181818182,0.108723963763024,0.102512968277334,0.00621099548568955,S6
12.9803227272727,0.108215295250517,0.10216820303547,0.0060470922150475,S6
13.1988272727273,0.10770662673801,0.101823437793605,0.00588318894440541,S6
13.4173318181818,0.107197958225503,0.10147867255174,0.00571928567376336,S6
13.6358363636364,0.106745116998451,0.101133907309875,0.00561120968857649,S6
13.8543409090909,0.106382031291581,0.10078914206801,0.00559288922357166,S6
14.0728454545455,0.106018945584712,0.100444376826145,0.00557456875856685,S6
14.29135,0.105655859877842,0.10009961158428,0.00555624829356205,S6
14.5098545454545,0.105292774170972,0.0997548463424147,0.00553792782855725,S6
14.7283590909091,0.104929688464102,0.0994100811005497,0.00551960736355245,S6
14.9468636363636,0.104566602757232,0.0990653158586847,0.00550128689854762,S6
15.1653681818182,0.104203517050363,0.0987205506168198,0.00548296643354282,S6
15.3838727272727,0.103840431343493,0.0983757853749548,0.005464645968538,S6
15.6023772727273,0.103477345636623,0.0980310201330898,0.00544632550353318,S6
15.8208818181818,0.103114259929753,0.0976862548912249,0.00542800503852836,S6
16.0393863636364,0.102751174222883,0.0973414896493599,0.00540968457352355,S6
16.2578909090909,0.102388088516014,0.0969967244074949,0.00539136410851875,S6
16.4763954545455,0.102025002809144,0.0966519591656299,0.00537304364351393,S6
16.6949,0.101661917102274,0.0963302307430728,0.00533168635920127,S6
16.9134045454545,0.101366446702866,0.0961618597256342,0.00520458697723164,S6
17.1319090909091,0.101119656228204,0.0959934887081955,0.00512616752000856,S6
17.3504136363636,0.100872865753542,0.0958251176907568,0.00504774806278545,S6
17.5689181818182,0.10062607527888,0.0956567466733181,0.00496932860556239,S6
17.7874227272727,0.100379284804219,0.0954883756558794,0.00489090914833931,S6
18.0059272727273,0.100132494329557,0.0953200046384408,0.00481248969111621,S6
18.2244318181818,0.0998857038548952,0.0951516336210021,0.00473407023389312,S6
18.4429363636364,0.0996389133802335,0.0949832626035634,0.00465565077667003,S6
18.6614409090909,0.0993921229055717,0.0948148915861247,0.00457723131944696,S6
18.8799454545455,0.0991453324309099,0.0946465205686861,0.00449881186222385,S6
19.09845,0.0988985419562482,0.0944781495512474,0.00442039240500076,S6
19.3169545454545,0.0986517514815864,0.0943097785338087,0.00434197294777769,S6
19.5354590909091,0.0984049610069247,0.09414140751637,0.00426355349055461,S6
19.7539636363636,0.0981581705322629,0.0939730364989314,0.00418513403333151,S6
19.9724681818182,0.0979113800576011,0.0938046654814927,0.00410671457610845,S6
20.1909727272727,0.0976645895829394,0.093636294464054,0.00402829511888535,S6
20.4094772727273,0.0974177991082776,0.0934679234466153,0.00394987566166227,S6
20.6279818181818,0.0971710086336158,0.0932995524291767,0.00387145620443916,S6
20.8464863636364,0.0969242181589541,0.093131181411738,0.00379303674721608,S6
21.0649909090909,0.0966774276842923,0.0929628103942993,0.00371461728999301,S6
21.2834954545455,0.0964306372096305,0.0927944393768606,0.0036361978327699,S6
21.502,0.0961838467349688,0.092626068359422,0.00355777837554683,S6
21.7205045454545,0.095937056260307,0.0924576973419833,0.00347935891832375,S6
21.9390090909091,0.0956902657856453,0.0922893263245446,0.00340093946110065,S6
22.1575136363636,0.0954434753109835,0.0921209553071059,0.00332252000387757,S6
22.3760181818182,0.0951966848363217,0.0919525842896673,0.00324410054665447,S6
22.5945227272727,0.09494989436166,0.0917842132722286,0.00316568108943138,S6
22.8130272727273,0.0947031038869982,0.0916158422547899,0.00308726163220831,S6
23.0315318181818,0.0944563134123365,0.0914474712373512,0.00300884217498522,S6
23.2500363636364,0.0942095229376747,0.0912791002199126,0.00293042271776213,S6
23.4685409090909,0.0939627324630129,0.0911107292024739,0.00285200326053905,S6
23.6870454545455,0.0937159419883512,0.0909423581850352,0.00277358380331597,S6
