seed,method,N,scenario,RMSE,MAXERR,MINEVAL,AOI,TXRATECHANNEL,TXRATEAGENT,TXRATETOTAL,TXCOUNT,PDR,ACKUPDATE,ACKMISS,FORMFAIL,SAFEFAIL
1,Periodic10,5,Moderate,0.0959414071854364,0.123779653023684,0.479586238817485,0.154898577051166,10,24,120,3600,0.8,0,0,0,0
2,Periodic10,5,Moderate,0.0958412071803944,0.128641266467642,0.473395175151914,0.154467151074781,10,24,120,3600,0.8,0,0,0,0
3,Periodic10,5,Moderate,0.0939085891368258,0.122552992551812,0.479660045949029,0.154966696942174,10,24,120,3600,0.804722222222222,0,0,0,0
4,Periodic10,5,Moderate,0.0951428495331265,0.124323872510933,0.479081910015637,0.154860732667272,10,24,120,3600,0.803888888888889,0,0,0,0
5,Periodic10,5,Moderate,0.0935568521043775,0.125157376776415,0.484787568657917,0.152113230396609,10,24,120,3600,0.815,0,0,0,0
6,Periodic10,5,Moderate,0.095443496790229,0.125425013104893,0.484504348596072,0.154421737814108,10,24,120,3600,0.8,0,0,0,0
7,Periodic10,5,Moderate,0.0939603388906636,0.12211604407057,0.4844517216752,0.152196488041175,10,24,120,3600,0.809722222222222,0,0,0,0
8,Periodic10,5,Moderate,0.0945831937519371,0.121494112241898,0.483099704785215,0.153657281259461,10,24,120,3600,0.804722222222222,0,0,0,0
9,Periodic10,5,Moderate,0.0970392924022835,0.13517127184414,0.464905543320688,0.156995155918862,10,24,120,3600,0.794722222222222,0,0,0,0
10,Periodic10,5,Moderate,0.0950086289717443,0.131144588349767,0.480723570645154,0.154436875567666,10,24,120,3600,0.806666666666667,0,0,0,0
11,Periodic10,5,Moderate,0.0977333829676382,0.132585459180827,0.47938710623864,0.156858916136845,10,24,120,3600,0.791666666666667,0,0,0,0
12,Periodic10,5,Moderate,0.0947316158917825,0.126638238979209,0.473476603466545,0.152643051771117,10,24,120,3600,0.805833333333333,0,0,0,0
13,Periodic10,5,Moderate,0.0959797833194834,0.126242981157134,0.478904888158237,0.154368755676658,10,24,120,3600,0.803055555555556,0,0,0,0
14,Periodic10,5,Moderate,0.0959525493970848,0.128451064423756,0.474688848697362,0.154891008174387,10,24,120,3600,0.802777777777778,0,0,0,0
15,Periodic10,5,Moderate,0.0943706547910257,0.124436844074537,0.48488002201351,0.153914623069937,10,24,120,3600,0.803333333333333,0,0,0,0
16,Periodic10,5,Moderate,0.0943940187718322,0.123676151262858,0.480330136664354,0.153740538904027,10,24,120,3600,0.815555555555556,0,0,0,0
17,Periodic10,5,Moderate,0.0953055823767118,0.131036588075113,0.47054765001245,0.153876778686043,10,24,120,3600,0.798333333333333,0,0,0,0
18,Periodic10,5,Moderate,0.0958505081489184,0.127742301187745,0.479943596314122,0.155065092340297,10,24,120,3600,0.801944444444444,0,0,0,0
19,Periodic10,5,Moderate,0.0962056853195856,0.122548646764526,0.485380743732374,0.157487132909476,10,24,120,3600,0.795,0,0,0,0
20,Periodic10,5,Moderate,0.0967213881752575,0.128842781400059,0.479069943606228,0.157040569179534,10,24,120,3600,0.7975,0,0,0,0
1,Periodic20,5,Moderate,0.0727894770536564,0.0922098432132179,0.508255556334213,0.117968513472601,20,48,240,7200,0.803888888888889,0,0,0,0
2,Periodic20,5,Moderate,0.0723263795051269,0.0930895179848138,0.508633727254315,0.117296397214653,20,48,240,7200,0.805277777777778,0,0,0,0
3,Periodic20,5,Moderate,0.0730194738278082,0.0951502555140145,0.509542345440261,0.118746594005449,20,48,240,7200,0.802361111111111,0,0,0,0
4,Periodic20,5,Moderate,0.0733016482133504,0.0961048381865462,0.509277363395447,0.119388434756282,20,48,240,7200,0.794444444444445,0,0,0,0
5,Periodic20,5,Moderate,0.0723547098013366,0.0933009707764131,0.50793143189602,0.117611262488647,20,48,240,7200,0.805694444444444,0,0,0,0
6,Periodic20,5,Moderate,0.0726622913255142,0.0932805158657053,0.507086866720367,0.117871631849833,20,48,240,7200,0.801666666666667,0,0,0,0
7,Periodic20,5,Moderate,0.0725083691236392,0.0929997379364712,0.509310258942706,0.117827732364517,20,48,240,7200,0.804166666666667,0,0,0,0
8,Periodic20,5,Moderate,0.0725059375869361,0.093326368244062,0.508603024860158,0.117891310929458,20,48,240,7200,0.802083333333333,0,0,0,0
9,Periodic20,5,Moderate,0.0728238963349869,0.0950046477385813,0.505075575109194,0.118004844081138,20,48,240,7200,0.79875,0,0,0,0
10,Periodic20,5,Moderate,0.0731957072357496,0.0938834799445676,0.509002908806535,0.119214350590372,20,48,240,7200,0.792222222222222,0,0,0,0
11,Periodic20,5,Moderate,0.0734001140720042,0.0960187038625434,0.504070708645032,0.119081138359067,20,48,240,7200,0.790277777777778,0,0,0,0
12,Periodic20,5,Moderate,0.0730712809637623,0.0936911770981628,0.508284296106806,0.118563427187405,20,48,240,7200,0.795,0,0,0,0
13,Periodic20,5,Moderate,0.0727365818050143,0.093426505653443,0.507100463231451,0.117870118074478,20,48,240,7200,0.804166666666667,0,0,0,0
14,Periodic20,5,Moderate,0.0727026505141467,0.0931655074891366,0.50878860203324,0.117694520133212,20,48,240,7200,0.802083333333333,0,0,0,0
15,Periodic20,5,Moderate,0.0723126370717092,0.0929371790669463,0.508307363705344,0.117553739025129,20,48,240,7200,0.805555555555556,0,0,0,0
16,Periodic20,5,Moderate,0.0723467715568128,0.0934208942032698,0.509166585016781,0.117574931880109,20,48,240,7200,0.806666666666667,0,0,0,0
17,Periodic20,5,Moderate,0.072146103890741,0.0920102167780901,0.51004303225087,0.117582500756888,20,48,240,7200,0.799861111111111,0,0,0,0
18,Periodic20,5,Moderate,0.0728537867556982,0.0936269442012716,0.509338703246465,0.117929155313351,20,48,240,7200,0.800416666666667,0,0,0,0
19,Periodic20,5,Moderate,0.0729799911188516,0.0925030916962127,0.508307626002956,0.118160762942779,20,48,240,7200,0.7975,0,0,0,0
20,Periodic20,5,Moderate,0.0726490587013755,0.0943059283007396,0.50661237497593,0.117877686951256,20,48,240,7200,0.804305555555556,0,0,0,0
1,State-event,5,Moderate,0.170108133430701,0.261006815521101,0.346272898865384,0.27849076597033,4.28888888888889,10.2933333333333,51.4666666666667,1544,0.802461139896373,0,0,1,0
2,State-event,5,Moderate,0.174244512037392,0.272242705219758,0.379057105248946,0.281011201937632,4.29444444444444,10.3066666666667,51.5333333333333,1546,0.793014230271669,0,0,1,0
3,State-event,5,Moderate,0.163122992938263,0.224948036681932,0.387970874596734,0.26497880714502,4.28888888888889,10.2933333333333,51.4666666666667,1544,0.80440414507772,0,0,1,0
4,State-event,5,Moderate,0.16608015331736,0.24926240229953,0.399578593741173,0.274406600060551,4.3,10.32,51.6,1548,0.795865633074935,0,0,1,0
5,State-event,5,Moderate,0.161063741368524,0.22598624686258,0.408533271065866,0.265013623978202,4.28333333333333,10.28,51.4,1542,0.815175097276265,0,0,1,0
6,State-event,5,Moderate,0.170624284903171,0.252326155263956,0.348201600038286,0.272726309415683,4.29444444444444,10.3066666666667,51.5333333333333,1546,0.800776196636481,0,0,1,0
7,State-event,5,Moderate,0.168014481478133,0.273584692004382,0.384027918409871,0.266454738116863,4.28333333333333,10.28,51.4,1542,0.808041504539559,0,0,1,0
8,State-event,5,Moderate,0.166807772946012,0.232811301884659,0.368856590969795,0.271235240690281,4.28888888888889,10.2933333333333,51.4666666666667,1544,0.799870466321243,0,0,1,0
9,State-event,5,Moderate,0.167040131614381,0.235950210410723,0.413899377822293,0.273953981229186,4.29444444444444,10.3066666666667,51.5333333333333,1546,0.798188874514877,0,0,1,0
10,State-event,5,Moderate,0.16672877751165,0.253768160288173,0.408667857799733,0.278157735392068,4.28333333333333,10.28,51.4,1542,0.799610894941634,0,0,1,0
11,State-event,5,Moderate,0.170567962359745,0.235091165031604,0.384018810446485,0.277593097184378,4.27777777777778,10.2666666666667,51.3333333333333,1540,0.796103896103896,0,0,1,0
12,State-event,5,Moderate,0.16564340922898,0.233151701075588,0.400213234019588,0.266397214653345,4.28333333333333,10.28,51.4,1542,0.796368352788586,0,0,1,0
13,State-event,5,Moderate,0.172645757424282,0.285638399638687,0.40208385147458,0.27914774447472,4.28888888888889,10.2933333333333,51.4666666666667,1544,0.814119170984456,0,0,1,0
14,State-event,5,Moderate,0.172783377377174,0.246254430151708,0.385666014290761,0.282447774750227,4.29444444444444,10.3066666666667,51.5333333333333,1546,0.798835705045278,0,0,1,0
15,State-event,5,Moderate,0.161837467144879,0.221928076800261,0.406090573814152,0.270054495912806,4.29444444444444,10.3066666666667,51.5333333333333,1546,0.798188874514877,0,0,1,0
16,State-event,5,Moderate,0.170022027025155,0.266242812616116,0.402517010715649,0.271265516197396,4.30555555555556,10.3333333333333,51.6666666666667,1550,0.814838709677419,0,0,1,0
17,State-event,5,Moderate,0.17280765996767,0.271333935270114,0.392882103625732,0.281074780502573,4.29444444444444,10.3066666666667,51.5333333333333,1546,0.785899094437257,0,0,1,0
18,State-event,5,Moderate,0.170521056380463,0.236705504779653,0.393815671608004,0.272882228277324,4.29444444444444,10.3066666666667,51.5333333333333,1546,0.793014230271669,0,0,1,0
19,State-event,5,Moderate,0.169446363706611,0.238210544445135,0.399936209586739,0.277879200726612,4.29444444444444,10.3066666666667,51.5333333333333,1546,0.800776196636481,0,0,1,0
20,State-event,5,Moderate,0.179128723479423,0.322700354785965,0.369924708481637,0.284291553133515,4.3,10.32,51.6,1548,0.792635658914729,0,0,1,0
1,Full-AoI,5,Moderate,0.0974474021857022,0.126341717879332,0.476252383001204,0.158068422646079,11.2027777777778,26.8866666666667,134.433333333333,4033,0.799652863873047,3219,0,0,0
2,Full-AoI,5,Moderate,0.0964160820089309,0.126108268230667,0.474226520055648,0.15688919164396,11.2277777777778,26.9466666666667,134.733333333333,4042,0.803067788223652,3241,0,0,0
3,Full-AoI,5,Moderate,0.0969591242511074,0.123553942365536,0.481029140387245,0.157829246139873,11.1888888888889,26.8533333333333,134.266666666667,4028,0.803872889771599,3231,0,0,0
4,Full-AoI,5,Moderate,0.0967075841873328,0.128072504778521,0.479228231703008,0.157128368150166,11.1388888888889,26.7333333333333,133.666666666667,4010,0.802244389027431,3209,0,0,0
5,Full-AoI,5,Moderate,0.0970944740600442,0.127799481815003,0.474173936412126,0.157366030881017,11.0944444444444,26.6266666666667,133.133333333333,3994,0.816474712068102,3252,0,0,0
6,Full-AoI,5,Moderate,0.0974704442841977,0.128439222603125,0.474155152087442,0.158045716015743,11.2444444444444,26.9866666666667,134.933333333333,4048,0.800889328063241,3232,0,0,0
7,Full-AoI,5,Moderate,0.0969960736419279,0.124535468098063,0.475951282824125,0.157049651831668,11.2138888888889,26.9133333333333,134.566666666667,4037,0.810750557344563,3264,0,0,0
8,Full-AoI,5,Moderate,0.0971317150141141,0.123940137373572,0.476110918676992,0.156718135028762,11.1138888888889,26.6733333333333,133.366666666667,4001,0.807298175456136,3221,0,0,0
9,Full-AoI,5,Moderate,0.0977069156795577,0.12811568713073,0.477489778226217,0.158269754768392,11.2638888888889,27.0333333333333,135.166666666667,4055,0.79482120838471,3216,0,0,0
10,Full-AoI,5,Moderate,0.0980614945025742,0.128536762591062,0.472136195776475,0.158578564940963,11.2611111111111,27.0266666666667,135.133333333333,4054,0.802910705476073,3250,0,0,0
11,Full-AoI,5,Moderate,0.0977012481673846,0.125521005243263,0.476418636885026,0.158802603693612,11.2694444444444,27.0466666666667,135.233333333333,4057,0.7914715306877,3205,0,0,0
12,Full-AoI,5,Moderate,0.0969427401339824,0.124404375438485,0.477437991439222,0.157373599757796,11.1638888888889,26.7933333333333,133.966666666667,4019,0.8054242348843,3231,0,0,0
13,Full-AoI,5,Moderate,0.0975991546642608,0.125484124411766,0.480852828488516,0.15795791704511,11.2,26.88,134.4,4032,0.806051587301587,3244,0,0,0
14,Full-AoI,5,Moderate,0.0973670421711578,0.127289568978937,0.476778728308799,0.157555252800484,11.1888888888889,26.8533333333333,134.266666666667,4028,0.803376365441907,3226,0,0,0
15,Full-AoI,5,Moderate,0.097662324027478,0.127998098606362,0.478197547763088,0.15761731759007,11.1416666666667,26.74,133.7,4011,0.804038893044129,3219,0,0,0
16,Full-AoI,5,Moderate,0.0966020653842222,0.124942110034101,0.480339815197516,0.15715561610657,11.15,26.76,133.8,4014,0.813153961136024,3259,0,0,0
17,Full-AoI,5,Moderate,0.0971179209780035,0.12830729511889,0.475204715117224,0.157621858916137,11.1972222222222,26.8733333333333,134.366666666667,4031,0.801290002480774,3224,0,0,0
18,Full-AoI,5,Moderate,0.0978142563546462,0.127041803237356,0.475318691808039,0.157512867090524,11.1611111111111,26.7866666666667,133.933333333333,4018,0.80238924838228,3218,0,0,0
19,Full-AoI,5,Moderate,0.0981684856976971,0.12689540848143,0.473517960857728,0.159096276112625,11.2916666666667,27.1,135.5,4065,0.79680196801968,3233,0,0,0
20,Full-AoI,5,Moderate,0.0976814175590763,0.127904350400913,0.474905758408086,0.158144111413866,11.175,26.82,134.1,4023,0.799652000994283,3211,0,0,0
1,Periodic10,10,Moderate,0.150325083492198,0.20761785794114,0.406823621525945,0.15519527702089,10,25,250,7500,0.798133333333333,0,0,1,0
2,Periodic10,10,Moderate,0.150555279652177,0.215459526896518,0.406779975836156,0.155707538601271,10,25,250,7500,0.7972,0,0,1,0
3,Periodic10,10,Moderate,0.149080160299778,0.212082796732529,0.407014116964499,0.153698455949137,10,25,250,7500,0.807333333333333,0,0,1,0
4,Periodic10,10,Moderate,0.150895341216209,0.216628200157293,0.40358453016558,0.154101725703905,10,25,250,7500,0.803866666666667,0,0,1,0
5,Periodic10,10,Moderate,0.149561556152307,0.215226370875002,0.418040769834239,0.153309718437784,10,25,250,7500,0.806266666666667,0,0,1,0
6,Periodic10,10,Moderate,0.150623784371888,0.214407262275539,0.410408369063365,0.155271571298819,10,25,250,7500,0.8008,0,0,1,0
7,Periodic10,10,Moderate,0.150348648287834,0.211841994139129,0.407873625421714,0.155351498637602,10,25,250,7500,0.798533333333333,0,0,1,0
8,Periodic10,10,Moderate,0.150375863761443,0.213076042407317,0.410536742502234,0.153861943687557,10,25,250,7500,0.806266666666667,0,0,1,0
9,Periodic10,10,Moderate,0.1516711120716,0.213479700467584,0.403450204835092,0.155347865576748,10,25,250,7500,0.800933333333333,0,0,1,0
10,Periodic10,10,Moderate,0.151341683068052,0.216122572759442,0.402963960477365,0.155460490463215,10,25,250,7500,0.7976,0,0,1,0
11,Periodic10,10,Moderate,0.15060277301503,0.208311665459742,0.409165421134035,0.155747502270663,10,25,250,7500,0.798266666666667,0,0,1,0
12,Periodic10,10,Moderate,0.150140293289513,0.211591023350814,0.405854636683592,0.155220708446866,10,25,250,7500,0.7996,0,0,1,0
13,Periodic10,10,Moderate,0.150766653791092,0.216268047635211,0.406925743063321,0.1547229791099,10,25,250,7500,0.798266666666667,0,0,1,0
14,Periodic10,10,Moderate,0.14985758508475,0.209849874782603,0.406274611636861,0.154962761126249,10,25,250,7500,0.799333333333333,0,0,1,0
15,Periodic10,10,Moderate,0.14875166393145,0.206613740361765,0.412184522047519,0.15374931880109,10,25,250,7500,0.807333333333333,0,0,1,0
16,Periodic10,10,Moderate,0.149365446170373,0.21400943939409,0.404637619053735,0.154119891008174,10,25,250,7500,0.804133333333333,0,0,1,0
17,Periodic10,10,Moderate,0.149996673765665,0.214053826881434,0.406174832318551,0.154050862851953,10,25,250,7500,0.801733333333333,0,0,1,0
18,Periodic10,10,Moderate,0.150116631359383,0.210090903784957,0.413615607202102,0.154624886466848,10,25,250,7500,0.7984,0,0,1,0
19,Periodic10,10,Moderate,0.151104525310491,0.221339917520937,0.41177061847911,0.155173478655767,10,25,250,7500,0.795466666666667,0,0,1,0
20,Periodic10,10,Moderate,0.150207115339545,0.213648798255115,0.408291077933337,0.154930063578565,10,25,250,7500,0.798933333333333,0,0,1,0
1,Periodic20,10,Moderate,0.114719928023845,0.158919278311525,0.454351482539622,0.118128610354223,20,50,500,15000,0.7998,0,0,1,0
2,Periodic20,10,Moderate,0.114852431547547,0.160497825788066,0.453454906667901,0.118463578564941,20,50,500,15000,0.799066666666667,0,0,1,0
3,Periodic20,10,Moderate,0.114482440387014,0.159874730492003,0.455135566153998,0.118014532243415,20,50,500,15000,0.8034,0,0,1,0
4,Periodic20,10,Moderate,0.11500095318662,0.160196250185126,0.452255935597766,0.118328428701181,20,50,500,15000,0.799,0,0,1,0
5,Periodic20,10,Moderate,0.114382539211545,0.159092865147652,0.453391199911041,0.117808900999092,20,50,500,15000,0.8034,0,0,1,0
6,Periodic20,10,Moderate,0.114180977877265,0.159323241750225,0.455827395496138,0.117813987284287,20,50,500,15000,0.804066666666667,0,0,1,0
7,Periodic20,10,Moderate,0.114411218084126,0.160510223119858,0.454898194637491,0.118436693914623,20,50,500,15000,0.7974,0,0,1,0
8,Periodic20,10,Moderate,0.114577151572275,0.159922651990245,0.454969290266473,0.117742779291553,20,50,500,15000,0.805266666666667,0,0,1,0
9,Periodic20,10,Moderate,0.11444853716718,0.160208192958886,0.455241681095189,0.11746012715713,20,50,500,15000,0.8054,0,0,1,0
10,Periodic20,10,Moderate,0.115200429093789,0.160239378430882,0.452233878264615,0.118526067211626,20,50,500,15000,0.798933333333333,0,0,1,0
11,Periodic20,10,Moderate,0.114727541739641,0.159951315661389,0.453891537272595,0.118172207084469,20,50,500,15000,0.801533333333333,0,0,1,0
12,Periodic20,10,Moderate,0.115462255199745,0.159589607172981,0.453672614081903,0.119042688465032,20,50,500,15000,0.794733333333333,0,0,1,0
13,Periodic20,10,Moderate,0.115080614952046,0.161449675298749,0.451138456299021,0.118301544050863,20,50,500,15000,0.796266666666667,0,0,1,0
14,Periodic20,10,Moderate,0.114281791168832,0.160652846886535,0.45592464440466,0.117904087193461,20,50,500,15000,0.803066666666667,0,0,1,0
15,Periodic20,10,Moderate,0.114235509182994,0.158011481899631,0.453375539417838,0.117873569482289,20,50,500,15000,0.8024,0,0,1,0
16,Periodic20,10,Moderate,0.114720681885158,0.161183022265245,0.453480440435064,0.117998546775659,20,50,500,15000,0.8026,0,0,1,0
17,Periodic20,10,Moderate,0.114602464059508,0.160579869191571,0.455808465395979,0.117965849227975,20,50,500,15000,0.800733333333333,0,0,1,0
18,Periodic20,10,Moderate,0.11451996596971,0.161579401572696,0.455689864291137,0.117871389645777,20,50,500,15000,0.800466666666667,0,0,1,0
19,Periodic20,10,Moderate,0.114439683877041,0.160729768716764,0.455869164892245,0.117989100817439,20,50,500,15000,0.7988,0,0,1,0
20,Periodic20,10,Moderate,0.114189295882878,0.157034354438261,0.456574815829614,0.11780744777475,20,50,500,15000,0.802933333333333,0,0,1,0
1,State-event,10,Moderate,0.257871710025111,0.353596197729891,0.29747772329982,0.270627792915531,4.12,10.3,103,3090,0.80453074433657,0,0,1,0
2,State-event,10,Moderate,0.264604429835839,0.377730566644429,0.267873218137608,0.278583469573115,4.11466666666667,10.2866666666667,102.866666666667,3086,0.799092676604018,0,0,1,0
3,State-event,10,Moderate,0.256886546292924,0.405377483091779,0.284791522169383,0.270080653950954,4.10933333333333,10.2733333333333,102.733333333333,3082,0.807268007787151,0,0,1,0
4,State-event,10,Moderate,0.264168041153129,0.364532194372709,0.268918429577734,0.278765849227974,4.104,10.26,102.6,3078,0.802794022092268,0,0,1,0
5,State-event,10,Moderate,0.268883539954624,0.422585011422946,0.265889764198689,0.278016712079927,4.10933333333333,10.2733333333333,102.733333333333,3082,0.799480856586632,0,0,1,0
6,State-event,10,Moderate,0.263738379819641,0.373577428677449,0.265654039440004,0.278253587647593,4.11466666666667,10.2866666666667,102.866666666667,3086,0.802657161373947,0,0,1,0
7,State-event,10,Moderate,0.265378866450034,0.381675057768556,0.275097501083067,0.278430881017257,4.104,10.26,102.6,3078,0.793372319688109,0,0,1,0
8,State-event,10,Moderate,0.263735951570369,0.36181898169973,0.25479475760081,0.272820708446866,4.12533333333333,10.3133333333333,103.133333333333,3094,0.809308338720103,0,0,1,0
9,State-event,10,Moderate,0.265543025671995,0.406372125399158,0.257526728851998,0.277892461398728,4.10666666666667,10.2666666666667,102.666666666667,3080,0.797727272727273,0,0,1,0
10,State-event,10,Moderate,0.262794169534023,0.374970092533308,0.245754088992891,0.275751861943687,4.10933333333333,10.2733333333333,102.733333333333,3082,0.793964957819598,0,0,1,1
11,State-event,10,Moderate,0.261467014981228,0.388872179301609,0.262400334262955,0.275209082652134,4.11466666666667,10.2866666666667,102.866666666667,3086,0.806545690213869,0,0,1,0
12,State-event,10,Moderate,0.25914621317732,0.398114033963639,0.267174365620849,0.271086285195277,4.10666666666667,10.2666666666667,102.666666666667,3080,0.804545454545455,0,0,1,0
13,State-event,10,Moderate,0.263177041727533,0.411341164139681,0.251002271125183,0.278050136239782,4.112,10.28,102.8,3084,0.798313878080415,0,0,1,0
14,State-event,10,Moderate,0.256824609577224,0.370925746871889,0.263154978472854,0.271027429609446,4.10133333333333,10.2533333333333,102.533333333333,3076,0.802340702210663,0,0,1,0
15,State-event,10,Moderate,0.256779693083735,0.370489510211805,0.278329329356804,0.269539327883742,4.12533333333333,10.3133333333333,103.133333333333,3094,0.808338720103426,0,0,1,0
16,State-event,10,Moderate,0.261887245631474,0.385868760994527,0.274131025892398,0.271607992733878,4.11466666666667,10.2866666666667,102.866666666667,3086,0.806869734283863,0,0,1,0
17,State-event,10,Moderate,0.263384866286309,0.372085507323242,0.277922551962563,0.278616167120799,4.112,10.28,102.8,3084,0.794747081712062,0,0,1,0
18,State-event,10,Moderate,0.263111722487108,0.364704855247574,0.269590356487704,0.278315349682107,4.104,10.26,102.6,3078,0.794671864847303,0,0,1,0
19,State-event,10,Moderate,0.271033690844766,0.436333029025086,0.26334686121211,0.28464123524069,4.09866666666667,10.2466666666667,102.466666666667,3074,0.789850357839948,0,0,1,0
20,State-event,10,Moderate,0.257148943439012,0.38270171411761,0.289571745245565,0.272147865576748,4.12,10.3,103,3090,0.805501618122977,0,0,1,0
1,Full-AoI,10,Moderate,0.154024899733797,0.218302687500131,0.407605018487347,0.158758583106267,10.9626666666667,27.4066666666667,274.066666666667,8222,0.796643152517636,6539,0,1,0
2,Full-AoI,10,Moderate,0.153268239854637,0.219042845669615,0.408898090102993,0.158228882833787,10.9226666666667,27.3066666666667,273.066666666667,8192,0.7984619140625,6526,0,1,0
3,Full-AoI,10,Moderate,0.153065768672775,0.215828520370263,0.407634675591618,0.1576148955495,10.86,27.15,271.5,8145,0.806507059545734,6556,0,1,0
4,Full-AoI,10,Moderate,0.153493229938971,0.218714703962327,0.405560536658873,0.157573478655767,10.908,27.27,272.7,8181,0.802958073585136,6547,0,1,0
5,Full-AoI,10,Moderate,0.152766215390998,0.218407633015195,0.410029447058071,0.15701689373297,10.8813333333333,27.2033333333333,272.033333333333,8161,0.806763876975861,6569,0,1,0
6,Full-AoI,10,Moderate,0.152945294710468,0.216732557001659,0.409412590063545,0.157466666666667,10.9106666666667,27.2766666666667,272.766666666667,8183,0.800684345594525,6537,0,1,0
7,Full-AoI,10,Moderate,0.1535497038021,0.219628672252903,0.408830025115326,0.158098819255222,10.936,27.34,273.4,8202,0.798585710802243,6536,0,1,0
8,Full-AoI,10,Moderate,0.153487916687643,0.222071150344777,0.406333022277926,0.157641780199818,10.9,27.25,272.5,8175,0.805871559633027,6576,0,1,0
9,Full-AoI,10,Moderate,0.153389583971596,0.224945674457174,0.408636451865448,0.157563306085377,10.9186666666667,27.2966666666667,272.966666666667,8189,0.802784222737819,6558,0,1,0
10,Full-AoI,10,Moderate,0.154161727639922,0.215283376083517,0.409639243768907,0.158343687556766,10.9986666666667,27.4966666666667,274.966666666667,8249,0.797308764698751,6555,0,1,0
11,Full-AoI,10,Moderate,0.153855874049629,0.222348792215746,0.399779619226445,0.158314623069936,10.944,27.36,273.6,8208,0.799342105263158,6545,0,1,0
12,Full-AoI,10,Moderate,0.153176272147254,0.210816631211749,0.404880927825956,0.15839527702089,10.924,27.31,273.1,8193,0.798730623703161,6530,0,1,0
13,Full-AoI,10,Moderate,0.153177391125843,0.221471884246718,0.405901820154978,0.157752951861943,10.94,27.35,273.5,8205,0.799146861669714,6543,0,1,0
14,Full-AoI,10,Moderate,0.154083714710054,0.213429609729603,0.400954304144219,0.158572570390554,10.9066666666667,27.2666666666667,272.666666666667,8180,0.799755501222494,6524,0,1,0
15,Full-AoI,10,Moderate,0.152934301951743,0.219190954227625,0.409059363441338,0.157346775658492,10.8186666666667,27.0466666666667,270.466666666667,8114,0.808109440473256,6543,0,1,0
16,Full-AoI,10,Moderate,0.153500509747315,0.220346471899006,0.406688964666407,0.157488465031789,10.8946666666667,27.2366666666667,272.366666666667,8171,0.804919838453066,6567,0,1,0
17,Full-AoI,10,Moderate,0.152773240989623,0.216596889139364,0.406086159249978,0.157577838328792,10.8666666666667,27.1666666666667,271.666666666667,8150,0.802576687116564,6523,0,1,0
18,Full-AoI,10,Moderate,0.15316269086564,0.217489059416429,0.409095058068503,0.157924432334241,10.9386666666667,27.3466666666667,273.466666666667,8204,0.798391028766455,6538,0,1,0
19,Full-AoI,10,Moderate,0.153481149772915,0.222011334610242,0.406150017768373,0.1580770208901,10.9453333333333,27.3633333333333,273.633333333333,8209,0.795224753319527,6513,0,1,0
20,Full-AoI,10,Moderate,0.154092085878084,0.218467645685354,0.404376093503807,0.158401089918256,10.936,27.34,273.4,8202,0.798219946354548,6531,0,1,0
1,Periodic10,20,Moderate,0.179095660148339,0.25217404348668,0.398883035586418,0.155711171662125,10,25,500,15000,0.797,0,0,1,0
2,Periodic10,20,Moderate,0.178910260882401,0.250711668168342,0.40588904959734,0.155578564940963,10,25,500,15000,0.7998,0,0,1,0
3,Periodic10,20,Moderate,0.177602841876395,0.248449227431185,0.400596183815853,0.154227066303361,10,25,500,15000,0.803666666666667,0,0,1,0
4,Periodic10,20,Moderate,0.178013871523646,0.257260551235982,0.408463135847727,0.154692098092643,10,25,500,15000,0.7998,0,0,1,0
5,Periodic10,20,Moderate,0.179140784226097,0.252740542529623,0.400996260119975,0.155051771117166,10,25,500,15000,0.799266666666667,0,0,1,0
6,Periodic10,20,Moderate,0.179844731173972,0.241125756390755,0.398475786755816,0.155396911898274,10,25,500,15000,0.799066666666667,0,0,1,0
7,Periodic10,20,Moderate,0.17822106467047,0.249452385091523,0.405422194863359,0.154917347865577,10,25,500,15000,0.7976,0,0,1,0
8,Periodic10,20,Moderate,0.178619382167853,0.247404645093438,0.404120238119435,0.15469391462307,10,25,500,15000,0.803666666666667,0,0,1,0
9,Periodic10,20,Moderate,0.177860704218103,0.243155797571045,0.401757147328864,0.154757493188011,10,25,500,15000,0.797466666666667,0,0,1,0
10,Periodic10,20,Moderate,0.177211132234792,0.247746620559464,0.408447015312566,0.153685740236149,10,25,500,15000,0.804066666666667,0,0,1,0
11,Periodic10,20,Moderate,0.178918617664864,0.24914605097366,0.407066753884296,0.154819255222525,10,25,500,15000,0.800133333333333,0,0,1,0
12,Periodic10,20,Moderate,0.178715127218624,0.247246732419733,0.40758016555048,0.154935513169846,10,25,500,15000,0.799333333333333,0,0,1,0
13,Periodic10,20,Moderate,0.17974516407086,0.243365710022613,0.402422036477486,0.15574931880109,10,25,500,15000,0.797466666666667,0,0,1,0
14,Periodic10,20,Moderate,0.178109674881755,0.246974459315885,0.406494294650976,0.15466485013624,10,25,500,15000,0.803933333333333,0,0,1,0
15,Periodic10,20,Moderate,0.178041543160686,0.251057104345754,0.404476209382103,0.154799273387829,10,25,500,15000,0.800333333333333,0,0,1,0
16,Periodic10,20,Moderate,0.17785804040146,0.251624744774833,0.401991742959563,0.15455949137148,10,25,500,15000,0.804133333333333,0,0,1,0
17,Periodic10,20,Moderate,0.178663261278927,0.243365173344627,0.402778951998677,0.155451407811081,10,25,500,15000,0.8014,0,0,1,0
18,Periodic10,20,Moderate,0.17890490942178,0.243197634834233,0.401492952382592,0.155654859218892,10,25,500,15000,0.795666666666667,0,0,1,0
19,Periodic10,20,Moderate,0.178046560886733,0.240539490716077,0.405667286479201,0.154639418710263,10,25,500,15000,0.8004,0,0,1,0
20,Periodic10,20,Moderate,0.177847588085075,0.244601498246664,0.404459783125641,0.154726612170754,10,25,500,15000,0.800866666666667,0,0,1,0
1,Periodic20,20,Moderate,0.136762641046073,0.193984206100596,0.450118088738143,0.118228519527702,20,50,1000,30000,0.798166666666667,0,0,1,0
2,Periodic20,20,Moderate,0.136556836327491,0.195497214723269,0.451819588155788,0.118271389645777,20,50,1000,30000,0.8008,0,0,1,0
3,Periodic20,20,Moderate,0.136389398390525,0.191369778385102,0.452338412782904,0.11826012715713,20,50,1000,30000,0.800933333333333,0,0,1,0
4,Periodic20,20,Moderate,0.136470988467071,0.190116464917114,0.449941182850301,0.118206357856494,20,50,1000,30000,0.798866666666667,0,0,1,0
5,Periodic20,20,Moderate,0.136677140736956,0.192567092927764,0.449618879456486,0.118126430517711,20,50,1000,30000,0.799433333333333,0,0,1,0
6,Periodic20,20,Moderate,0.136986079271242,0.190435483342237,0.451565573929603,0.118387647593097,20,50,1000,30000,0.799966666666667,0,0,1,0
7,Periodic20,20,Moderate,0.136737540683517,0.190803877165236,0.447819684417497,0.118377838328792,20,50,1000,30000,0.797833333333333,0,0,1,0
8,Periodic20,20,Moderate,0.136852525662952,0.193550491673565,0.450130720173822,0.118326248864669,20,50,1000,30000,0.800833333333333,0,0,1,0
9,Periodic20,20,Moderate,0.136572188270153,0.191623682172449,0.448956738889627,0.118138056312443,20,50,1000,30000,0.7992,0,0,1,0
10,Periodic20,20,Moderate,0.136386588281772,0.193653978434498,0.449999668602997,0.118074114441417,20,50,1000,30000,0.800766666666667,0,0,1,0
11,Periodic20,20,Moderate,0.13686223125604,0.191401055204707,0.448244266623119,0.11829391462307,20,50,1000,30000,0.7988,0,0,1,0
12,Periodic20,20,Moderate,0.136892493523264,0.190589055674189,0.448269509928142,0.118422888283379,20,50,1000,30000,0.798766666666667,0,0,1,0
13,Periodic20,20,Moderate,0.137049071108169,0.190369597241704,0.448070673494876,0.118562761126249,20,50,1000,30000,0.797633333333333,0,0,1,0
14,Periodic20,20,Moderate,0.136597828141324,0.193393003744908,0.447544632343772,0.118215440508629,20,50,1000,30000,0.800533333333333,0,0,1,0
15,Periodic20,20,Moderate,0.136715062041344,0.19179989554275,0.446160261159932,0.118302997275204,20,50,1000,30000,0.799133333333333,0,0,1,0
16,Periodic20,20,Moderate,0.136650875541533,0.189690117999188,0.448593843434038,0.118441780199818,20,50,1000,30000,0.801066666666667,0,0,1,0
17,Periodic20,20,Moderate,0.136738423812988,0.194034247476062,0.447048545133149,0.118478837420527,20,50,1000,30000,0.800833333333333,0,0,1,0
18,Periodic20,20,Moderate,0.136853266808674,0.194580223779557,0.447444261772164,0.118368755676658,20,50,1000,30000,0.797766666666667,0,0,1,0
19,Periodic20,20,Moderate,0.135808674705005,0.191544368239698,0.450926571118784,0.117596366939146,20,50,1000,30000,0.803366666666667,0,0,1,0
20,Periodic20,20,Moderate,0.136331891477464,0.19179223717998,0.451245361826819,0.118112624886467,20,50,1000,30000,0.8003,0,0,1,0
1,State-event,20,Moderate,0.31769554776382,0.434624839057835,0.240835541905018,0.28099800181653,4.00933333333333,10.0233333333333,200.466666666667,6014,0.797805121383439,0,0,1,1
2,State-event,20,Moderate,0.310009100263791,0.448668912770345,0.243874795495222,0.279952406902816,4.004,10.01,200.2,6006,0.802197802197802,0,0,1,1
3,State-event,20,Moderate,0.30747829027347,0.413668381172594,0.263269201808772,0.27538310626703,4.01733333333333,10.0433333333333,200.866666666667,6026,0.807832724858945,0,0,1,0
4,State-event,20,Moderate,0.308056847028856,0.44032441226315,0.281210990461522,0.277916439600363,4.01466666666667,10.0366666666667,200.733333333333,6022,0.800398538691465,0,0,1,0
5,State-event,20,Moderate,0.316583127447812,0.436372747700859,0.247890583779192,0.284741144414169,3.99733333333333,9.99333333333333,199.866666666667,5996,0.792695130086724,0,0,1,1
6,State-event,20,Moderate,0.305693203246755,0.415761646505487,0.267477273662412,0.272624886466848,4.012,10.03,200.6,6018,0.805915586573613,0,0,1,0
7,State-event,20,Moderate,0.313801043230729,0.442096997219906,0.266338294645318,0.278906448683015,4.00133333333333,10.0033333333333,200.066666666667,6002,0.794568477174275,0,0,1,0
8,State-event,20,Moderate,0.30738548337951,0.407224352053196,0.276529384412261,0.275406721162579,4.016,10.04,200.8,6024,0.810922974767596,0,0,1,0
9,State-event,20,Moderate,0.303702520248789,0.431598711955236,0.281223879702626,0.271409990917348,4.01333333333333,10.0333333333333,200.666666666667,6020,0.800664451827243,0,0,1,0
10,State-event,20,Moderate,0.3068754189092,0.404050376323434,0.251293748777246,0.274525340599455,4.02,10.05,201,6030,0.803648424543947,0,0,1,0
11,State-event,20,Moderate,0.307227286261768,0.416690044054168,0.279414467356965,0.276245594913715,4.016,10.04,200.8,6024,0.803618857901726,0,0,1,0
12,State-event,20,Moderate,0.314769968538862,0.463851103141712,0.233222479351982,0.281273024523161,4,10,200,6000,0.797666666666667,0,0,1,1
13,State-event,20,Moderate,0.312844312087615,0.425592187411945,0.267841391864211,0.278774568574024,4.012,10.03,200.6,6018,0.799102691924227,0,0,1,0
14,State-event,20,Moderate,0.313035474395505,0.423051374720667,0.2767687260112,0.282023978201635,4.00533333333333,10.0133333333333,200.266666666667,6008,0.802430093209055,0,0,1,0
15,State-event,20,Moderate,0.311935259114904,0.417843256480706,0.232620725707382,0.28048646684832,4.016,10.04,200.8,6024,0.798472775564409,0,0,1,1
16,State-event,20,Moderate,0.305056883612788,0.456028446117174,0.267074363010386,0.276088646684832,4.00533333333333,10.0133333333333,200.266666666667,6008,0.807589880159787,0,0,1,0
17,State-event,20,Moderate,0.308306330271959,0.450793251166354,0.228143836816877,0.275713714804723,4.008,10.02,200.4,6012,0.798569527611444,0,0,1,1
18,State-event,20,Moderate,0.313853980840708,0.465128898390338,0.275689110785881,0.280287375113533,3.99866666666667,9.99666666666667,199.933333333333,5998,0.797099033011004,0,0,1,0
19,State-event,20,Moderate,0.309700817513072,0.4289906504293,0.274368740731799,0.277201816530427,3.99866666666667,9.99666666666667,199.933333333333,5998,0.794431477159053,0,0,1,0
20,State-event,20,Moderate,0.307810367326043,0.41615364971659,0.267420501887071,0.276158401453224,4.01866666666667,10.0466666666667,200.933333333333,6028,0.804412740544127,0,0,1,0
1,Full-AoI,20,Moderate,0.182902012084286,0.258349976572321,0.402428259530319,0.158437420526794,10.8453333333333,27.1133333333333,542.266666666667,16268,0.79597983771822,12919,0,1,0
2,Full-AoI,20,Moderate,0.182651434113709,0.258248534728433,0.405162441578009,0.157962579473206,10.7613333333333,26.9033333333333,538.066666666667,16142,0.800582331805229,12897,0,1,0
3,Full-AoI,20,Moderate,0.182199272006043,0.2546034317537,0.400743034562056,0.157650862851953,10.7626666666667,26.9066666666667,538.133333333333,16144,0.803332507433102,12934,0,1,0
4,Full-AoI,20,Moderate,0.182308020570696,0.25737655058505,0.395498945155512,0.157982924613987,10.7753333333333,26.9383333333333,538.766666666667,16163,0.798428509558869,12876,0,1,0
5,Full-AoI,20,Moderate,0.182449619531983,0.260112601096828,0.397968476870717,0.157890281562216,10.8053333333333,27.0133333333333,540.266666666667,16208,0.797445705824284,12901,0,1,0
6,Full-AoI,20,Moderate,0.18258400113694,0.257558238241395,0.397932829918737,0.158504995458674,10.7933333333333,26.9833333333333,539.666666666667,16190,0.798826436071649,12903,0,1,0
7,Full-AoI,20,Moderate,0.182736552145754,0.254312378073815,0.395723354834538,0.158345504087193,10.7926666666667,26.9816666666667,539.633333333333,16189,0.797207980727655,12880,0,1,0
8,Full-AoI,20,Moderate,0.182232947004081,0.257090653176049,0.399756855500018,0.157968755676658,10.7593333333333,26.8983333333333,537.966666666667,16139,0.802466075965054,12920,0,1,0
9,Full-AoI,20,Moderate,0.18241018834817,0.254852455698715,0.398364579974975,0.158526430517711,10.8313333333333,27.0783333333333,541.566666666667,16247,0.797685726595679,12926,0,1,0
10,Full-AoI,20,Moderate,0.181666591797354,0.255184272491095,0.403881851727511,0.157732606721162,10.768,26.92,538.4,16152,0.803491827637444,12948,0,1,0
11,Full-AoI,20,Moderate,0.182691535800851,0.256145972356199,0.401139983780092,0.158262306993642,10.8046666666667,27.0116666666667,540.233333333333,16207,0.799592768556797,12931,0,1,0
12,Full-AoI,20,Moderate,0.182158922810313,0.257207417788423,0.39985280885818,0.158049772933697,10.7746666666667,26.9366666666667,538.733333333333,16162,0.798725405271625,12876,0,1,0
13,Full-AoI,20,Moderate,0.182745781803471,0.256154913843902,0.403440172330846,0.15839055404178,10.7993333333333,26.9983333333333,539.966666666667,16199,0.796777578862893,12881,0,1,0
14,Full-AoI,20,Moderate,0.182016065015161,0.256530373571735,0.399568790948083,0.157873206176203,10.7773333333333,26.9433333333333,538.866666666667,16166,0.802548558703452,12946,0,1,0
15,Full-AoI,20,Moderate,0.182845923299719,0.260011487748473,0.393505463034386,0.158147865576748,10.808,27.02,540.4,16212,0.799346163335801,12929,0,1,0
16,Full-AoI,20,Moderate,0.181895191687671,0.259845375869054,0.40073833430675,0.157909536784741,10.7846666666667,26.9616666666667,539.233333333333,16177,0.802682821289485,12956,0,1,0
17,Full-AoI,20,Moderate,0.182107266708914,0.253672738154031,0.404961300551285,0.157849591280654,10.768,26.92,538.4,16152,0.801696384348688,12923,0,1,0
18,Full-AoI,20,Moderate,0.182892078552633,0.255472729372978,0.401454869437448,0.15862161671208,10.814,27.035,540.7,16221,0.795943529991986,12882,0,1,0
19,Full-AoI,20,Moderate,0.182263775731225,0.255858687035838,0.40231364628768,0.157868846503179,10.8046666666667,27.0116666666667,540.233333333333,16207,0.799531066822978,12928,0,1,0
20,Full-AoI,20,Moderate,0.18231614305509,0.251225137721186,0.395627907789767,0.158094459582198,10.752,26.88,537.6,16128,0.801153273809524,12902,0,1,0
1,Periodic10,50,Moderate,0.19269926316507,0.261428796163012,0.404461071846884,0.154701907356948,10,25,1250,37500,0.8016,0,0,1,0
2,Periodic10,50,Moderate,0.19245766117148,0.257240756117922,0.402089283020511,0.154853042688465,10,25,1250,37500,0.79888,0,0,1,0
3,Periodic10,50,Moderate,0.192650041008231,0.252351591181118,0.406516507826177,0.155003451407811,10,25,1250,37500,0.799493333333333,0,0,1,0
4,Periodic10,50,Moderate,0.19316676211403,0.246383326539063,0.405976129192659,0.155440871934605,10,25,1250,37500,0.799253333333333,0,0,1,0
5,Periodic10,50,Moderate,0.192316221306025,0.246214122686938,0.404307975532802,0.15459727520436,10,25,1250,37500,0.80168,0,0,1,0
6,Periodic10,50,Moderate,0.192892796468934,0.256897664394276,0.40252615998001,0.15466557674841,10,25,1250,37500,0.80192,0,0,1,0
7,Periodic10,50,Moderate,0.192394044106747,0.252297003702827,0.410221453970258,0.154653950953678,10,25,1250,37500,0.80144,0,0,1,0
8,Periodic10,50,Moderate,0.192879837166656,0.251214288313773,0.403269278052672,0.155120435967302,10,25,1250,37500,0.79936,0,0,1,0
9,Periodic10,50,Moderate,0.193288397710984,0.25281415835786,0.404618371363549,0.155507720254314,10,25,1250,37500,0.797413333333333,0,0,1,0
10,Periodic10,50,Moderate,0.192861383763162,0.255586906654735,0.404816484554763,0.154817438692098,10,25,1250,37500,0.80192,0,0,1,0
11,Periodic10,50,Moderate,0.193039670446061,0.2571977752936,0.403326881647565,0.155398728428701,10,25,1250,37500,0.799386666666667,0,0,1,0
12,Periodic10,50,Moderate,0.192977651494967,0.25226526659016,0.395584612985234,0.155151680290645,10,25,1250,37500,0.799893333333333,0,0,1,0
13,Periodic10,50,Moderate,0.193003422644673,0.252280849121113,0.406257742755808,0.155126248864668,10,25,1250,37500,0.798906666666667,0,0,1,0
14,Periodic10,50,Moderate,0.192771612760549,0.256748998047248,0.40970151391379,0.154523160762943,10,25,1250,37500,0.800933333333333,0,0,1,0
15,Periodic10,50,Moderate,0.192714119532036,0.255075762362431,0.394033161548656,0.154565304268846,10,25,1250,37500,0.801493333333333,0,0,1,0
16,Periodic10,50,Moderate,0.193735485613302,0.25367382837302,0.401689050287081,0.155740236148955,10,25,1250,37500,0.795173333333333,0,0,1,0
17,Periodic10,50,Moderate,0.192512678423606,0.254193643738383,0.400692858162054,0.154966394187103,10,25,1250,37500,0.798533333333333,0,0,1,0
18,Periodic10,50,Moderate,0.192547418992944,0.250382020947986,0.401561461199613,0.154606721162579,10,25,1250,37500,0.802693333333333,0,0,1,0
19,Periodic10,50,Moderate,0.192867752822753,0.248390858893662,0.406603683777149,0.154991825613079,10,25,1250,37500,0.798773333333333,0,0,1,0
20,Periodic10,50,Moderate,0.193394966025751,0.250884499445899,0.398530892901852,0.155434332425068,10,25,1250,37500,0.79856,0,0,1,0
1,Periodic20,50,Moderate,0.147759188563987,0.194446001785019,0.449196811009494,0.118304014532243,20,50,2500,75000,0.798786666666667,0,0,1,0
2,Periodic20,50,Moderate,0.147705786238972,0.194279967044289,0.448428996582203,0.118312879200727,20,50,2500,75000,0.798893333333333,0,0,1,0
3,Periodic20,50,Moderate,0.147463492480781,0.196169920550797,0.44998414009787,0.118024704813806,20,50,2500,75000,0.800946666666667,0,0,1,0
4,Periodic20,50,Moderate,0.147710825849668,0.198698386632283,0.450269851005926,0.118201562216167,20,50,2500,75000,0.799786666666667,0,0,1,0
5,Periodic20,50,Moderate,0.147820430970022,0.194247297944288,0.450238026235183,0.118207665758401,20,50,2500,75000,0.799133333333333,0,0,1,0
6,Periodic20,50,Moderate,0.147350031789882,0.195145417418631,0.450412520729265,0.117873133514986,20,50,2500,75000,0.80256,0,0,1,0
7,Periodic20,50,Moderate,0.147640411619377,0.194646059791096,0.448969642411138,0.118111462306994,20,50,2500,75000,0.800613333333333,0,0,1,0
8,Periodic20,50,Moderate,0.147715052157339,0.197790499683678,0.448659801549373,0.118191970935513,20,50,2500,75000,0.79956,0,0,1,0
9,Periodic20,50,Moderate,0.148119420443865,0.196298933574959,0.44682242238962,0.118522434150772,20,50,2500,75000,0.796373333333333,0,0,1,0
10,Periodic20,50,Moderate,0.147595906218438,0.193180465300504,0.450220449080464,0.118148228882834,20,50,2500,75000,0.80072,0,0,1,0
11,Periodic20,50,Moderate,0.147804924899698,0.195825471402124,0.448754575820466,0.118293841961853,20,50,2500,75000,0.79876,0,0,1,0
12,Periodic20,50,Moderate,0.147690596942376,0.196061619522442,0.44935540021263,0.118241380563124,20,50,2500,75000,0.79888,0,0,1,0
13,Periodic20,50,Moderate,0.147754577403991,0.195586220154814,0.447425533278382,0.118230481380563,20,50,2500,75000,0.799253333333333,0,0,1,0
14,Periodic20,50,Moderate,0.147572593183353,0.194950251737833,0.449645539662147,0.118032406902816,20,50,2500,75000,0.800106666666667,0,0,1,0
15,Periodic20,50,Moderate,0.147344942849988,0.194181003171688,0.446253717786836,0.117866303360581,20,50,2500,75000,0.80224,0,0,1,0
16,Periodic20,50,Moderate,0.147733214147614,0.196477213708018,0.45133697397069,0.118074114441417,20,50,2500,75000,0.79952,0,0,1,0
17,Periodic20,50,Moderate,0.147510394901144,0.192091575307389,0.448566083549328,0.11812323342416,20,50,2500,75000,0.80028,0,0,1,0
18,Periodic20,50,Moderate,0.147258732485945,0.193245232919118,0.449391892475955,0.117906412352407,20,50,2500,75000,0.803373333333333,0,0,1,0
19,Periodic20,50,Moderate,0.147686090901945,0.194271695935249,0.446669673027789,0.118152007266122,20,50,2500,75000,0.798706666666667,0,0,1,0
20,Periodic20,50,Moderate,0.14783108182627,0.197088584359152,0.447884232577754,0.118259836512262,20,50,2500,75000,0.798506666666667,0,0,1,0
1,State-event,50,Moderate,0.336012261068284,0.441844356200423,0.243621450193001,0.279984959128065,3.9504,9.876,493.8,14814,0.799716484406642,0,0,1,1
2,State-event,50,Moderate,0.332311526336247,0.485282980501781,0.27474559522679,0.275335803814714,3.95413333333333,9.88533333333333,494.266666666667,14828,0.801524143512274,0,0,1,0
3,State-event,50,Moderate,0.337591592423636,0.457276424699976,0.246364189296378,0.281624922797457,3.94506666666667,9.86266666666667,493.133333333333,14794,0.79944572123834,0,0,1,1
4,State-event,50,Moderate,0.331339309060103,0.430672036577598,0.249408853186044,0.278377111716621,3.94666666666667,9.86666666666667,493.333333333333,14800,0.802297297297297,0,0,1,1
5,State-event,50,Moderate,0.332667858205055,0.434467699535894,0.267878757773147,0.278358365122616,3.936,9.84,492,14760,0.802913279132791,0,0,1,0
6,State-event,50,Moderate,0.335063793635755,0.472937203507813,0.26170946081858,0.278896494096276,3.94613333333333,9.86533333333333,493.266666666667,14798,0.800378429517502,0,0,1,0
7,State-event,50,Moderate,0.332491236713427,0.450458117557856,0.25443674526523,0.276774641235241,3.95946666666667,9.89866666666667,494.933333333333,14848,0.803071120689655,0,0,1,0
8,State-event,50,Moderate,0.337015263707252,0.453467451097053,0.261291860197047,0.28094583106267,3.944,9.86,493,14790,0.799121027721433,0,0,1,0
9,State-event,50,Moderate,0.334800206514032,0.457412113564511,0.232342725718104,0.276745722070844,3.94773333333333,9.86933333333333,493.466666666667,14804,0.799851391515807,0,0,1,1
10,State-event,50,Moderate,0.333126941711612,0.4437111756086,0.275510384656067,0.279120581289736,3.95466666666667,9.88666666666667,494.333333333333,14830,0.803506405933918,0,0,1,0
11,State-event,50,Moderate,0.33288519723478,0.435481559334636,0.269874904314334,0.277193605812897,3.9504,9.876,493.8,14814,0.804036722019711,0,0,1,0
12,State-event,50,Moderate,0.331781555149209,0.421689180511073,0.250444494809872,0.276773188010899,3.95413333333333,9.88533333333333,494.266666666667,14828,0.802603183166981,0,0,1,0
13,State-event,50,Moderate,0.335537669963851,0.467436580188669,0.259928193225258,0.278362143505904,3.9392,9.848,492.4,14772,0.79907933929055,0,0,1,0
14,State-event,50,Moderate,0.335934901721052,0.468046831120765,0.271467209328572,0.280177366030881,3.94986666666667,9.87466666666667,493.733333333333,14812,0.796718876586551,0,0,1,0
15,State-event,50,Moderate,0.335099734193428,0.443602368637507,0.247294077092424,0.279860417801998,3.944,9.86,493,14790,0.799053414469236,0,0,1,1
16,State-event,50,Moderate,0.335741901787284,0.444217751997025,0.276110194268702,0.281224268846503,3.94773333333333,9.86933333333333,493.466666666667,14804,0.796068630099973,0,0,1,0
17,State-event,50,Moderate,0.334137969333358,0.437843957622433,0.266277453002945,0.276297547683924,3.94613333333333,9.86533333333333,493.266666666667,14798,0.799229625625084,0,0,1,0
18,State-event,50,Moderate,0.333277399265734,0.451816593108938,0.259027426719572,0.27915153496821,3.94346666666667,9.85866666666667,492.933333333333,14788,0.803354070868272,0,0,1,0
19,State-event,50,Moderate,0.336189015724304,0.448358906404099,0.226808148216955,0.278957384196185,3.9504,9.876,493.8,14814,0.798298906439854,0,0,1,1
20,State-event,50,Moderate,0.333871110017081,0.430168872684349,0.272521418714944,0.278091843778383,3.95146666666667,9.87866666666667,493.933333333333,14818,0.799433121878796,0,0,1,0
1,Full-AoI,50,Moderate,0.196638849207648,0.261734742485064,0.403042170949593,0.157785213442325,10.6810666666667,26.7026666666667,1335.13333333333,40054,0.800719029310431,31992,0,1,0
2,Full-AoI,50,Moderate,0.197001955956433,0.2625886984085,0.397395542247143,0.158039527702089,10.7216,26.804,1340.2,40206,0.798860866537333,32042,0,1,0
3,Full-AoI,50,Moderate,0.19686358430103,0.259916504631157,0.400614591782366,0.157762688465032,10.6714666666667,26.6786666666667,1333.93333333333,40018,0.800539757109301,31956,0,1,0
4,Full-AoI,50,Moderate,0.197369283511222,0.259700766044933,0.400806333669738,0.158236439600363,10.7050666666667,26.7626666666667,1338.13333333333,40144,0.800119569549621,32033,0,1,0
5,Full-AoI,50,Moderate,0.196905002145704,0.256870915713784,0.401084449729066,0.158183687556766,10.6896,26.724,1336.2,40086,0.801002843885646,32031,0,1,0
6,Full-AoI,50,Moderate,0.196813732300625,0.2614575281474,0.402292370718743,0.157551680290645,10.6573333333333,26.6433333333333,1332.16666666667,39965,0.802852495933942,32004,0,1,0
7,Full-AoI,50,Moderate,0.196871285069003,0.2590566941478,0.399230885293106,0.157837093551317,10.6784,26.696,1334.8,40044,0.801143741883928,32014,0,1,0
8,Full-AoI,50,Moderate,0.197073974848661,0.258570046078319,0.396757047032786,0.158179473206176,10.7034666666667,26.7586666666667,1337.93333333333,40138,0.798644675868254,31975,0,1,0
9,Full-AoI,50,Moderate,0.19723104355362,0.257164550393658,0.399820727387018,0.158248356039963,10.7088,26.772,1338.6,40158,0.797176154190946,31944,0,1,0
10,Full-AoI,50,Moderate,0.196702219720264,0.257988229473918,0.401235725740812,0.157872116257947,10.676,26.69,1334.5,40035,0.801848382665168,32028,0,1,0
11,Full-AoI,50,Moderate,0.197141953111434,0.256550983312944,0.398762059415081,0.158429282470481,10.6976,26.744,1337.2,40116,0.798958021736963,31973,0,1,0
12,Full-AoI,50,Moderate,0.197209086479598,0.262627851258186,0.400947890720379,0.158138056312443,10.688,26.72,1336,40080,0.799725548902196,31977,0,1,0
13,Full-AoI,50,Moderate,0.197055861136251,0.260288941149702,0.398944113649802,0.158224959128065,10.6954666666667,26.7386666666667,1336.93333333333,40108,0.798494066021741,31954,0,1,0
14,Full-AoI,50,Moderate,0.196597610410978,0.259245665757051,0.403040636181172,0.157668374205268,10.6802666666667,26.7006666666667,1335.03333333333,40051,0.801428179071684,32016,0,1,0
15,Full-AoI,50,Moderate,0.196754372022507,0.258347899197318,0.402367144442373,0.157790445049954,10.6848,26.712,1335.6,40068,0.801612259159429,32038,0,1,0
16,Full-AoI,50,Moderate,0.197692993799501,0.26113609030382,0.400487553940007,0.158439600363306,10.7170666666667,26.7926666666667,1339.63333333333,40189,0.795615715743114,31896,0,1,0
17,Full-AoI,50,Moderate,0.196859834531596,0.259099931845979,0.399426157478481,0.157992733878292,10.6938666666667,26.7346666666667,1336.73333333333,40102,0.798613535484515,31951,0,1,0
18,Full-AoI,50,Moderate,0.196902486212287,0.259447963637762,0.399348760291179,0.15790234332425,10.6677333333333,26.6693333333333,1333.46666666667,40004,0.801994800519948,32013,0,1,0
19,Full-AoI,50,Moderate,0.196950090170677,0.25919683687828,0.400013718834132,0.158003197093551,10.6885333333333,26.7213333333333,1336.06666666667,40082,0.798063968863829,31918,0,1,0
20,Full-AoI,50,Moderate,0.197539202409533,0.262316176302011,0.399636722219948,0.158335113533151,10.7088,26.772,1338.6,40158,0.798246924647642,31978,0,1,0
1,Periodic10,5,Stressed,0.144774664413475,0.209756159391031,0.42316480953039,0.235817438692098,10,24,120,3600,0.599166666666667,0,0,1,0
2,Periodic10,5,Stressed,0.142946277916185,0.188693215535784,0.412132116937023,0.231904329397517,10,24,120,3600,0.604166666666667,0,0,1,0
3,Periodic10,5,Stressed,0.144885741121302,0.196983141869122,0.417318489346318,0.236718135028762,10,24,120,3600,0.609722222222222,0,0,1,0
4,Periodic10,5,Stressed,0.14741560637235,0.195352669194532,0.41154657730759,0.238269754768392,10,24,120,3600,0.591666666666667,0,0,1,0
5,Periodic10,5,Stressed,0.146906042222527,0.205228133769279,0.412214434943611,0.236339691189827,10,24,120,3600,0.5975,0,0,1,0
6,Periodic10,5,Stressed,0.147336064377829,0.204429883107444,0.419465520335332,0.239927338782925,10,24,120,3600,0.592222222222222,0,0,1,0
7,Periodic10,5,Stressed,0.147567107946685,0.209742710070994,0.41707215238465,0.238527096578868,10,24,120,3600,0.593888888888889,0,0,1,0
8,Periodic10,5,Stressed,0.143967091159052,0.187799224307483,0.415385818712984,0.235650923402967,10,24,120,3600,0.601944444444444,0,0,1,0
9,Periodic10,5,Stressed,0.144974753088898,0.192077852384955,0.419428647309401,0.233463518013927,10,24,120,3600,0.608611111111111,0,0,1,0
10,Periodic10,5,Stressed,0.146440732099786,0.203231445768395,0.421377752710851,0.238557372085982,10,24,120,3600,0.602222222222222,0,0,1,0
11,Periodic10,5,Stressed,0.146547064496726,0.201367882859447,0.405490598117862,0.238542234332425,10,24,120,3600,0.591111111111111,0,0,1,0
12,Periodic10,5,Stressed,0.144354905041464,0.197481132337234,0.418151088983998,0.233826824099304,10,24,120,3600,0.608611111111111,0,0,1,0
13,Periodic10,5,Stressed,0.146554274447903,0.207725034598286,0.410911331571329,0.23799727520436,10,24,120,3600,0.597222222222222,0,0,1,0
14,Periodic10,5,Stressed,0.144076172421489,0.188491340190049,0.432976517763375,0.232267635482894,10,24,120,3600,0.598611111111111,0,0,1,0
15,Periodic10,5,Stressed,0.143033647526819,0.18783639412982,0.424741872253927,0.234288525582804,10,24,120,3600,0.596666666666667,0,0,1,0
16,Periodic10,5,Stressed,0.143716531243898,0.201658322454891,0.418066367697688,0.231843778383288,10,24,120,3600,0.597777777777778,0,0,1,0
17,Periodic10,5,Stressed,0.144996916901208,0.209007320918403,0.420696131614862,0.235514683620951,10,24,120,3600,0.608611111111111,0,0,1,0
18,Periodic10,5,Stressed,0.144116958475938,0.20391673962058,0.416327034975824,0.237550711474417,10,24,120,3600,0.603611111111111,0,0,1,0
19,Periodic10,5,Stressed,0.150480686678438,0.213137089775212,0.413765772960739,0.238277323645171,10,24,120,3600,0.604722222222222,0,0,1,0
20,Periodic10,5,Stressed,0.146922522803169,0.206184047682327,0.413869677974364,0.239518619436875,10,24,120,3600,0.5925,0,0,1,0
1,Periodic20,5,Stressed,0.109674475479087,0.146561021559238,0.465981449997725,0.17764910687254,20,48,240,7200,0.598194444444444,0,0,1,0
2,Periodic20,5,Stressed,0.110888140164456,0.147395467358736,0.465745716403835,0.179677565849228,20,48,240,7200,0.595416666666667,0,0,1,0
3,Periodic20,5,Stressed,0.10954604778179,0.140415893257103,0.460051375666221,0.178524069028156,20,48,240,7200,0.608055555555556,0,0,1,0
4,Periodic20,5,Stressed,0.110557545165176,0.146318829783624,0.461296189898725,0.178751135331517,20,48,240,7200,0.594861111111111,0,0,1,0
5,Periodic20,5,Stressed,0.109787265508684,0.143897525823998,0.456131625508665,0.178465031789282,20,48,240,7200,0.600138888888889,0,0,1,0
6,Periodic20,5,Stressed,0.111767599759528,0.144719691162747,0.460140972918542,0.181839237057221,20,48,240,7200,0.589027777777778,0,0,1,0
7,Periodic20,5,Stressed,0.11099779924128,0.14600597865442,0.463781657143273,0.180505600968816,20,48,240,7200,0.594027777777778,0,0,1,0
8,Periodic20,5,Stressed,0.109763236430329,0.143301177659688,0.464147924483786,0.179091734786558,20,48,240,7200,0.598194444444444,0,0,1,0
9,Periodic20,5,Stressed,0.10916661067043,0.141072897916413,0.462289529396516,0.178911595519225,20,48,240,7200,0.606666666666667,0,0,1,0
10,Periodic20,5,Stressed,0.11003611727309,0.14434221558525,0.461174353604867,0.179523160762943,20,48,240,7200,0.60375,0,0,1,0
11,Periodic20,5,Stressed,0.109461373129211,0.139906300429798,0.462453791607378,0.178764759309718,20,48,240,7200,0.596388888888889,0,0,1,0
12,Periodic20,5,Stressed,0.109817134609369,0.142714131364979,0.460069498309889,0.178254617014835,20,48,240,7200,0.602222222222222,0,0,1,0
13,Periodic20,5,Stressed,0.109397932455578,0.147528280369199,0.463168242960943,0.176875567665758,20,48,240,7200,0.605,0,0,1,0
14,Periodic20,5,Stressed,0.110609723752303,0.144477430609405,0.462874367023641,0.179889494399031,20,48,240,7200,0.595833333333333,0,0,1,0
15,Periodic20,5,Stressed,0.109930932491922,0.143007559038711,0.462164894400155,0.17888132001211,20,48,240,7200,0.598472222222222,0,0,1,0
16,Periodic20,5,Stressed,0.109193165884596,0.142363894668077,0.463382231769912,0.177683923705722,20,48,240,7200,0.595694444444445,0,0,1,0
17,Periodic20,5,Stressed,0.110751475508532,0.146936615984868,0.455201057590523,0.180261883136542,20,48,240,7200,0.593055555555556,0,0,1,0
18,Periodic20,5,Stressed,0.111087170683851,0.147021498756605,0.466324448945328,0.180628216772631,20,48,240,7200,0.599861111111111,0,0,1,0
19,Periodic20,5,Stressed,0.112694580422619,0.152399358634112,0.457567478535996,0.181811989100817,20,48,240,7200,0.597083333333333,0,0,1,0
20,Periodic20,5,Stressed,0.110605706498954,0.144665641359038,0.462744957588631,0.179339993944899,20,48,240,7200,0.595277777777778,0,0,1,0
1,State-event,5,Stressed,0.262395311074358,0.444351601933823,0.22589129987124,0.438852558280351,4.21111111111111,10.1066666666667,50.5333333333333,1516,0.602242744063325,0,0,1,1
2,State-event,5,Stressed,0.267872589340177,0.430242951792157,0.263974088591259,0.445328489252195,4.20555555555556,10.0933333333333,50.4666666666667,1514,0.583883751651255,0,0,1,0
3,State-event,5,Stressed,0.256091448177091,0.401900180424912,0.266928723823261,0.410201332122313,4.21666666666667,10.12,50.6,1518,0.632411067193676,0,0,1,0
4,State-event,5,Stressed,0.292888024555894,0.535630931845671,0.212658749437341,0.466663639115955,4.18888888888889,10.0533333333333,50.2666666666667,1508,0.569628647214854,0,0,1,1
5,State-event,5,Stressed,0.252521041791887,0.359397664551148,0.278678901805855,0.422735392067817,4.21111111111111,10.1066666666667,50.5333333333333,1516,0.592348284960422,0,0,1,0
6,State-event,5,Stressed,0.240460736733705,0.342185708022608,0.273501612713383,0.413027550711474,4.22222222222222,10.1333333333333,50.6666666666667,1520,0.598026315789474,0,0,1,0
7,State-event,5,Stressed,0.280920022691422,0.387345878592784,0.230541456902157,0.464075083257645,4.21111111111111,10.1066666666667,50.5333333333333,1516,0.58377308707124,0,0,1,1
8,State-event,5,Stressed,0.265680164219719,0.387223919705685,0.276936755123083,0.439305177111716,4.21111111111111,10.1066666666667,50.5333333333333,1516,0.597625329815303,0,0,1,0
9,State-event,5,Stressed,0.245270722008365,0.35008920258669,0.302438578457352,0.413551316984559,4.22222222222222,10.1333333333333,50.6666666666667,1520,0.614473684210526,0,0,1,0
10,State-event,5,Stressed,0.254309225329167,0.360541613136552,0.252940250182417,0.42673630033303,4.18888888888889,10.0533333333333,50.2666666666667,1508,0.608090185676393,0,0,1,0
11,State-event,5,Stressed,0.278594482043545,0.449920330058347,0.269309988065706,0.444709355131698,4.21111111111111,10.1066666666667,50.5333333333333,1516,0.589050131926121,0,0,1,0
12,State-event,5,Stressed,0.248764743769305,0.347900650051779,0.268291467462808,0.406827126854375,4.23888888888889,10.1733333333333,50.8666666666667,1526,0.615989515072084,0,0,1,0
13,State-event,5,Stressed,0.25235170970834,0.335875538794279,0.299798289091041,0.414974265818953,4.21111111111111,10.1066666666667,50.5333333333333,1516,0.604881266490765,0,0,1,0
14,State-event,5,Stressed,0.248841206863884,0.360879909060575,0.258585829690397,0.410349682107175,4.21111111111111,10.1066666666667,50.5333333333333,1516,0.602242744063325,0,0,1,0
15,State-event,5,Stressed,0.256289061181313,0.448436074824514,0.270153491650818,0.413763245534363,4.23333333333333,10.16,50.8,1524,0.603674540682415,0,0,1,0
16,State-event,5,Stressed,0.260488529314996,0.381635853245757,0.271848748721239,0.440563124432334,4.21111111111111,10.1066666666667,50.5333333333333,1516,0.58179419525066,0,0,1,0
17,State-event,5,Stressed,0.254237132986908,0.369604792236578,0.28651965515766,0.422029972752044,4.21666666666667,10.12,50.6,1518,0.612648221343874,0,0,1,0
18,State-event,5,Stressed,0.248322435493714,0.346332769790035,0.301640140016846,0.423001816530427,4.21111111111111,10.1066666666667,50.5333333333333,1516,0.603562005277045,0,0,1,0
19,State-event,5,Stressed,0.25645478356868,0.404400457784635,0.306144996278381,0.43226914925825,4.2,10.08,50.4,1512,0.615079365079365,0,0,1,0
20,State-event,5,Stressed,0.259105299667839,0.389619574272764,0.264530506362569,0.423056312443233,4.20555555555556,10.0933333333333,50.4666666666667,1514,0.597093791281374,0,0,1,0
1,Full-AoI,5,Stressed,0.1309188189823,0.167919806290524,0.435196410424939,0.212337269149258,15.8111111111111,37.9466666666667,189.733333333333,5692,0.593640196767393,3372,0,1,0
2,Full-AoI,5,Stressed,0.131378171972439,0.170847347312704,0.438121692859775,0.213396911898274,15.9055555555556,38.1733333333333,190.866666666667,5726,0.596053091163116,3403,0,1,0
3,Full-AoI,5,Stressed,0.129931080918065,0.173527995677403,0.434723537316856,0.210661519830457,15.7083333333333,37.7,188.5,5655,0.61237842617153,3450,0,1,0
4,Full-AoI,5,Stressed,0.130457782626571,0.169311854415732,0.434685192298958,0.211877081441114,15.7888888888889,37.8933333333333,189.466666666667,5684,0.594651653764954,3369,0,1,0
5,Full-AoI,5,Stressed,0.131400200781728,0.171832099381707,0.430127632013572,0.211811989100817,15.7861111111111,37.8866666666667,189.433333333333,5683,0.600915009677987,3404,0,1,0
6,Full-AoI,5,Stressed,0.131418965037205,0.171931158312703,0.435394020323512,0.213492279745685,15.8833333333333,38.12,190.6,5718,0.587443161944736,3346,0,1,0
7,Full-AoI,5,Stressed,0.131044171873211,0.167832735494189,0.43801356552013,0.213032092037541,15.7972222222222,37.9133333333333,189.566666666667,5687,0.593986284508528,3372,0,1,0
8,Full-AoI,5,Stressed,0.130686408814044,0.170466828940166,0.43151659663534,0.211769603390857,15.7055555555556,37.6933333333333,188.466666666667,5654,0.600990449239476,3386,0,1,0
9,Full-AoI,5,Stressed,0.130434817930639,0.172823241637324,0.437391487953672,0.210811383590675,15.7472222222222,37.7933333333333,188.966666666667,5669,0.606985358969836,3427,0,1,0
10,Full-AoI,5,Stressed,0.13150209701653,0.17341987883572,0.429608018627211,0.21332727823191,15.8805555555556,38.1133333333333,190.566666666667,5717,0.603113521077488,3433,0,1,0
11,Full-AoI,5,Stressed,0.130731751294485,0.171092942212356,0.434380675109139,0.212334241598546,15.75,37.8,189,5670,0.596296296296296,3371,0,1,0
12,Full-AoI,5,Stressed,0.130207937159668,0.167055940322087,0.434931800269163,0.211124735089312,15.7194444444444,37.7266666666667,188.633333333333,5659,0.605407315780173,3419,0,1,0
13,Full-AoI,5,Stressed,0.130656118437584,0.171775819867677,0.435518027270162,0.211934604904632,15.8277777777778,37.9866666666667,189.933333333333,5698,0.601263601263601,3413,0,1,0
14,Full-AoI,5,Stressed,0.131581956528281,0.171867988673777,0.437700344860905,0.213841961852861,15.9555555555556,38.2933333333333,191.466666666667,5744,0.593488857938719,3399,0,1,0
15,Full-AoI,5,Stressed,0.131226746634675,0.173811542086128,0.429484564254467,0.211886164093248,15.775,37.86,189.3,5679,0.599929565064272,3396,0,1,0
16,Full-AoI,5,Stressed,0.1311066389288,0.172644579143446,0.428268021527499,0.212299424765364,15.8472222222222,38.0333333333333,190.166666666667,5705,0.595968448729185,3384,0,1,0
17,Full-AoI,5,Stressed,0.13129116919809,0.173846881447753,0.428061984148967,0.212597638510445,15.7694444444444,37.8466666666667,189.233333333333,5677,0.601197815747754,3399,0,1,0
18,Full-AoI,5,Stressed,0.131087547694607,0.171319307175912,0.434167146665844,0.211510747805025,15.8222222222222,37.9733333333333,189.866666666667,5696,0.60375702247191,3431,0,1,0
19,Full-AoI,5,Stressed,0.131314546657192,0.168863003694059,0.434487875087007,0.212951861943687,15.8916666666667,38.14,190.7,5721,0.598321971683272,3411,0,1,0
20,Full-AoI,5,Stressed,0.131799601895361,0.171559609377818,0.429860968284912,0.212202543142597,15.8694444444444,38.0866666666667,190.433333333333,5713,0.594958865744793,3387,0,1,0
1,Periodic10,10,Stressed,0.230873507938638,0.326585713642319,0.309912994521571,0.239798365122616,10,25,250,7500,0.596666666666667,0,0,1,0
2,Periodic10,10,Stressed,0.227409559719778,0.316883085909454,0.290613783676007,0.235823796548592,10,25,250,7500,0.6016,0,0,1,0
3,Periodic10,10,Stressed,0.231842937349798,0.315783843959176,0.299880199921275,0.240027247956403,10,25,250,7500,0.5984,0,0,1,0
4,Periodic10,10,Stressed,0.226800757030617,0.312840574043174,0.321207874327473,0.234759309718438,10,25,250,7500,0.601733333333333,0,0,1,0
5,Periodic10,10,Stressed,0.22969778753814,0.318825461525175,0.304190173669546,0.239867393278837,10,25,250,7500,0.598933333333333,0,0,1,0
6,Periodic10,10,Stressed,0.229652144614384,0.311585656499804,0.304520352974313,0.238879200726612,10,25,250,7500,0.599466666666667,0,0,1,0
7,Periodic10,10,Stressed,0.224981135389018,0.313618601252145,0.314084499182379,0.233418710263397,10,25,250,7500,0.6,0,0,1,0
8,Periodic10,10,Stressed,0.22714931827472,0.325837248539991,0.305083964778403,0.236019981834696,10,25,250,7500,0.606533333333333,0,0,1,0
9,Periodic10,10,Stressed,0.230673713574833,0.319773979435574,0.304581167057038,0.236608537693006,10,25,250,7500,0.597066666666667,0,0,1,0
10,Periodic10,10,Stressed,0.225975049424434,0.306004881160516,0.309890825255868,0.23724795640327,10,25,250,7500,0.5988,0,0,1,0
11,Periodic10,10,Stressed,0.227092054947789,0.320944834293932,0.294500214542372,0.234748410535876,10,25,250,7500,0.599333333333333,0,0,1,0
12,Periodic10,10,Stressed,0.225810992003972,0.32342740493831,0.315655886238219,0.233974568574023,10,25,250,7500,0.600666666666667,0,0,1,0
13,Periodic10,10,Stressed,0.226889933214754,0.301979175022692,0.30822886618522,0.236346957311535,10,25,250,7500,0.600533333333333,0,0,1,0
14,Periodic10,10,Stressed,0.225454831665574,0.321132581833894,0.321350552762524,0.234032697547684,10,25,250,7500,0.598533333333333,0,0,1,0
15,Periodic10,10,Stressed,0.228646478443517,0.324763510778035,0.299029643634263,0.23625613079019,10,25,250,7500,0.597866666666667,0,0,1,0
16,Periodic10,10,Stressed,0.226837159711103,0.320732711313679,0.327571362846808,0.234570390554042,10,25,250,7500,0.604,0,0,1,0
17,Periodic10,10,Stressed,0.228497702857688,0.314737963465451,0.304368930649866,0.238603088101726,10,25,250,7500,0.599466666666667,0,0,1,0
18,Periodic10,10,Stressed,0.225048892146313,0.318167275652672,0.318202940926112,0.23525340599455,10,25,250,7500,0.595866666666667,0,0,1,0
19,Periodic10,10,Stressed,0.228745020528705,0.322396232280403,0.318593430212879,0.237945504087193,10,25,250,7500,0.5932,0,0,1,0
20,Periodic10,10,Stressed,0.227802675041858,0.322741382429332,0.323925120873264,0.235246139872843,10,25,250,7500,0.602133333333333,0,0,1,0
1,Periodic20,10,Stressed,0.173383017480337,0.255535382981891,0.380411239212773,0.179187284287012,20,50,500,15000,0.5936,0,0,1,0
2,Periodic20,10,Stressed,0.173578650367055,0.241761084267065,0.375883738444842,0.178799273387829,20,50,500,15000,0.5992,0,0,1,0
3,Periodic20,10,Stressed,0.174164380933061,0.246408741653148,0.373664798641827,0.179736603088102,20,50,500,15000,0.5988,0,0,1,0
4,Periodic20,10,Stressed,0.17233670901385,0.244249844419122,0.380196152517242,0.177842325158946,20,50,500,15000,0.600866666666667,0,0,1,0
5,Periodic20,10,Stressed,0.172503229749834,0.244941425838778,0.386719412469623,0.178888646684832,20,50,500,15000,0.601466666666667,0,0,1,0
6,Periodic20,10,Stressed,0.172994713891121,0.247853367924722,0.381985757875542,0.178468664850136,20,50,500,15000,0.6018,0,0,1,0
7,Periodic20,10,Stressed,0.172495326428656,0.243078897248955,0.374273026665834,0.177493551316985,20,50,500,15000,0.600333333333333,0,0,1,0
8,Periodic20,10,Stressed,0.173386868775845,0.242938087767244,0.383434553572685,0.178568210717529,20,50,500,15000,0.602466666666667,0,0,1,0
9,Periodic20,10,Stressed,0.173257810684099,0.246310580552031,0.384517591992708,0.178117711171662,20,50,500,15000,0.6004,0,0,1,0
10,Periodic20,10,Stressed,0.172934284705131,0.245419406312386,0.379757518022367,0.179420526793824,20,50,500,15000,0.598,0,0,1,0
11,Periodic20,10,Stressed,0.173840643243353,0.246200474670328,0.381814046803716,0.179597093551317,20,50,500,15000,0.5984,0,0,1,0
12,Periodic20,10,Stressed,0.172454487231109,0.243445337287643,0.379583477796307,0.178244868301544,20,50,500,15000,0.5988,0,0,1,0
13,Periodic20,10,Stressed,0.173906553764417,0.242470351795487,0.380639830374192,0.17963851044505,20,50,500,15000,0.598733333333333,0,0,1,0
14,Periodic20,10,Stressed,0.172988021070747,0.244412754221817,0.38140516899239,0.178708446866485,20,50,500,15000,0.594866666666667,0,0,1,0
15,Periodic20,10,Stressed,0.172739210940384,0.240188799934008,0.382546565500999,0.178474477747502,20,50,500,15000,0.603866666666667,0,0,1,0
16,Periodic20,10,Stressed,0.172668580420475,0.248454599239919,0.38090565837155,0.178372025431426,20,50,500,15000,0.601333333333333,0,0,1,0
17,Periodic20,10,Stressed,0.172497221828101,0.246712298415943,0.379579825260513,0.178718619436875,20,50,500,15000,0.601866666666667,0,0,1,0
18,Periodic20,10,Stressed,0.172817513722213,0.23938627956065,0.381933770116117,0.178567484105359,20,50,500,15000,0.599,0,0,1,0
19,Periodic20,10,Stressed,0.173583789048879,0.247169398618189,0.376078223292309,0.179058673932788,20,50,500,15000,0.594933333333333,0,0,1,0
20,Periodic20,10,Stressed,0.173140502584933,0.246232723141584,0.378946772834127,0.177839418710263,20,50,500,15000,0.6024,0,0,1,0
1,State-event,10,Stressed,0.393665688501498,0.596087080874416,0.147890470173237,0.441417983651226,3.94133333333333,9.85333333333333,98.5333333333333,2956,0.585926928281461,0,0,1,1
2,State-event,10,Stressed,0.38790129031042,0.586911919450514,0.0716310388885242,0.42892025431426,3.952,9.88,98.8,2964,0.59919028340081,0,0,1,1
3,State-event,10,Stressed,0.39907451717136,0.598895921454296,0.0612452713196042,0.449796548592189,3.93333333333333,9.83333333333333,98.3333333333333,2950,0.590508474576271,0,0,1,1
4,State-event,10,Stressed,0.398011012503403,0.621378104457419,0.101513577614041,0.435262125340599,3.96,9.9,99,2970,0.597979797979798,0,0,1,1
5,State-event,10,Stressed,0.401720246907194,0.595212324694386,0.155092844071645,0.44867974568574,3.94666666666667,9.86666666666667,98.6666666666667,2960,0.598986486486486,0,0,1,1
6,State-event,10,Stressed,0.384616347141825,0.635168171416091,0.178738385455356,0.429312624886467,3.96533333333333,9.91333333333333,99.1333333333333,2974,0.601546738399462,0,0,1,1
7,State-event,10,Stressed,0.391927601402267,0.60644869090153,0.102823596774416,0.447288283378746,3.952,9.88,98.8,2964,0.596153846153846,0,0,1,1
8,State-event,10,Stressed,0.380785729984898,0.549409573390315,0.125957791527878,0.421904813805631,3.94933333333333,9.87333333333333,98.7333333333333,2962,0.609723160027009,0,0,1,1
9,State-event,10,Stressed,0.401046921854541,0.568812116566308,0.135735256416504,0.443434332425068,3.93866666666667,9.84666666666667,98.4666666666667,2954,0.587339201083277,0,0,1,1
10,State-event,10,Stressed,0.393000552338146,0.595213963643884,0.148644132976292,0.43441416893733,3.96266666666667,9.90666666666667,99.0666666666667,2972,0.611709286675639,0,0,1,1
11,State-event,10,Stressed,0.396719478346053,0.614335268287833,0.120382422958685,0.434669209809264,3.93866666666667,9.84666666666667,98.4666666666667,2954,0.594109681787407,0,0,1,1
12,State-event,10,Stressed,0.40179396314588,0.590009710726863,0.0795024082390727,0.440413079019074,3.952,9.88,98.8,2964,0.58974358974359,0,0,1,1
13,State-event,10,Stressed,0.373624094991567,0.548662682658442,0.084048514021025,0.417340236148955,3.95733333333333,9.89333333333333,98.9333333333333,2968,0.615902964959569,0,0,1,1
14,State-event,10,Stressed,0.39870918401488,0.584351054252732,0.132403680514621,0.43844323342416,3.952,9.88,98.8,2964,0.593792172739541,0,0,1,1
15,State-event,10,Stressed,0.404908797047249,0.664925141409071,0.126232057053589,0.437111353315168,3.93333333333333,9.83333333333333,98.3333333333333,2950,0.597966101694915,0,0,1,1
16,State-event,10,Stressed,0.39309476924112,0.55661538235155,0.0978719467322492,0.449312624886467,3.92,9.8,98,2940,0.600340136054422,0,0,1,1
17,State-event,10,Stressed,0.382800658655945,0.555570391676116,0.13334946468821,0.426587102633969,3.96533333333333,9.91333333333333,99.1333333333333,2974,0.607599193006052,0,0,1,1
18,State-event,10,Stressed,0.395082975864679,0.564511246847762,0.155951642398571,0.435853587647593,3.95733333333333,9.89333333333333,98.9333333333333,2968,0.592318059299191,0,0,1,1
19,State-event,10,Stressed,0.406965753922181,0.636209247009295,0.126767310799329,0.466343687556766,3.93066666666667,9.82666666666667,98.2666666666667,2948,0.584124830393487,0,0,1,1
20,State-event,10,Stressed,0.411144047864079,0.581087878909128,0.146113859477379,0.455502633969119,3.91733333333333,9.79333333333333,97.9333333333333,2938,0.591218515997277,0,0,1,1
1,Full-AoI,10,Stressed,0.205111596365232,0.296986338715971,0.343214614341529,0.212052679382379,15.196,37.99,379.9,11397,0.593840484337984,6747,0,1,0
2,Full-AoI,10,Stressed,0.205631443981452,0.289465875077035,0.343765375320223,0.212386194368755,15.1533333333333,37.8833333333333,378.833333333333,11365,0.599648042234932,6788,0,1,0
3,Full-AoI,10,Stressed,0.204460937004222,0.285996601763249,0.345904915042369,0.211432152588555,15.1226666666667,37.8066666666667,378.066666666667,11342,0.602186563216364,6804,0,1,0
4,Full-AoI,10,Stressed,0.205408447601914,0.297309053148321,0.342136051359125,0.212184196185286,15.0853333333333,37.7133333333333,377.133333333333,11314,0.602262683401096,6784,0,1,0
5,Full-AoI,10,Stressed,0.206378524703186,0.290933707296269,0.341281027483995,0.213066303360581,15.1506666666667,37.8766666666667,378.766666666667,11363,0.599049546774619,6781,0,1,0
6,Full-AoI,10,Stressed,0.205627876728154,0.295112785689347,0.345768388046139,0.211844868301544,15.2026666666667,38.0066666666667,380.066666666667,11402,0.600420978775653,6826,0,1,0
7,Full-AoI,10,Stressed,0.203967565399803,0.291294511465633,0.347734008327315,0.211047048138056,15.0733333333333,37.6833333333333,376.833333333333,11305,0.603626713843432,6797,0,1,0
8,Full-AoI,10,Stressed,0.205171045533888,0.290056843207105,0.345210429790042,0.211898637602179,15.0573333333333,37.6433333333333,376.433333333333,11293,0.604799433277251,6805,0,1,0
9,Full-AoI,10,Stressed,0.204699684791356,0.292265033791106,0.345404293749111,0.212056312443233,15.156,37.89,378.9,11367,0.597695082255652,6762,0,1,0
10,Full-AoI,10,Stressed,0.205031507419415,0.290525553752967,0.345490735900374,0.211647229791099,15.1186666666667,37.7966666666667,377.966666666667,11339,0.599171002733927,6774,0,1,0
11,Full-AoI,10,Stressed,0.204298636845829,0.29160061448377,0.34005199378246,0.210680108991825,15.08,37.7,377,11310,0.599823165340407,6754,0,1,0
12,Full-AoI,10,Stressed,0.20495523552585,0.287756080533918,0.342301215373637,0.212485740236148,15.1573333333333,37.8933333333333,378.933333333333,11368,0.600017593244194,6798,0,1,0
13,Full-AoI,10,Stressed,0.205534090696818,0.289884807935992,0.345970747394767,0.212577293369663,15.1973333333333,37.9933333333333,379.933333333333,11398,0.602386383576066,6828,0,1,0
14,Full-AoI,10,Stressed,0.20514793261787,0.291638569803068,0.341416913236078,0.212913714804722,15.1786666666667,37.9466666666667,379.466666666667,11384,0.593640196767393,6735,0,1,0
15,Full-AoI,10,Stressed,0.20504303907118,0.289633016846773,0.346720545229558,0.211490281562216,15.0066666666667,37.5166666666667,375.166666666667,11255,0.605597512216792,6791,0,1,0
16,Full-AoI,10,Stressed,0.205226203159646,0.288432150788176,0.345293469522874,0.21197638510445,15.0946666666667,37.7366666666667,377.366666666667,11321,0.601183641021111,6775,0,1,0
17,Full-AoI,10,Stressed,0.206076142678247,0.293905282682218,0.344066505936457,0.213813987284286,15.1813333333333,37.9533333333333,379.533333333333,11386,0.599683822237836,6810,0,1,0
18,Full-AoI,10,Stressed,0.204841869260221,0.288601638948285,0.345502572406762,0.212349863760217,15.164,37.91,379.1,11373,0.597731469269322,6770,0,1,0
19,Full-AoI,10,Stressed,0.205374409354259,0.290634254456214,0.339557567490698,0.212155858310626,15.0946666666667,37.7366666666667,377.366666666667,11321,0.595442098754527,6718,0,1,0
20,Full-AoI,10,Stressed,0.204285967256544,0.299102545916256,0.347308630071396,0.210941689373296,15.1026666666667,37.7566666666667,377.566666666667,11327,0.601483181778052,6792,0,1,0
1,Periodic10,20,Stressed,0.268350424095332,0.347873380552491,0.317041243534841,0.237244323342416,10,25,500,15000,0.5972,0,0,1,0
2,Periodic10,20,Stressed,0.268555949402923,0.350055334299366,0.304647506685782,0.237545867393279,10,25,500,15000,0.5994,0,0,1,0
3,Periodic10,20,Stressed,0.266408664208728,0.341777232652249,0.305745443896637,0.234931880108992,10,25,500,15000,0.602266666666667,0,0,1,0
4,Periodic10,20,Stressed,0.268424774017598,0.346618747516052,0.311156661051058,0.237298819255223,10,25,500,15000,0.5982,0,0,1,0
5,Periodic10,20,Stressed,0.269201593083883,0.356852055537371,0.300441835941669,0.237709355131698,10,25,500,15000,0.599066666666667,0,0,1,0
6,Periodic10,20,Stressed,0.272420252943561,0.37681651913108,0.294018431087863,0.240094459582198,10,25,500,15000,0.596933333333333,0,0,1,0
7,Periodic10,20,Stressed,0.268142937539206,0.349754965515494,0.308193766492094,0.237048138056312,10,25,500,15000,0.606133333333333,0,0,1,0
8,Periodic10,20,Stressed,0.271344900319802,0.344842048754095,0.302148300071607,0.239502270663034,10,25,500,15000,0.597,0,0,1,0
9,Periodic10,20,Stressed,0.268498899989286,0.363954728924781,0.307939846218656,0.236341507720254,10,25,500,15000,0.596333333333333,0,0,1,0
10,Periodic10,20,Stressed,0.26854426991386,0.347268337569457,0.293845571090855,0.237945504087193,10,25,500,15000,0.6,0,0,1,0
11,Periodic10,20,Stressed,0.268253448816566,0.374713806361049,0.31319041984654,0.236782924613987,10,25,500,15000,0.600733333333333,0,0,1,0
12,Periodic10,20,Stressed,0.266667488759667,0.349119685054985,0.322927490974944,0.235960036330608,10,25,500,15000,0.602066666666667,0,0,1,0
13,Periodic10,20,Stressed,0.268197403168973,0.355314998717793,0.305936894478311,0.236370572207085,10,25,500,15000,0.601133333333333,0,0,1,0
14,Periodic10,20,Stressed,0.270038689005402,0.350920141382653,0.281912805026299,0.239255222524977,10,25,500,15000,0.597066666666667,0,0,1,0
15,Periodic10,20,Stressed,0.26830773732537,0.355062969185616,0.286535669022542,0.23625068119891,10,25,500,15000,0.601533333333333,0,0,1,0
16,Periodic10,20,Stressed,0.267238678931782,0.342214791522277,0.31205423654096,0.236550408719346,10,25,500,15000,0.5996,0,0,1,0
17,Periodic10,20,Stressed,0.264949364840176,0.355892784157757,0.310972544414915,0.234728428701181,10,25,500,15000,0.6026,0,0,1,0
18,Periodic10,20,Stressed,0.26761578410367,0.3454955032541,0.308970274256683,0.236975476839237,10,25,500,15000,0.5998,0,0,1,0
19,Periodic10,20,Stressed,0.267129903507281,0.358040678775244,0.292955496589591,0.235128065395095,10,25,500,15000,0.6038,0,0,1,0
20,Periodic10,20,Stressed,0.266384325124835,0.357262423047146,0.314248985711379,0.234839237057221,10,25,500,15000,0.600333333333333,0,0,1,0
1,Periodic20,20,Stressed,0.204659566312099,0.276889866978814,0.378050528084809,0.17905068119891,20,50,1000,30000,0.597633333333333,0,0,1,0
2,Periodic20,20,Stressed,0.205483492537028,0.281988885669804,0.372826979711791,0.178870481380563,20,50,1000,30000,0.5985,0,0,1,0
3,Periodic20,20,Stressed,0.204116258704149,0.280312925288632,0.37278242007435,0.177869936421435,20,50,1000,30000,0.603766666666667,0,0,1,0
4,Periodic20,20,Stressed,0.204226176112181,0.280094346337589,0.378298170392526,0.178015985467757,20,50,1000,30000,0.6025,0,0,1,0
5,Periodic20,20,Stressed,0.205293702954084,0.278171535864816,0.373967124774381,0.179128428701181,20,50,1000,30000,0.5976,0,0,1,0
6,Periodic20,20,Stressed,0.204658557476331,0.285573258396538,0.376742970799528,0.178508265213442,20,50,1000,30000,0.601633333333333,0,0,1,0
7,Periodic20,20,Stressed,0.205739464300722,0.284282987787222,0.374375673425964,0.179718437783833,20,50,1000,30000,0.600566666666667,0,0,1,0
8,Periodic20,20,Stressed,0.20629085602969,0.284354053397556,0.382566522763749,0.179448138056313,20,50,1000,30000,0.595133333333333,0,0,1,0
9,Periodic20,20,Stressed,0.204763720857258,0.279160876006545,0.373525732296128,0.178240871934605,20,50,1000,30000,0.5989,0,0,1,0
10,Periodic20,20,Stressed,0.204834851471051,0.279555322305471,0.377235474225314,0.178657947320618,20,50,1000,30000,0.602333333333333,0,0,1,0
11,Periodic20,20,Stressed,0.205861485954912,0.278470821638584,0.370592599981903,0.179453950953679,20,50,1000,30000,0.599333333333333,0,0,1,0
12,Periodic20,20,Stressed,0.205305835933036,0.273911881539396,0.37694659622269,0.179377656675749,20,50,1000,30000,0.5973,0,0,1,0
13,Periodic20,20,Stressed,0.204973791229473,0.281970606648957,0.375266448077753,0.1787851044505,20,50,1000,30000,0.599566666666667,0,0,1,0
14,Periodic20,20,Stressed,0.205639980160494,0.284689098436738,0.374639448460176,0.178915894641235,20,50,1000,30000,0.597133333333333,0,0,1,0
15,Periodic20,20,Stressed,0.205230501237682,0.277675586344072,0.374579026514982,0.178730971843778,20,50,1000,30000,0.602233333333333,0,0,1,0
16,Periodic20,20,Stressed,0.204005287994474,0.278505399907134,0.377454910764888,0.178129336966394,20,50,1000,30000,0.603366666666667,0,0,1,0
17,Periodic20,20,Stressed,0.205415012812974,0.273575896256805,0.378873945226291,0.178832334241599,20,50,1000,30000,0.600833333333333,0,0,1,0
18,Periodic20,20,Stressed,0.204635405596848,0.276895721454007,0.373816315456541,0.178821798365123,20,50,1000,30000,0.5986,0,0,1,0
19,Periodic20,20,Stressed,0.204125484847306,0.276007413051424,0.379958710807451,0.178118074477748,20,50,1000,30000,0.603366666666667,0,0,1,0
20,Periodic20,20,Stressed,0.20507167378328,0.279279665806041,0.373576354763678,0.179044868301544,20,50,1000,30000,0.5976,0,0,1,0
1,State-event,20,Stressed,0.47254476880109,0.753972034513173,0.133694755747335,0.447479019073569,3.76133333333333,9.40333333333333,188.066666666667,5642,0.595710740872031,0,0,1,1
2,State-event,20,Stressed,0.455715096521343,0.682254650849059,0.0880159368971235,0.439254495912806,3.79066666666667,9.47666666666667,189.533333333333,5686,0.600773830460781,0,0,1,1
3,State-event,20,Stressed,0.458965220886457,0.652170913026319,0.0501948625040968,0.438882107175295,3.784,9.46,189.2,5676,0.599365750528541,0,0,1,1
4,State-event,20,Stressed,0.461728130542868,0.641949150786388,0.0744178221197785,0.445364577656676,3.78133333333333,9.45333333333333,189.066666666667,5672,0.600669957686883,0,0,1,1
5,State-event,20,Stressed,0.454622908979512,0.648483074144238,0.115279056507746,0.438928247048138,3.78933333333333,9.47333333333333,189.466666666667,5684,0.607670654468684,0,0,1,1
6,State-event,20,Stressed,0.472312266568031,0.749707224944074,0.0978287027181449,0.449074296094459,3.76933333333333,9.42333333333333,188.466666666667,5654,0.600106119561372,0,0,1,1
7,State-event,20,Stressed,0.455548895251306,0.66860218158495,0.151800793504322,0.44037638510445,3.78533333333333,9.46333333333333,189.266666666667,5678,0.616238112011272,0,0,1,1
8,State-event,20,Stressed,0.468552314670946,0.658952885247439,0.0860467478255321,0.453054677565849,3.77466666666667,9.43666666666667,188.733333333333,5662,0.599081596608972,0,0,1,1
9,State-event,20,Stressed,0.461437994100478,0.690522758245641,0.0787827924574364,0.453958946412352,3.77333333333333,9.43333333333333,188.666666666667,5660,0.593639575971731,0,0,1,1
10,State-event,20,Stressed,0.456835038792589,0.687120177905092,0.0499291621064735,0.438846866485013,3.784,9.46,189.2,5676,0.600246652572234,0,0,1,1
11,State-event,20,Stressed,0.454844472681381,0.617093930516164,0.0882024413334756,0.437670118074478,3.78933333333333,9.47333333333333,189.466666666667,5684,0.599049964813512,0,0,1,1
12,State-event,20,Stressed,0.454785318286919,0.70726079420315,0.113684473043886,0.443241416893733,3.78133333333333,9.45333333333333,189.066666666667,5672,0.603138222849083,0,0,1,1
13,State-event,20,Stressed,0.466531023975344,0.666107724077999,0.127606777132852,0.449220708446866,3.776,9.44,188.8,5664,0.596398305084746,0,0,1,1
14,State-event,20,Stressed,0.463569251482438,0.728587349889787,0.0833031681495485,0.451064486830154,3.77466666666667,9.43666666666667,188.733333333333,5662,0.598904980572236,0,0,1,1
15,State-event,20,Stressed,0.464946003171616,0.660920257198533,0.0841080545868586,0.450384014532243,3.75866666666667,9.39666666666667,187.933333333333,5638,0.592586023412558,0,0,1,1
16,State-event,20,Stressed,0.458633309160636,0.664501394258997,0.0754619492715639,0.438911534968211,3.78266666666667,9.45666666666667,189.133333333333,5674,0.600105745505816,0,0,1,1
17,State-event,20,Stressed,0.452961646529904,0.62355453060659,0.0877571759936963,0.442394550408719,3.78666666666667,9.46666666666667,189.333333333333,5680,0.602816901408451,0,0,1,1
18,State-event,20,Stressed,0.456259643461613,0.61657495063555,0.0279367743925665,0.442099545867393,3.76933333333333,9.42333333333333,188.466666666667,5654,0.600459851432614,0,0,1,1
19,State-event,20,Stressed,0.461003610365427,0.711224199037549,0.0824757715932539,0.44465068119891,3.76533333333333,9.41333333333333,188.266666666667,5648,0.603576487252125,0,0,1,1
20,State-event,20,Stressed,0.455447964338532,0.713492163345038,0.105734507238727,0.441276294277929,3.77333333333333,9.43333333333333,188.666666666667,5660,0.593286219081272,0,0,1,1
1,Full-AoI,20,Stressed,0.242676120441446,0.326407594809741,0.335944800473093,0.213023069936421,14.724,36.81,736.2,22086,0.596667572217694,13127,0,1,0
2,Full-AoI,20,Stressed,0.243063226012839,0.329193197392452,0.331345371190499,0.212354586739327,14.7066666666667,36.7666666666667,735.333333333333,22060,0.600271985494107,13197,0,1,0
3,Full-AoI,20,Stressed,0.24172987214539,0.324615900591807,0.336758385329388,0.211824523160763,14.694,36.735,734.7,22041,0.602785717526428,13228,0,1,0
4,Full-AoI,20,Stressed,0.242592094320961,0.32411143223667,0.341857787232867,0.21243851044505,14.7266666666667,36.8166666666667,736.333333333333,22090,0.600316885468538,13206,0,1,0
5,Full-AoI,20,Stressed,0.243672763303127,0.330650834359163,0.331136151544118,0.212967120799273,14.7686666666667,36.9216666666667,738.433333333333,22153,0.598474247280278,13198,0,1,0
6,Full-AoI,20,Stressed,0.242232902031149,0.326712843831037,0.338130355081898,0.212127883742052,14.7233333333333,36.8083333333333,736.166666666667,22085,0.601177269640027,13225,0,1,0
7,Full-AoI,20,Stressed,0.242319908888455,0.327045134338482,0.332616078503153,0.212329155313351,14.674,36.685,733.7,22011,0.604652219344873,13271,0,1,0
8,Full-AoI,20,Stressed,0.243607451609371,0.327858027215184,0.334562843780357,0.213218891916439,14.8026666666667,37.0066666666667,740.133333333333,22204,0.593766888848856,13139,0,1,0
9,Full-AoI,20,Stressed,0.243280358846238,0.331013726994357,0.335537654793915,0.212812715712988,14.796,36.99,739.8,22194,0.595926827070379,13187,0,1,0
10,Full-AoI,20,Stressed,0.243020316977413,0.322459260941265,0.335731678755036,0.212774205267938,14.76,36.9,738,22140,0.599909665763324,13235,0,1,0
11,Full-AoI,20,Stressed,0.241699863421672,0.329091220564834,0.337839106742602,0.211844504995458,14.6766666666667,36.6916666666667,733.833333333333,22015,0.601771519418578,13202,0,1,0
12,Full-AoI,20,Stressed,0.242739747519963,0.32880031116707,0.340418866212133,0.212971843778383,14.732,36.83,736.6,22098,0.599782785772468,13209,0,1,0
13,Full-AoI,20,Stressed,0.242230505802775,0.326625276779332,0.334594409858774,0.212618710263396,14.762,36.905,738.1,22143,0.598428397236147,13208,0,1,0
14,Full-AoI,20,Stressed,0.242569112747283,0.328438739342846,0.336485991629919,0.212115531335149,14.736,36.84,736.8,22104,0.598579442634817,13185,0,1,0
15,Full-AoI,20,Stressed,0.242109745053429,0.326805970918213,0.335527776640873,0.212215440508628,14.7893333333333,36.9733333333333,739.466666666667,22184,0.601875225387667,13298,0,1,0
16,Full-AoI,20,Stressed,0.24221724963911,0.323110690356558,0.337619323117146,0.211916439600363,14.688,36.72,734.4,22032,0.602078794480755,13212,0,1,0
17,Full-AoI,20,Stressed,0.243057746915589,0.320954425310286,0.336749167516919,0.213236330608537,14.7253333333333,36.8133333333333,736.266666666667,22088,0.599827960883738,13201,0,1,0
18,Full-AoI,20,Stressed,0.243218672046787,0.327227868592117,0.333498619476373,0.212813079019073,14.8046666666667,37.0116666666667,740.233333333333,22207,0.597784482370424,13223,0,1,0
19,Full-AoI,20,Stressed,0.241817773862651,0.326605930121505,0.339681149534812,0.212258673932788,14.68,36.7,734,22020,0.601952770208901,13208,0,1,0
20,Full-AoI,20,Stressed,0.242106712015547,0.32342990379254,0.335135766029697,0.212484650317892,14.7333333333333,36.8333333333333,736.666666666667,22100,0.599592760180995,13195,0,1,0
1,Periodic10,50,Stressed,0.287743533358964,0.365839166909772,0.31262798324472,0.235525885558583,10,25,1250,37500,0.60312,0,0,1,0
2,Periodic10,50,Stressed,0.288863974350351,0.369132711373635,0.312121233679855,0.237101907356948,10,25,1250,37500,0.597093333333333,0,0,1,0
3,Periodic10,50,Stressed,0.287847332820681,0.351774217427137,0.312335322807696,0.236370208900999,10,25,1250,37500,0.600133333333333,0,0,1,0
4,Periodic10,50,Stressed,0.290340918113211,0.372205627188385,0.303798407024954,0.238619073569482,10,25,1250,37500,0.5968,0,0,1,0
5,Periodic10,50,Stressed,0.288628183371447,0.369473831480065,0.313260883998514,0.236883923705722,10,25,1250,37500,0.596586666666667,0,0,1,0
6,Periodic10,50,Stressed,0.288891095024591,0.362490910253013,0.307715766971389,0.237087375113533,10,25,1250,37500,0.599226666666667,0,0,1,0
7,Periodic10,50,Stressed,0.288353168242439,0.358446367979829,0.305622800735787,0.236412352406903,10,25,1250,37500,0.60176,0,0,1,0
8,Periodic10,50,Stressed,0.288607952592245,0.360793587448836,0.306260161545209,0.236939146230699,10,25,1250,37500,0.598,0,0,1,0
9,Periodic10,50,Stressed,0.287916750100148,0.360014116342125,0.302486732847924,0.235863760217984,10,25,1250,37500,0.60312,0,0,1,0
10,Periodic10,50,Stressed,0.28873130760729,0.36042213990629,0.318865624998479,0.23759527702089,10,25,1250,37500,0.5984,0,0,1,0
11,Periodic10,50,Stressed,0.288786553220235,0.375653061389894,0.307121125026887,0.236142779291553,10,25,1250,37500,0.597653333333333,0,0,1,0
12,Periodic10,50,Stressed,0.286895265663718,0.364917433496757,0.306447623728564,0.234805086285195,10,25,1250,37500,0.60384,0,0,1,0
13,Periodic10,50,Stressed,0.288483947104801,0.362834674816977,0.290844215171744,0.236868664850136,10,25,1250,37500,0.602453333333333,0,0,1,0
14,Periodic10,50,Stressed,0.288757363089298,0.35884536283363,0.295083547641154,0.236732061762034,10,25,1250,37500,0.599493333333333,0,0,1,0
15,Periodic10,50,Stressed,0.288311565117761,0.369257920670516,0.302759330003488,0.236648501362398,10,25,1250,37500,0.600906666666667,0,0,1,0
16,Periodic10,50,Stressed,0.28884704390708,0.36238688530017,0.310445182144321,0.23728646684832,10,25,1250,37500,0.60008,0,0,1,0
17,Periodic10,50,Stressed,0.288869438284925,0.364893779373699,0.310288182353335,0.23801961852861,10,25,1250,37500,0.59904,0,0,1,0
18,Periodic10,50,Stressed,0.288098608949658,0.365230568673038,0.302209452769246,0.236144232515894,10,25,1250,37500,0.602373333333333,0,0,1,0
19,Periodic10,50,Stressed,0.290337723021048,0.359136180753646,0.314985256647571,0.239179291553133,10,25,1250,37500,0.59528,0,0,1,0
20,Periodic10,50,Stressed,0.287101862270009,0.361494540197292,0.278161837528279,0.234978019981835,10,25,1250,37500,0.6028,0,0,1,0
1,Periodic20,50,Stressed,0.220800005480931,0.281156581775156,0.37073255025566,0.178614859218892,20,50,2500,75000,0.60044,0,0,1,0
2,Periodic20,50,Stressed,0.221311354755256,0.284806482315344,0.37478884850282,0.178697693006358,20,50,2500,75000,0.59908,0,0,1,0
3,Periodic20,50,Stressed,0.221217657430094,0.278533944571348,0.372948511286146,0.178839673024523,20,50,2500,75000,0.59988,0,0,1,0
4,Periodic20,50,Stressed,0.221230130455589,0.28836704361129,0.377097466123035,0.178915967302452,20,50,2500,75000,0.598493333333333,0,0,1,0
5,Periodic20,50,Stressed,0.220828517849311,0.281494214916217,0.376311528030123,0.178444105358765,20,50,2500,75000,0.598613333333333,0,0,1,0
6,Periodic20,50,Stressed,0.220948936202436,0.286249841858927,0.377426237457438,0.178608900999092,20,50,2500,75000,0.601013333333333,0,0,1,0
7,Periodic20,50,Stressed,0.221043038421873,0.284433631115474,0.37276997748942,0.178738528610354,20,50,2500,75000,0.599893333333333,0,0,1,0
8,Periodic20,50,Stressed,0.220297605853681,0.280551005364559,0.374899852625559,0.178258964577657,20,50,2500,75000,0.601546666666667,0,0,1,0
9,Periodic20,50,Stressed,0.22007531210498,0.278512488402963,0.378155244507368,0.178030663033606,20,50,2500,75000,0.60416,0,0,1,0
10,Periodic20,50,Stressed,0.221043800199225,0.288633297293759,0.37598415081226,0.178801307901907,20,50,2500,75000,0.598586666666667,0,0,1,0
11,Periodic20,50,Stressed,0.220678217876112,0.281496744332712,0.373527387676347,0.178465177111716,20,50,2500,75000,0.598933333333333,0,0,1,0
12,Periodic20,50,Stressed,0.220580323702535,0.279788987782331,0.372059276522267,0.178459800181653,20,50,2500,75000,0.602373333333333,0,0,1,0
13,Periodic20,50,Stressed,0.221310204253966,0.282292501904652,0.372063033791951,0.179000690281562,20,50,2500,75000,0.600146666666667,0,0,1,0
14,Periodic20,50,Stressed,0.221305473621295,0.282825219544677,0.374619151663139,0.178620090826521,20,50,2500,75000,0.599946666666667,0,0,1,0
15,Periodic20,50,Stressed,0.220955642426046,0.286052215909093,0.373812196069881,0.178618056312443,20,50,2500,75000,0.60164,0,0,1,0
16,Periodic20,50,Stressed,0.221353984767587,0.282378950341615,0.374194089450161,0.179200944595822,20,50,2500,75000,0.59804,0,0,1,0
17,Periodic20,50,Stressed,0.221085353829188,0.28591829686682,0.375097698453262,0.178430445049955,20,50,2500,75000,0.601826666666667,0,0,1,0
18,Periodic20,50,Stressed,0.220835551964301,0.281624008351299,0.3755512589245,0.178492788374205,20,50,2500,75000,0.6028,0,0,1,0
19,Periodic20,50,Stressed,0.221317512145602,0.282377515564709,0.371444659973734,0.178896348773842,20,50,2500,75000,0.59708,0,0,1,0
20,Periodic20,50,Stressed,0.220438357203432,0.280790184974268,0.378993802866989,0.178377547683924,20,50,2500,75000,0.600786666666667,0,0,1,0
1,State-event,50,Stressed,0.503154486869553,0.694831023347827,0.0984454153133646,0.463443487738419,3.65813333333333,9.14533333333333,457.266666666667,13718,0.59585945473101,0,0,1,1
2,State-event,50,Stressed,0.495204080702279,0.674246356770509,0.128725039258214,0.451383324250681,3.6784,9.196,459.8,13794,0.59815861968972,0,0,1,1
3,State-event,50,Stressed,0.492097743037813,0.682683996225871,0.0206060178951456,0.453052643051771,3.68266666666667,9.20666666666667,460.333333333333,13810,0.598841419261405,0,0,1,1
4,State-event,50,Stressed,0.494923802855284,0.774999520318831,0.103301636026701,0.459097910990009,3.66666666666667,9.16666666666667,458.333333333333,13750,0.595927272727273,0,0,1,1
5,State-event,50,Stressed,0.487902479317903,0.77243994513036,0.0682801049261894,0.448816930063579,3.67946666666667,9.19866666666667,459.933333333333,13798,0.595086244383244,0,0,1,1
6,State-event,50,Stressed,0.493167855643043,0.679504713743124,0.113836926695399,0.448571480472298,3.67946666666667,9.19866666666667,459.933333333333,13798,0.597332946803885,0,0,1,1
7,State-event,50,Stressed,0.489604939304863,0.736383316169556,0.0803649823998608,0.450158692098092,3.68106666666667,9.20266666666667,460.133333333333,13804,0.602578962619531,0,0,1,1
8,State-event,50,Stressed,0.501028065943067,0.711425377723402,0.117118466296757,0.452630045413261,3.6736,9.184,459.2,13776,0.595891405342625,0,0,1,1
9,State-event,50,Stressed,0.494294054151426,0.711317987405811,0.103882843887425,0.448679164396003,3.6912,9.228,461.4,13842,0.601213697442566,0,0,1,1
10,State-event,50,Stressed,0.498775744610617,0.746964927900844,0.133533324420963,0.456244940962761,3.67733333333333,9.19333333333333,459.666666666667,13790,0.595213923132705,0,0,1,1
11,State-event,50,Stressed,0.50119092481972,0.734843338894657,0.0525158390948451,0.459155458673933,3.6656,9.164,458.2,13746,0.59064455114215,0,0,1,1
12,State-event,50,Stressed,0.489240701323617,0.674426909241828,0.0922841356587626,0.447384632152588,3.6896,9.224,461.2,13836,0.602052616363111,0,0,1,1
13,State-event,50,Stressed,0.50121787416088,0.775443011891963,0.0910595482660913,0.456981144414169,3.67573333333333,9.18933333333333,459.466666666667,13784,0.600333720255368,0,0,1,1
14,State-event,50,Stressed,0.492732238754382,0.828296865695435,0.101559217269909,0.449837093551317,3.67893333333333,9.19733333333333,459.866666666667,13796,0.595172513772108,0,0,1,1
15,State-event,50,Stressed,0.496532433599372,0.720486097175004,0.0809275385349969,0.45466732061762,3.6848,9.212,460.6,13818,0.601751338833406,0,0,1,1
16,State-event,50,Stressed,0.496825984021356,0.726411493337262,0.116694766756032,0.454013514986376,3.67466666666667,9.18666666666667,459.333333333333,13780,0.602902757619739,0,0,1,1
17,State-event,50,Stressed,0.496664473876905,0.716657642121761,0.108053598160382,0.455523560399637,3.66986666666667,9.17466666666667,458.733333333333,13762,0.598386862374655,0,0,1,1
18,State-event,50,Stressed,0.499161548641071,0.746895909788876,0.0982394444659156,0.457359709355132,3.6784,9.196,459.8,13794,0.597941133826301,0,0,1,1
19,State-event,50,Stressed,0.497304515792352,0.70813400650335,0.113394750779177,0.459692279745686,3.67146666666667,9.17866666666667,458.933333333333,13768,0.59507553747821,0,0,1,1
20,State-event,50,Stressed,0.497010450730224,0.726100695265251,0.112362155161569,0.456375004541326,3.6704,9.176,458.8,13764,0.599462365591398,0,0,1,1
1,Full-AoI,50,Stressed,0.260912615426044,0.327763616101657,0.32871105581289,0.212205849227974,14.4378666666667,36.0946666666667,1804.73333333333,54142,0.601695541354217,32459,0,1,0
2,Full-AoI,50,Stressed,0.261812361030494,0.329384111349427,0.332511088052376,0.21279527702089,14.4877333333333,36.2193333333333,1810.96666666667,54329,0.596679489775258,32304,0,1,0
3,Full-AoI,50,Stressed,0.26170672496692,0.330315524435913,0.33562203587883,0.212776966394187,14.4984,36.246,1812.3,54369,0.598134966617006,32404,0,1,0
4,Full-AoI,50,Stressed,0.262002044113625,0.328954349043175,0.337067776393943,0.212734968210717,14.4688,36.172,1808.6,54258,0.599063732537137,32395,0,1,0
5,Full-AoI,50,Stressed,0.26216463124047,0.33039745030267,0.336636251932762,0.212661435059037,14.5346666666667,36.3366666666667,1816.83333333333,54505,0.597101183377672,32418,0,1,0
6,Full-AoI,50,Stressed,0.261573704653999,0.329904611461693,0.334716567787115,0.212457402361489,14.4872,36.218,1810.9,54327,0.599296850553132,32447,0,1,0
7,Full-AoI,50,Stressed,0.261455259439824,0.329615410766913,0.336296520075176,0.212141180744777,14.4552,36.138,1806.9,54207,0.601306104377663,32477,0,1,0
8,Full-AoI,50,Stressed,0.261227119398165,0.328541441910341,0.338548977837384,0.212184050862851,14.4970666666667,36.2426666666667,1812.13333333333,54364,0.600893973953351,32557,0,1,0
9,Full-AoI,50,Stressed,0.260747702817007,0.330584019457711,0.337928580557118,0.211886575840145,14.4208,36.052,1802.6,54078,0.604460224120715,32565,0,1,0
10,Full-AoI,50,Stressed,0.261786798501525,0.330459684577049,0.336258363143348,0.212734968210717,14.4813333333333,36.2033333333333,1810.16666666667,54305,0.597642942638799,32342,0,1,0
11,Full-AoI,50,Stressed,0.260996370564068,0.331998812559379,0.33778908593044,0.212006612170753,14.4701333333333,36.1753333333333,1808.76666666667,54263,0.599635110480438,32414,0,1,0
12,Full-AoI,50,Stressed,0.26149990975297,0.325987608285793,0.33266375876863,0.212441998183469,14.4429333333333,36.1073333333333,1805.36666666667,54161,0.602186074850907,32494,0,1,0
13,Full-AoI,50,Stressed,0.261585276421398,0.32953959460633,0.333199222718347,0.21254532243415,14.4714666666667,36.1786666666667,1808.93333333333,54268,0.601459423601386,32509,0,1,0
14,Full-AoI,50,Stressed,0.261179792337013,0.330976781900596,0.336510363622484,0.212326612170753,14.4968,36.242,1812.1,54363,0.599139120357596,32452,0,1,0
15,Full-AoI,50,Stressed,0.260979743426517,0.33113623297875,0.335846001219623,0.212038873751135,14.4728,36.182,1809.1,54273,0.601532990621488,32530,0,1,0
16,Full-AoI,50,Stressed,0.261849032317011,0.330417993947777,0.333677660739424,0.212470481380563,14.5013333333333,36.2533333333333,1812.66666666667,54380,0.598859874954027,32441,0,1,0
17,Full-AoI,50,Stressed,0.261068940012233,0.32784401393046,0.335841328091528,0.211912733878292,14.464,36.16,1808,54240,0.6,32438,0,1,0
18,Full-AoI,50,Stressed,0.260791823263277,0.328225306498189,0.336325443678193,0.212074913714804,14.4714666666667,36.1786666666667,1808.93333333333,54268,0.601901673177563,32546,0,1,0
19,Full-AoI,50,Stressed,0.261753933501866,0.328480345859406,0.340515151936855,0.212553896457765,14.5162666666667,36.2906666666667,1814.53333333333,54436,0.597490631199941,32401,0,1,0
20,Full-AoI,50,Stressed,0.26108237207501,0.328930951790878,0.32871199823178,0.212031462306993,14.4645333333333,36.1613333333333,1808.06666666667,54242,0.602743261679142,32571,0,1,0
