seed,profile,scenario,RMSE,MAXERR,MINEVAL,AOI,TXRATE,TXCOUNT,PDR,FORMFAIL,SAFEFAIL
1,Periodic10Hz,Clean,0.0345249153681788,0.0454982947248595,0.554876179588722,0.0499636693914622,10,3600,1,0,0
2,Periodic10Hz,Clean,0.0345249153681788,0.0454982947248595,0.554876179588722,0.0499636693914622,10,3600,1,0,0
3,Periodic10Hz,Clean,0.0345249153681788,0.0454982947248595,0.554876179588722,0.0499636693914622,10,3600,1,0,0
4,Periodic10Hz,Clean,0.0345249153681788,0.0454982947248595,0.554876179588722,0.0499636693914622,10,3600,1,0,0
5,Periodic10Hz,Clean,0.0345249153681788,0.0454982947248595,0.554876179588722,0.0499636693914622,10,3600,1,0,0
6,Periodic10Hz,Clean,0.0345249153681788,0.0454982947248595,0.554876179588722,0.0499636693914622,10,3600,1,0,0
7,Periodic10Hz,Clean,0.0345249153681788,0.0454982947248595,0.554876179588722,0.0499636693914622,10,3600,1,0,0
8,Periodic10Hz,Clean,0.0345249153681788,0.0454982947248595,0.554876179588722,0.0499636693914622,10,3600,1,0,0
9,Periodic10Hz,Clean,0.0345249153681788,0.0454982947248595,0.554876179588722,0.0499636693914622,10,3600,1,0,0
10,Periodic10Hz,Clean,0.0345249153681788,0.0454982947248595,0.554876179588722,0.0499636693914622,10,3600,1,0,0
11,Periodic10Hz,Clean,0.0345249153681788,0.0454982947248595,0.554876179588722,0.0499636693914622,10,3600,1,0,0
12,Periodic10Hz,Clean,0.0345249153681788,0.0454982947248595,0.554876179588722,0.0499636693914622,10,3600,1,0,0
13,Periodic10Hz,Clean,0.0345249153681788,0.0454982947248595,0.554876179588722,0.0499636693914622,10,3600,1,0,0
14,Periodic10Hz,Clean,0.0345249153681788,0.0454982947248595,0.554876179588722,0.0499636693914622,10,3600,1,0,0
15,Periodic10Hz,Clean,0.0345249153681788,0.0454982947248595,0.554876179588722,0.0499636693914622,10,3600,1,0,0
16,Periodic10Hz,Clean,0.0345249153681788,0.0454982947248595,0.554876179588722,0.0499636693914622,10,3600,1,0,0
17,Periodic10Hz,Clean,0.0345249153681788,0.0454982947248595,0.554876179588722,0.0499636693914622,10,3600,1,0,0
18,Periodic10Hz,Clean,0.0345249153681788,0.0454982947248595,0.554876179588722,0.0499636693914622,10,3600,1,0,0
19,Periodic10Hz,Clean,0.0345249153681788,0.0454982947248595,0.554876179588722,0.0499636693914622,10,3600,1,0,0
20,Periodic10Hz,Clean,0.0345249153681788,0.0454982947248595,0.554876179588722,0.0499636693914622,10,3600,1,0,0
1,Periodic20Hz,Clean,0.0211627771768365,0.0306498291748195,0.572446386252435,0.0259854677565848,20,7200,1,0,0
2,Periodic20Hz,Clean,0.0211627771768365,0.0306498291748195,0.572446386252435,0.0259854677565848,20,7200,1,0,0
3,Periodic20Hz,Clean,0.0211627771768365,0.0306498291748195,0.572446386252435,0.0259854677565848,20,7200,1,0,0
4,Periodic20Hz,Clean,0.0211627771768365,0.0306498291748195,0.572446386252435,0.0259854677565848,20,7200,1,0,0
5,Periodic20Hz,Clean,0.0211627771768365,0.0306498291748195,0.572446386252435,0.0259854677565848,20,7200,1,0,0
6,Periodic20Hz,Clean,0.0211627771768365,0.0306498291748195,0.572446386252435,0.0259854677565848,20,7200,1,0,0
7,Periodic20Hz,Clean,0.0211627771768365,0.0306498291748195,0.572446386252435,0.0259854677565848,20,7200,1,0,0
8,Periodic20Hz,Clean,0.0211627771768365,0.0306498291748195,0.572446386252435,0.0259854677565848,20,7200,1,0,0
9,Periodic20Hz,Clean,0.0211627771768365,0.0306498291748195,0.572446386252435,0.0259854677565848,20,7200,1,0,0
10,Periodic20Hz,Clean,0.0211627771768365,0.0306498291748195,0.572446386252435,0.0259854677565848,20,7200,1,0,0
11,Periodic20Hz,Clean,0.0211627771768365,0.0306498291748195,0.572446386252435,0.0259854677565848,20,7200,1,0,0
12,Periodic20Hz,Clean,0.0211627771768365,0.0306498291748195,0.572446386252435,0.0259854677565848,20,7200,1,0,0
13,Periodic20Hz,Clean,0.0211627771768365,0.0306498291748195,0.572446386252435,0.0259854677565848,20,7200,1,0,0
14,Periodic20Hz,Clean,0.0211627771768365,0.0306498291748195,0.572446386252435,0.0259854677565848,20,7200,1,0,0
15,Periodic20Hz,Clean,0.0211627771768365,0.0306498291748195,0.572446386252435,0.0259854677565848,20,7200,1,0,0
16,Periodic20Hz,Clean,0.0211627771768365,0.0306498291748195,0.572446386252435,0.0259854677565848,20,7200,1,0,0
17,Periodic20Hz,Clean,0.0211627771768365,0.0306498291748195,0.572446386252435,0.0259854677565848,20,7200,1,0,0
18,Periodic20Hz,Clean,0.0211627771768365,0.0306498291748195,0.572446386252435,0.0259854677565848,20,7200,1,0,0
19,Periodic20Hz,Clean,0.0211627771768365,0.0306498291748195,0.572446386252435,0.0259854677565848,20,7200,1,0,0
20,Periodic20Hz,Clean,0.0211627771768365,0.0306498291748195,0.572446386252435,0.0259854677565848,20,7200,1,0,0
1,Periodic10Hz,Moderate,0.0943522333306272,0.122993622642407,0.480321481007082,0.153717832273691,10,3600,0.801388888888889,0,0
2,Periodic10Hz,Moderate,0.0946218882395765,0.127019679747548,0.479269687645013,0.153240993036633,10,3600,0.804722222222222,0,0
3,Periodic10Hz,Moderate,0.0952892173024325,0.123396512434818,0.47781203113016,0.154156827126854,10,3600,0.804444444444444,0,0
4,Periodic10Hz,Moderate,0.095833190562107,0.131515203025616,0.473487278013987,0.154830457160158,10,3600,0.798333333333333,0,0
5,Periodic10Hz,Moderate,0.0961989119538076,0.125101693830303,0.479832762713462,0.156760520738723,10,3600,0.790277777777778,0,0
6,Periodic10Hz,Moderate,0.094882660612001,0.12338888241168,0.482109026689378,0.154474719951559,10,3600,0.805277777777778,0,0
7,Periodic10Hz,Moderate,0.0944279825940334,0.126991832653139,0.483086072278048,0.153589161368453,10,3600,0.812777777777778,0,0
8,Periodic10Hz,Moderate,0.0952723833177468,0.124109889287761,0.47595251680192,0.155155918861641,10,3600,0.8,0,0
9,Periodic10Hz,Moderate,0.0967798368961661,0.127396105851432,0.48060720600191,0.157736905843173,10,3600,0.789444444444444,0,0
10,Periodic10Hz,Moderate,0.0960075653857162,0.125538665775714,0.481229845683555,0.15591280653951,10,3600,0.800277777777778,0,0
11,Periodic10Hz,Moderate,0.0948838375949558,0.124302474548013,0.478303460328366,0.153982742960945,10,3600,0.800555555555556,0,0
12,Periodic10Hz,Moderate,0.0955603372801443,0.127037192708581,0.484288643497561,0.154951559188617,10,3600,0.805555555555556,0,0
13,Periodic10Hz,Moderate,0.0966328918587939,0.126897399228455,0.479431407387151,0.155428398425674,10,3600,0.790277777777778,0,0
14,Periodic10Hz,Moderate,0.0956678830122623,0.124506602027161,0.480264302259306,0.155716015743264,10,3600,0.794722222222222,0,0
15,Periodic10Hz,Moderate,0.0967255802569206,0.128998947652298,0.476393565529574,0.155579775961247,10,3600,0.800833333333333,0,0
16,Periodic10Hz,Moderate,0.096538391335798,0.127225441993788,0.482521698756036,0.156207992733878,10,3600,0.793055555555556,0,0
17,Periodic10Hz,Moderate,0.0949895287755418,0.12373346600266,0.482843970692107,0.154822888283379,10,3600,0.803055555555556,0,0
18,Periodic10Hz,Moderate,0.0950309724701908,0.122726350348363,0.477326039952521,0.154421737814108,10,3600,0.793888888888889,0,0
19,Periodic10Hz,Moderate,0.0951262840105792,0.123288873876952,0.478962812895344,0.154943990311838,10,3600,0.800833333333333,0,0
20,Periodic10Hz,Moderate,0.0954089508736172,0.1256373947857,0.481606642230923,0.154565546472904,10,3600,0.798888888888889,0,0
1,Periodic20Hz,Moderate,0.0729726478028481,0.0935875475225283,0.508992580038909,0.118655767484105,20,7200,0.798055555555556,0,0
2,Periodic20Hz,Moderate,0.0726108455612898,0.0928123981575991,0.510078305950994,0.118148652739933,20,7200,0.800416666666667,0,0
3,Periodic20Hz,Moderate,0.0729268705961684,0.0928875052820625,0.508890671347192,0.118570996064184,20,7200,0.799861111111111,0,0
4,Periodic20Hz,Moderate,0.0728878064956624,0.0944976068479878,0.507958607558909,0.118471086890705,20,7200,0.79625,0,0
5,Periodic20Hz,Moderate,0.0730115119509957,0.093118225730905,0.507216037416376,0.118487738419618,20,7200,0.792361111111111,0,0
6,Periodic20Hz,Moderate,0.0729425294192324,0.09424936624359,0.508495878637213,0.118507417499243,20,7200,0.800138888888889,0,0
7,Periodic20Hz,Moderate,0.0727441823408771,0.0939147941362093,0.506731355755494,0.118378746594005,20,7200,0.803611111111111,0,0
8,Periodic20Hz,Moderate,0.0722738842924623,0.0921536426025861,0.509102418159352,0.117582500756888,20,7200,0.804583333333333,0,0
9,Periodic20Hz,Moderate,0.073004207182786,0.095192251613768,0.507974031133128,0.118240993036633,20,7200,0.802083333333333,0,0
10,Periodic20Hz,Moderate,0.0726892479734288,0.0931139474552214,0.509032793172907,0.118390856796851,20,7200,0.800694444444444,0,0
11,Periodic20Hz,Moderate,0.0728498150363839,0.0933709599439774,0.508369654832124,0.118399939448986,20,7200,0.799305555555555,0,0
12,Periodic20Hz,Moderate,0.0729620567727363,0.0933565720694496,0.507774115245922,0.118240993036633,20,7200,0.804583333333333,0,0
13,Periodic20Hz,Moderate,0.07285113737172,0.0933413573039549,0.507735568022643,0.117665758401453,20,7200,0.799444444444444,0,0
14,Periodic20Hz,Moderate,0.0728771079204766,0.0937145743257288,0.508021792933001,0.118525582803512,20,7200,0.795972222222222,0,0
15,Periodic20Hz,Moderate,0.0728346600314179,0.0930981509323949,0.507137548709613,0.118116863457463,20,7200,0.801388888888889,0,0
16,Periodic20Hz,Moderate,0.0732891587043791,0.0941127553688339,0.506166607298613,0.118673932788374,20,7200,0.797083333333333,0,0
17,Periodic20Hz,Moderate,0.0727757894087519,0.0936577164079824,0.507503291379922,0.117982137450802,20,7200,0.805,0,0
18,Periodic20Hz,Moderate,0.0726158788444625,0.0929320219222432,0.509132236902397,0.117765667574932,20,7200,0.795833333333333,0,0
19,Periodic20Hz,Moderate,0.072922346827635,0.0931800937943234,0.508624547927512,0.118505903723887,20,7200,0.796111111111111,0,0
20,Periodic20Hz,Moderate,0.0731386593738952,0.0938920060318086,0.508743306325876,0.118661822585528,20,7200,0.796666666666667,0,0
1,Periodic10Hz,Stressed,0.145351290843021,0.199368108415725,0.41818280528856,0.238754162882228,10,3600,0.591944444444444,1,0
2,Periodic10Hz,Stressed,0.145755448804379,0.258947462335416,0.407536523921197,0.228755676657584,10,3600,0.623333333333333,1,0
3,Periodic10Hz,Stressed,0.144387036743046,0.195340220447527,0.412709707468749,0.232222222222222,10,3600,0.604722222222222,1,0
4,Periodic10Hz,Stressed,0.144494767704027,0.198846859962296,0.417260681933926,0.235544959128065,10,3600,0.605833333333333,1,0
5,Periodic10Hz,Stressed,0.144333451120732,0.199381653049015,0.422265292945842,0.231465334544354,10,3600,0.606666666666667,1,0
6,Periodic10Hz,Stressed,0.143073684763544,0.195313730221536,0.424200053501108,0.23188919164396,10,3600,0.623333333333333,1,0
7,Periodic10Hz,Stressed,0.1502481273256,0.21201848051983,0.390950564745371,0.242773236451711,10,3600,0.585555555555556,1,0
8,Periodic10Hz,Stressed,0.146965635434149,0.197071993941061,0.414059742066815,0.238950953678474,10,3600,0.591388888888889,1,0
9,Periodic10Hz,Stressed,0.146990573626732,0.19478565106713,0.41910809680556,0.236165607023918,10,3600,0.590555555555556,1,0
10,Periodic10Hz,Stressed,0.143251767335829,0.183936163515959,0.421482095775918,0.23292612776264,10,3600,0.609722222222222,1,0
11,Periodic10Hz,Stressed,0.149180605594716,0.212474793662264,0.405799807103764,0.237580986981532,10,3600,0.596388888888889,1,0
12,Periodic10Hz,Stressed,0.144208723080224,0.203365214925076,0.405856399667093,0.232207084468665,10,3600,0.610833333333333,1,0
13,Periodic10Hz,Stressed,0.143078310617494,0.186567650424245,0.418962479923542,0.234280956706025,10,3600,0.596944444444444,1,0
14,Periodic10Hz,Stressed,0.150531959324644,0.216612427717791,0.39386600525608,0.242425068119891,10,3600,0.591111111111111,1,0
15,Periodic10Hz,Stressed,0.147284328130014,0.203339644163493,0.413806675338338,0.235930971843778,10,3600,0.611388888888889,1,0
16,Periodic10Hz,Stressed,0.142070637032937,0.189431716460153,0.423100540733856,0.234122010293672,10,3600,0.599166666666667,1,0
17,Periodic10Hz,Stressed,0.146852631768919,0.195519436910053,0.416377700177134,0.238247048138056,10,3600,0.595555555555556,1,0
18,Periodic10Hz,Stressed,0.151641091432033,0.207182318020018,0.401934188267602,0.244196185286104,10,3600,0.594722222222222,1,0
19,Periodic10Hz,Stressed,0.150753189612606,0.215147546345165,0.425056764984549,0.241592491674236,10,3600,0.584444444444444,1,0
20,Periodic10Hz,Stressed,0.146783032835686,0.193795953710605,0.423802517528908,0.236006660611565,10,3600,0.6075,1,0
1,Periodic20Hz,Stressed,0.110188327952282,0.144242691012769,0.462666272372264,0.178911595519225,20,7200,0.596388888888889,1,0
2,Periodic20Hz,Stressed,0.108544391282455,0.140378688587359,0.461829718975638,0.176866485013624,20,7200,0.61125,1,0
3,Periodic20Hz,Stressed,0.108811488269993,0.141023807541028,0.465153545832033,0.177151074780503,20,7200,0.604027777777778,1,0
4,Periodic20Hz,Stressed,0.109933299448116,0.141639269616364,0.462954037760854,0.17808961550106,20,7200,0.609861111111111,1,0
5,Periodic20Hz,Stressed,0.11087415668177,0.142740867524985,0.460823353838436,0.180186194368756,20,7200,0.597222222222222,1,0
6,Periodic20Hz,Stressed,0.109932767195639,0.141603623922485,0.465071284414474,0.177600666061157,20,7200,0.609722222222222,1,0
7,Periodic20Hz,Stressed,0.110195194514927,0.142190421015727,0.457878472982903,0.180331516802906,20,7200,0.588055555555556,1,0
8,Periodic20Hz,Stressed,0.110477389785322,0.142439053888212,0.460774912938255,0.179035725098396,20,7200,0.597638888888889,1,0
9,Periodic20Hz,Stressed,0.110147867982485,0.144617999911337,0.460666377557608,0.178484710868907,20,7200,0.5975,1,0
10,Periodic20Hz,Stressed,0.110010621020923,0.14166690814546,0.464887260893963,0.178648198607327,20,7200,0.60125,1,0
11,Periodic20Hz,Stressed,0.110617516651855,0.141871333576895,0.459498374137147,0.179382379654859,20,7200,0.596388888888889,1,0
12,Periodic20Hz,Stressed,0.110465389286386,0.146996799125713,0.468786638433657,0.179573115349682,20,7200,0.601805555555555,1,0
13,Periodic20Hz,Stressed,0.109676811693832,0.140909598563383,0.462214823938771,0.178907054193158,20,7200,0.597638888888889,1,0
14,Periodic20Hz,Stressed,0.110094897417187,0.142959308327009,0.460820383240971,0.180207387223736,20,7200,0.591111111111111,1,0
15,Periodic20Hz,Stressed,0.110534900948596,0.143734151432549,0.461239702129997,0.178189524674538,20,7200,0.604861111111111,1,0
16,Periodic20Hz,Stressed,0.11013329931408,0.140725095625661,0.464125584920543,0.180351195882531,20,7200,0.598055555555556,1,0
17,Periodic20Hz,Stressed,0.110164153747507,0.144533208585307,0.461073744209818,0.179791099000908,20,7200,0.588055555555556,1,0
18,Periodic20Hz,Stressed,0.11165149017153,0.145558103608592,0.455462536765026,0.180977898879806,20,7200,0.597361111111111,1,0
19,Periodic20Hz,Stressed,0.110416746330123,0.150508363146573,0.4525289214706,0.178405994550409,20,7200,0.598472222222222,1,0
20,Periodic20Hz,Stressed,0.111142806389525,0.142971920141754,0.459350875071613,0.179945504087193,20,7200,0.599861111111111,1,0
1,State-event,Clean,0.0792418217410357,0.0996251580418625,0.501895794781889,0.129969724492885,4.32777777777778,1558,1,0,0
2,State-event,Clean,0.0792418217410357,0.0996251580418625,0.501895794781889,0.129969724492885,4.32777777777778,1558,1,0,0
3,State-event,Clean,0.0792418217410357,0.0996251580418625,0.501895794781889,0.129969724492885,4.32777777777778,1558,1,0,0
4,State-event,Clean,0.0792418217410357,0.0996251580418625,0.501895794781889,0.129969724492885,4.32777777777778,1558,1,0,0
5,State-event,Clean,0.0792418217410357,0.0996251580418625,0.501895794781889,0.129969724492885,4.32777777777778,1558,1,0,0
6,State-event,Clean,0.0792418217410357,0.0996251580418625,0.501895794781889,0.129969724492885,4.32777777777778,1558,1,0,0
7,State-event,Clean,0.0792418217410357,0.0996251580418625,0.501895794781889,0.129969724492885,4.32777777777778,1558,1,0,0
8,State-event,Clean,0.0792418217410357,0.0996251580418625,0.501895794781889,0.129969724492885,4.32777777777778,1558,1,0,0
9,State-event,Clean,0.0792418217410357,0.0996251580418625,0.501895794781889,0.129969724492885,4.32777777777778,1558,1,0,0
10,State-event,Clean,0.0792418217410357,0.0996251580418625,0.501895794781889,0.129969724492885,4.32777777777778,1558,1,0,0
11,State-event,Clean,0.0792418217410357,0.0996251580418625,0.501895794781889,0.129969724492885,4.32777777777778,1558,1,0,0
12,State-event,Clean,0.0792418217410357,0.0996251580418625,0.501895794781889,0.129969724492885,4.32777777777778,1558,1,0,0
13,State-event,Clean,0.0792418217410357,0.0996251580418625,0.501895794781889,0.129969724492885,4.32777777777778,1558,1,0,0
14,State-event,Clean,0.0792418217410357,0.0996251580418625,0.501895794781889,0.129969724492885,4.32777777777778,1558,1,0,0
15,State-event,Clean,0.0792418217410357,0.0996251580418625,0.501895794781889,0.129969724492885,4.32777777777778,1558,1,0,0
16,State-event,Clean,0.0792418217410357,0.0996251580418625,0.501895794781889,0.129969724492885,4.32777777777778,1558,1,0,0
17,State-event,Clean,0.0792418217410357,0.0996251580418625,0.501895794781889,0.129969724492885,4.32777777777778,1558,1,0,0
18,State-event,Clean,0.0792418217410357,0.0996251580418625,0.501895794781889,0.129969724492885,4.32777777777778,1558,1,0,0
19,State-event,Clean,0.0792418217410357,0.0996251580418625,0.501895794781889,0.129969724492885,4.32777777777778,1558,1,0,0
20,State-event,Clean,0.0792418217410357,0.0996251580418625,0.501895794781889,0.129969724492885,4.32777777777778,1558,1,0,0
1,State-event,Moderate,0.165764358865801,0.228293478350337,0.384747715846755,0.268056312443233,4.30555555555556,1550,0.798064516129032,1,0
2,State-event,Moderate,0.164843934904086,0.22348650150186,0.402287223953757,0.271344232515895,4.3,1548,0.799741602067183,1,0
3,State-event,Moderate,0.165269124694012,0.242060955306128,0.392564630687531,0.269523160762943,4.29444444444444,1546,0.810478654592497,1,0
4,State-event,Moderate,0.173190378676166,0.254110847974081,0.389192254913685,0.278567968513473,4.28888888888889,1544,0.796632124352332,1,0
5,State-event,Moderate,0.173093951897911,0.238185484497829,0.370602180079652,0.281478958522555,4.27777777777778,1540,0.796103896103896,1,0
6,State-event,Moderate,0.164547486496972,0.237128719687133,0.392098487410106,0.26677565849228,4.30555555555556,1550,0.811612903225806,1,0
7,State-event,Moderate,0.162721087512432,0.221690315309924,0.394043829948739,0.266563729942476,4.30555555555556,1550,0.813548387096774,1,0
8,State-event,Moderate,0.172524307340171,0.234889551166518,0.392045544101408,0.280641840750832,4.28888888888889,1544,0.789507772020725,1,0
9,State-event,Moderate,0.173351382231249,0.253108899707606,0.36672766324869,0.276419921283681,4.28333333333333,1542,0.791828793774319,1,0
10,State-event,Moderate,0.167623181315719,0.232511824327717,0.39332486877809,0.270511656070239,4.3,1548,0.809431524547804,1,0
11,State-event,Moderate,0.17063435151334,0.235961449666679,0.391428609730849,0.276418407508326,4.28333333333333,1542,0.791180285343709,1,0
12,State-event,Moderate,0.165548120809322,0.232359980095974,0.389022509284555,0.274082652134423,4.28888888888889,1544,0.812176165803109,1,0
13,State-event,Moderate,0.168477618115588,0.244440313137918,0.37801553293114,0.277364517105662,4.3,1548,0.792635658914729,1,0
14,State-event,Moderate,0.170815768513751,0.237543419744433,0.386293549555727,0.278247048138056,4.3,1548,0.788113695090439,1,0
15,State-event,Moderate,0.166430141282256,0.245146642027369,0.380165983717252,0.280360278534665,4.3,1548,0.800387596899225,1,0
16,State-event,Moderate,0.167337378397708,0.231786829263867,0.403384297310105,0.276006660611565,4.27777777777778,1540,0.795454545454545,1,0
17,State-event,Moderate,0.159600075727274,0.216604015672592,0.403508147196122,0.26895246745383,4.29444444444444,1546,0.805950840879689,1,0
18,State-event,Moderate,0.171273654883225,0.243220431211794,0.356870994891243,0.281018770814411,4.3,1548,0.779715762273902,1,0
19,State-event,Moderate,0.168633704944489,0.231621225388878,0.374771195430733,0.270929458068423,4.28888888888889,1544,0.810880829015544,1,0
20,State-event,Moderate,0.172778058810894,0.26484180325258,0.355485564259644,0.276168634574629,4.28888888888889,1544,0.799222797927461,1,0
1,State-event,Stressed,0.257246011097273,0.395261824007573,0.285931007914409,0.42584165909779,4.21111111111111,1516,0.604881266490765,1,0
2,State-event,Stressed,0.270997585923012,0.480819613835779,0.256620029732865,0.427674841053588,4.21666666666667,1518,0.616600790513834,1,0
3,State-event,Stressed,0.266850769761294,0.406932189145425,0.265076954031585,0.432976082349379,4.20555555555556,1514,0.581902245706737,1,0
4,State-event,Stressed,0.241956750571733,0.366880884560809,0.300740033535765,0.412706630336058,4.25,1530,0.604575163398693,1,0
5,State-event,Stressed,0.254799178084562,0.353621223057802,0.2913155152827,0.41428247048138,4.20555555555556,1514,0.603038309114927,1,0
6,State-event,Stressed,0.244480650085368,0.368251674183882,0.247047564782073,0.409760823493793,4.21666666666667,1518,0.624505928853755,1,1
7,State-event,Stressed,0.270322276467379,0.382088386134018,0.266670673074388,0.458024523160763,4.20555555555556,1514,0.581902245706737,1,0
8,State-event,Stressed,0.248833089050366,0.368257024033295,0.282837150698895,0.427487132909476,4.21666666666667,1518,0.590909090909091,1,0
9,State-event,Stressed,0.271281595462432,0.408507301446473,0.264073339720663,0.447917045110506,4.20555555555556,1514,0.583883751651255,1,0
10,State-event,Stressed,0.255739680283263,0.403529700252516,0.293169050132863,0.422194974265819,4.22222222222222,1520,0.598684210526316,1,0
11,State-event,Stressed,0.265674094772298,0.409395909464618,0.260920430097372,0.450269452013321,4.22222222222222,1520,0.576315789473684,1,0
12,State-event,Stressed,0.26648815923843,0.383850659874633,0.29831672767306,0.437468967605207,4.22777777777778,1522,0.593955321944809,1,0
13,State-event,Stressed,0.251505595401816,0.358037395405017,0.272848313697261,0.410809869815319,4.2,1512,0.597222222222222,1,0
14,State-event,Stressed,0.2631055372874,0.403206055768008,0.214843086454905,0.438460490463215,4.21666666666667,1518,0.598155467720685,1,1
15,State-event,Stressed,0.254997842154408,0.360708361404424,0.279432914639924,0.424091734786557,4.22222222222222,1520,0.604605263157895,1,0
16,State-event,Stressed,0.249189235222577,0.418474416499095,0.266381354577132,0.400528307599152,4.22222222222222,1520,0.607236842105263,1,0
17,State-event,Stressed,0.259459868316266,0.375717939605115,0.226211900893343,0.433540720557069,4.21666666666667,1518,0.598155467720685,1,1
18,State-event,Stressed,0.244622691472572,0.385193263377107,0.322345179453846,0.408732970027248,4.22777777777778,1522,0.620236530880421,1,0
19,State-event,Stressed,0.253281964306223,0.400580886753367,0.275730763713384,0.416681804420224,4.22777777777778,1522,0.605124835742444,1,0
20,State-event,Stressed,0.266168620717365,0.512224101712946,0.259840754151449,0.421454738116863,4.17777777777778,1504,0.607047872340426,1,0
1,Full-AoI,Clean,0.037745281664961,0.0490563328285433,0.551274954028746,0.0600090826521344,8.41111111111111,3028,1,0,0
2,Full-AoI,Clean,0.037745281664961,0.0490563328285433,0.551274954028746,0.0600090826521344,8.41111111111111,3028,1,0,0
3,Full-AoI,Clean,0.037745281664961,0.0490563328285433,0.551274954028746,0.0600090826521344,8.41111111111111,3028,1,0,0
4,Full-AoI,Clean,0.037745281664961,0.0490563328285433,0.551274954028746,0.0600090826521344,8.41111111111111,3028,1,0,0
5,Full-AoI,Clean,0.037745281664961,0.0490563328285433,0.551274954028746,0.0600090826521344,8.41111111111111,3028,1,0,0
6,Full-AoI,Clean,0.037745281664961,0.0490563328285433,0.551274954028746,0.0600090826521344,8.41111111111111,3028,1,0,0
7,Full-AoI,Clean,0.037745281664961,0.0490563328285433,0.551274954028746,0.0600090826521344,8.41111111111111,3028,1,0,0
8,Full-AoI,Clean,0.037745281664961,0.0490563328285433,0.551274954028746,0.0600090826521344,8.41111111111111,3028,1,0,0
9,Full-AoI,Clean,0.037745281664961,0.0490563328285433,0.551274954028746,0.0600090826521344,8.41111111111111,3028,1,0,0
10,Full-AoI,Clean,0.037745281664961,0.0490563328285433,0.551274954028746,0.0600090826521344,8.41111111111111,3028,1,0,0
11,Full-AoI,Clean,0.037745281664961,0.0490563328285433,0.551274954028746,0.0600090826521344,8.41111111111111,3028,1,0,0
12,Full-AoI,Clean,0.037745281664961,0.0490563328285433,0.551274954028746,0.0600090826521344,8.41111111111111,3028,1,0,0
13,Full-AoI,Clean,0.037745281664961,0.0490563328285433,0.551274954028746,0.0600090826521344,8.41111111111111,3028,1,0,0
14,Full-AoI,Clean,0.037745281664961,0.0490563328285433,0.551274954028746,0.0600090826521344,8.41111111111111,3028,1,0,0
15,Full-AoI,Clean,0.037745281664961,0.0490563328285433,0.551274954028746,0.0600090826521344,8.41111111111111,3028,1,0,0
16,Full-AoI,Clean,0.037745281664961,0.0490563328285433,0.551274954028746,0.0600090826521344,8.41111111111111,3028,1,0,0
17,Full-AoI,Clean,0.037745281664961,0.0490563328285433,0.551274954028746,0.0600090826521344,8.41111111111111,3028,1,0,0
18,Full-AoI,Clean,0.037745281664961,0.0490563328285433,0.551274954028746,0.0600090826521344,8.41111111111111,3028,1,0,0
19,Full-AoI,Clean,0.037745281664961,0.0490563328285433,0.551274954028746,0.0600090826521344,8.41111111111111,3028,1,0,0
20,Full-AoI,Clean,0.037745281664961,0.0490563328285433,0.551274954028746,0.0600090826521344,8.41111111111111,3028,1,0,0
1,Full-AoI,Moderate,0.0968124133964689,0.124383777922016,0.481191704773256,0.157950348168332,11.2972222222222,4067,0.796901893287435,0,0
2,Full-AoI,Moderate,0.0970639501271536,0.12721531446832,0.478685141053234,0.157017862549198,11.1361111111111,4009,0.806684958842604,0,0
3,Full-AoI,Moderate,0.0973690676995882,0.124965025734696,0.47563321478474,0.157879200726612,11.2111111111111,4036,0.806491575817641,0,0
4,Full-AoI,Moderate,0.0971471888659939,0.124029969018351,0.476250792922199,0.157767181350288,11.2416666666667,4047,0.798616258957252,0,0
5,Full-AoI,Moderate,0.0985718831377763,0.128028777527889,0.474951604980168,0.159302149561005,11.3277777777778,4078,0.791319274153997,0,0
6,Full-AoI,Moderate,0.0971682742508031,0.125382648730263,0.477127701536045,0.157935210414774,11.2083333333333,4035,0.804956629491945,0,0
7,Full-AoI,Moderate,0.0971545833266794,0.128030535440152,0.47269998162382,0.157558280351196,11.1583333333333,4017,0.809559372666169,0,0
8,Full-AoI,Moderate,0.0976304099521513,0.129691292637038,0.475867351202514,0.157151074780502,11.2083333333333,4035,0.801734820322181,0,0
9,Full-AoI,Moderate,0.0977832259314702,0.126053196069944,0.476814707670985,0.158498334847109,11.2472222222222,4049,0.792294393677451,0,0
10,Full-AoI,Moderate,0.0982087323679004,0.128802606907937,0.473813732588381,0.158287920072661,11.2722222222222,4058,0.805076392311483,0,0
11,Full-AoI,Moderate,0.0977385304683094,0.127085752351993,0.477283581782559,0.157747502270663,11.2388888888889,4046,0.799802273850717,0,0
12,Full-AoI,Moderate,0.0974457793441703,0.125418290212777,0.474987778329534,0.158253103239479,11.2166666666667,4038,0.803615651312531,0,0
13,Full-AoI,Moderate,0.0976390105604241,0.126506854875426,0.478617165157093,0.1586148955495,11.3111111111111,4072,0.789538310412574,0,0
14,Full-AoI,Moderate,0.0975258152885242,0.128187500120354,0.477011369170232,0.158953981229185,11.2777777777778,4060,0.792118226600985,0,0
15,Full-AoI,Moderate,0.0973484928964038,0.126030564356403,0.477886547644664,0.158215258855586,11.2361111111111,4045,0.799505562422744,0,0
16,Full-AoI,Moderate,0.0986070081380596,0.127255347741808,0.47304697319846,0.158976687859522,11.3027777777778,4069,0.793069550258049,0,0
17,Full-AoI,Moderate,0.0978452482183832,0.128290497013329,0.47336118516767,0.158287920072661,11.1888888888889,4028,0.804865938430983,0,0
18,Full-AoI,Moderate,0.0972673331550067,0.127246212366562,0.472998170723595,0.158216772630941,11.2444444444444,4048,0.792243083003953,0,0
19,Full-AoI,Moderate,0.0978127353249459,0.125926549761309,0.476389379748972,0.158567968513472,11.2777777777778,4060,0.799014778325123,0,0
20,Full-AoI,Moderate,0.0980145920517707,0.125831685481938,0.477815798474778,0.158976687859522,11.2472222222222,4049,0.797233884909854,0,0
1,Full-AoI,Stressed,0.131963412681956,0.178831938552355,0.434652825200894,0.213387829246139,15.9361111111111,5737,0.595258846086805,1,0
2,Full-AoI,Stressed,0.129936415521967,0.167571063286593,0.434324052202311,0.21074931880109,15.6638888888889,5639,0.613406632381628,1,0
3,Full-AoI,Stressed,0.130343735177658,0.172991207211007,0.434975811927378,0.210846200423857,15.6777777777778,5644,0.604181431608788,1,0
4,Full-AoI,Stressed,0.131386003044851,0.172806687675184,0.435523359600294,0.212099606418407,15.7888888888889,5684,0.607318789584799,1,0
5,Full-AoI,Stressed,0.131469843911272,0.173348465282763,0.431599917965287,0.213539206781713,15.8111111111111,5692,0.600140548137737,1,0
6,Full-AoI,Stressed,0.130515899554382,0.169565251593588,0.440281587023583,0.212285800787163,15.6861111111111,5647,0.611652204710466,1,0
7,Full-AoI,Stressed,0.132148681600324,0.175311633350543,0.428775785424194,0.212217680896155,15.8111111111111,5692,0.590126493323963,1,0
8,Full-AoI,Stressed,0.130480639208975,0.170029009465975,0.430470799354042,0.212524977293369,15.7666666666667,5676,0.595489781536293,1,0
9,Full-AoI,Stressed,0.130705080482296,0.172655801134638,0.431158941464671,0.211341204965183,15.7083333333333,5655,0.59946949602122,1,0
10,Full-AoI,Stressed,0.130461313366909,0.167946673107534,0.439348440687138,0.211527399333938,15.7194444444444,5659,0.604347057784061,1,0
11,Full-AoI,Stressed,0.131619241375195,0.175339494958227,0.43359669090666,0.213077505298213,15.7472222222222,5669,0.591815134944435,1,0
12,Full-AoI,Stressed,0.130065736587084,0.16801538816599,0.439066132174019,0.212067817135937,15.6361111111111,5629,0.600461893764434,1,0
13,Full-AoI,Stressed,0.130329686798685,0.171523391505504,0.435992726394981,0.211587950348168,15.825,5697,0.598736176935229,1,0
14,Full-AoI,Stressed,0.13174098162236,0.171553277920961,0.429993155495613,0.213197093551317,15.8444444444444,5704,0.592566619915849,1,0
15,Full-AoI,Stressed,0.131281342192838,0.169444851418751,0.434164882372397,0.212042082954889,15.7638888888889,5675,0.605286343612335,1,0
16,Full-AoI,Stressed,0.130787851860198,0.168840333718319,0.434890361977341,0.212671813502876,15.9027777777778,5725,0.596681222707424,1,0
17,Full-AoI,Stressed,0.130934093728746,0.172776906537521,0.435061586460713,0.212294883439297,15.8666666666667,5712,0.593487394957983,1,0
18,Full-AoI,Stressed,0.131626645802379,0.176408766389334,0.424389789751047,0.213035119588253,15.8416666666667,5703,0.597755567245309,1,0
19,Full-AoI,Stressed,0.130487661787914,0.174218487953282,0.434547082286293,0.209877384196185,15.7638888888889,5675,0.597885462555066,1,0
20,Full-AoI,Stressed,0.130780237720281,0.172437146430184,0.434089753337058,0.211639418710263,15.825,5697,0.601895734597156,1,0
