node,targetX,targetY,displacement,minimumSweepSeparation,nearestNode,changedSenderEdges,nonincidentSenderEdges,affectedCount,changedSlotCount,oldColors,newColors,maxResponseBytes,geometryHash
2,0.75,0,0.15,0.45,6,3,1,5,2,6,6,46,1170249
7,0.45,0.6,0.15,0.45,3,4,2,6,4,6,6,56,1832410
9,-0.45,0.6,0.15,0.45,3,4,2,6,3,6,6,56,1286439
6,1.05,-0.0499999999999998,0.158113883008419,0.452769256906871,2,3,2,5,2,6,6,46,1642210
6,1.05,0.0499999999999998,0.158113883008419,0.452769256906871,2,3,2,5,2,6,6,46,2012322
3,-0.15,0.65,0.158113883008419,0.452769256906871,9,4,2,6,3,6,6,56,1617980
3,0.15,0.65,0.158113883008419,0.452769256906871,7,4,2,6,4,6,6,56,1525234
4,-0.65,0.15,0.158113883008419,0.452769256906871,9,2,2,4,2,6,6,46,1377872
3,-0.15,0.55,0.158113883008419,0.452769256906871,9,4,2,6,3,6,6,56,1731502
3,0.15,0.55,0.158113883008419,0.452769256906871,7,4,2,6,4,6,6,56,1661137
4,-0.55,0.15,0.158113883008419,0.452769256906871,9,2,2,4,2,6,6,46,1870243
2,0.75,-0.0499999999999998,0.158113883008419,0.452769256906871,6,3,1,5,2,6,6,46,1429185
2,0.75,0.0499999999999998,0.158113883008419,0.452769256906871,6,3,1,5,2,6,6,46,2114907
7,0.45,0.65,0.158113883008419,0.452769256906871,3,4,2,6,4,6,6,56,2069410
9,-0.45,0.65,0.158113883008419,0.452769256906871,3,4,2,6,3,6,6,56,2023192
7,0.45,0.55,0.158113883008419,0.452769256906871,3,4,2,6,4,6,6,56,2118054
9,-0.45,0.55,0.158113883008419,0.452769256906871,3,4,2,6,3,6,6,56,1624624
6,1.1,-0.15,0.180277563773199,0.522015325445528,2,3,2,5,2,6,6,46,1147995
6,1.1,0.15,0.180277563773199,0.522015325445528,2,3,2,5,2,6,6,46,1873395
6,1.05,-0.0999999999999999,0.180277563773199,0.460977222864644,2,3,2,5,2,6,6,46,1921068
6,1.05,0.0999999999999999,0.180277563773199,0.460977222864644,2,3,2,5,2,6,6,46,1990772
2,0.7,-0.15,0.180277563773199,0.522015325445527,6,3,1,5,2,6,6,46,1335195
2,0.7,0.15,0.180277563773199,0.460977222864644,7,4,2,5,2,6,6,56,1235390
3,-0.15,0.5,0.180277563773199,0.460977222864644,9,5,2,7,7,6,7,56,1954386
3,-0.15,0.7,0.180277563773199,0.460977222864644,9,6,2,7,4,6,7,56,2137045
3,0.15,0.5,0.180277563773199,0.460977222864644,7,5,2,7,5,6,7,56,1408218
3,0.15,0.7,0.180277563773199,0.460977222864644,7,6,2,7,5,6,7,56,2363721
4,-0.7,0.15,0.180277563773199,0.460977222864644,9,5,4,5,2,6,6,56,1553021
4,-0.5,0.15,0.180277563773199,0.460977222864644,9,2,2,4,2,6,6,46,1982169
2,0.75,-0.0999999999999999,0.180277563773199,0.460977222864644,6,3,1,5,2,6,6,46,1704093
2,0.75,0.0999999999999999,0.180277563773199,0.460977222864644,6,4,2,5,2,6,6,56,1254676
3,-0.0999999999999999,0.45,0.180277563773199,0.460977222864644,1,5,2,7,7,6,7,56,1760803
3,-0.0999999999999999,0.75,0.180277563773199,0.460977222864644,8,6,2,7,4,6,7,56,2256669
3,0.0999999999999999,0.45,0.180277563773199,0.460977222864644,1,5,2,7,5,6,7,56,2027222
3,0.0999999999999999,0.75,0.180277563773199,0.460977222864644,8,6,2,7,5,6,7,56,1873573
4,-0.75,0.0999999999999999,0.180277563773199,0.460977222864644,10,5,4,5,2,6,6,56,2146490
4,-0.45,0.0999999999999999,0.180277563773199,0.460977222864644,1,2,2,4,2,6,6,46,1572626
7,0.5,0.75,0.180277563773199,0.522015325445528,3,4,2,6,4,6,6,56,1633206
9,-0.5,0.75,0.180277563773199,0.522015325445528,3,4,2,6,3,6,6,56,2033007
7,0.45,0.5,0.180277563773199,0.460977222864644,3,5,2,6,5,6,7,56,1411270
7,0.45,0.7,0.180277563773199,0.460977222864644,3,4,2,6,4,6,6,56,1445066
7,0.5,0.45,0.180277563773199,0.460977222864644,2,5,2,6,5,6,7,56,1442860
9,-0.5,0.45,0.180277563773199,0.460977222864644,4,6,2,7,6,6,7,56,2055704
9,-0.45,0.5,0.180277563773199,0.460977222864644,3,6,2,7,6,6,7,56,2215441
9,-0.45,0.7,0.180277563773199,0.460977222864644,3,4,2,6,3,6,6,56,1714501
6,1.05,-0.15,0.212132034355964,0.474341649025257,2,3,2,5,2,6,6,46,1121365
6,1.05,0.15,0.212132034355964,0.474341649025257,2,3,2,5,2,6,6,46,1215235
2,0.75,-0.15,0.212132034355964,0.474341649025257,6,3,1,5,2,6,6,46,1796671
2,0.75,0.15,0.212132034355964,0.474341649025257,6,4,2,5,2,6,6,56,2150152
3,-0.15,0.45,0.212132034355964,0.474341649025257,1,5,2,7,7,6,7,56,1342966
3,-0.15,0.75,0.212132034355964,0.474341649025257,8,6,2,7,4,6,7,56,1397691
3,0.15,0.45,0.212132034355964,0.474341649025257,1,5,2,7,5,6,7,56,2345869
3,0.15,0.75,0.212132034355964,0.474341649025257,8,6,2,7,5,6,7,56,2365965
4,-0.75,0.15,0.212132034355964,0.474341649025257,10,5,4,5,2,6,6,56,1965648
4,-0.45,0.15,0.212132034355964,0.474341649025257,1,2,2,4,2,6,6,46,1924881
7,0.45,0.45,0.212132034355964,0.474341649025257,2,5,2,6,5,6,7,56,1559087
7,0.45,0.75,0.212132034355964,0.474341649025257,3,4,2,6,4,6,6,56,1248217
9,-0.45,0.45,0.212132034355964,0.474341649025257,3,6,2,7,6,6,7,56,1957452
9,-0.45,0.75,0.212132034355964,0.474341649025257,3,4,2,6,3,6,6,56,1231274
6,1.1,-0.2,0.223606797749979,0.53851648071345,2,3,2,5,2,6,6,46,1645663
6,1.1,0.2,0.223606797749979,0.53851648071345,2,3,2,5,2,6,6,46,1756855
2,0.7,-0.2,0.223606797749979,0.53851648071345,6,3,1,5,2,6,6,46,1357797
7,0.5,0.8,0.223606797749979,0.53851648071345,3,4,2,6,4,6,6,56,1266784
9,-0.5,0.8,0.223606797749979,0.53851648071345,3,4,2,6,3,6,6,56,1649517
6,1.05,-0.2,0.25,0.492442890089805,2,3,2,5,2,6,6,46,1207811
6,1.05,0.2,0.25,0.492442890089805,2,3,2,5,2,6,6,46,2121280
2,0.75,-0.2,0.25,0.492442890089805,6,3,1,5,2,6,6,46,1246705
7,0.45,0.8,0.25,0.492442890089805,3,4,2,6,4,6,6,56,1674774
9,-0.45,0.8,0.25,0.492442890089805,3,4,2,6,3,6,6,56,1260033
2,0.7,-0.25,0.269258240356725,0.557086014531156,6,3,1,5,2,6,6,46,1519560
6,1.1,-0.25,0.269258240356725,0.557086014531156,2,3,2,5,2,6,6,46,1809053
6,1.1,0.25,0.269258240356725,0.557086014531156,2,3,2,5,2,6,6,46,1191812
7,0.5,0.85,0.269258240356725,0.557086014531156,3,4,2,6,4,6,6,56,1926098
9,-0.5,0.85,0.269258240356725,0.557086014531156,3,4,2,6,3,6,6,56,1426616
2,0.8,-0.2,0.282842712474619,0.447213595499958,6,3,1,5,2,6,6,46,1105356
2,0.8,0.2,0.282842712474619,0.447213595499958,6,4,2,5,2,6,6,56,1737043
3,-0.2,0.8,0.282842712474619,0.447213595499958,8,6,2,7,4,6,7,56,1497148
3,0.2,0.8,0.282842712474619,0.447213595499958,7,6,2,7,5,6,7,56,2061426
4,-0.8,0.2,0.282842712474619,0.447213595499958,9,5,4,5,2,6,6,56,2173675
6,1,-0.2,0.282842712474619,0.447213595499958,2,3,2,5,2,6,6,46,2072933
6,1,0.2,0.282842712474619,0.447213595499958,2,3,2,5,2,6,6,46,2116552
3,-0.2,0.4,0.282842712474619,0.447213595499958,1,5,2,7,7,6,7,56,1802049
3,0.2,0.4,0.282842712474619,0.447213595499958,1,5,2,7,5,6,7,56,1443826
4,-0.4,0.2,0.282842712474619,0.447213595499958,1,2,2,4,2,6,6,46,1868472
7,0.4,0.8,0.282842712474619,0.447213595499958,3,4,2,6,4,6,6,56,1371540
9,-0.4,0.8,0.282842712474619,0.447213595499958,3,4,2,6,3,6,6,56,1745904
7,0.4,0.4,0.282842712474619,0.447213595499958,2,6,2,7,5,6,7,56,1772731
9,-0.4,0.4,0.282842712474619,0.447213595499958,3,7,2,8,7,6,7,56,2296123
6,1.05,-0.25,0.291547594742265,0.51478150704935,2,3,2,5,2,6,6,46,1948680
6,1.05,0.25,0.291547594742265,0.51478150704935,2,3,2,5,2,6,6,46,1908012
2,0.75,-0.25,0.291547594742265,0.51478150704935,6,3,1,5,2,6,6,46,1465399
7,0.45,0.85,0.291547594742265,0.51478150704935,3,4,2,6,4,6,6,56,2206152
9,-0.45,0.85,0.291547594742265,0.51478150704935,3,4,2,6,3,6,6,56,1953352
6,1.1,-0.3,0.316227766016838,0.569209978830308,2,3,2,5,2,6,6,46,1517825
6,1.1,0.3,0.316227766016838,0.569209978830308,2,3,2,5,2,6,6,46,1844027
2,0.7,-0.3,0.316227766016838,0.569209978830308,6,3,1,5,2,6,6,46,1618016
7,0.5,0.9,0.316227766016838,0.569209978830308,3,4,2,6,4,6,6,56,1797465
9,-0.5,0.9,0.316227766016838,0.569209978830308,3,4,2,6,3,6,6,56,1721492
2,0.8,-0.25,0.320156211871642,0.47169905660283,6,3,1,5,2,6,6,46,1928513
6,1,-0.25,0.320156211871642,0.47169905660283,2,3,2,5,2,6,6,46,1733119
6,1,0.25,0.320156211871642,0.47169905660283,2,3,2,5,2,6,6,46,1357358
7,0.4,0.85,0.320156211871643,0.47169905660283,3,4,2,6,4,6,6,56,1722058
9,-0.4,0.85,0.320156211871643,0.47169905660283,3,4,2,6,3,6,6,56,1921062
6,1.05,-0.3,0.335410196624968,0.53665631459995,2,3,2,5,2,6,6,46,2130874
6,1.05,0.3,0.335410196624968,0.53665631459995,2,3,2,5,2,6,6,46,1697816
2,0.75,-0.3,0.335410196624968,0.53665631459995,6,3,1,5,2,6,6,46,1244712
7,0.45,0.9,0.335410196624968,0.536656314599949,3,4,2,6,4,6,6,56,1864772
9,-0.45,0.9,0.335410196624968,0.536656314599949,3,4,2,6,3,6,6,56,1202723
2,0.85,-0.25,0.353553390593274,0.430116263352131,6,3,1,5,2,6,6,46,2077540
2,0.85,0.25,0.353553390593274,0.430116263352131,6,4,2,5,2,6,6,56,1416546
3,-0.25,0.85,0.353553390593274,0.430116263352131,8,6,2,7,4,6,7,56,1637765
3,0.25,0.85,0.353553390593274,0.430116263352131,7,6,2,7,5,6,7,56,2301868
4,-0.85,0.25,0.353553390593274,0.430116263352131,9,5,4,5,2,6,6,56,1826658
6,0.95,-0.25,0.353553390593274,0.430116263352131,2,3,2,5,2,6,6,46,1524712
6,0.95,0.25,0.353553390593274,0.430116263352131,2,3,2,5,2,6,6,46,1878482
3,-0.25,0.35,0.353553390593274,0.430116263352131,1,5,2,7,7,6,7,56,1774224
3,0.25,0.35,0.353553390593274,0.430116263352131,1,5,2,7,5,6,7,56,1773849
4,-0.35,0.25,0.353553390593274,0.430116263352131,1,2,2,4,2,6,6,46,1853806
7,0.35,0.85,0.353553390593274,0.430116263352131,3,4,2,6,4,6,6,56,1938813
9,-0.35,0.85,0.353553390593274,0.430116263352131,3,4,2,6,3,6,6,56,1712858
7,0.35,0.35,0.353553390593274,0.430116263352131,2,6,2,7,5,6,7,56,1840332
9,-0.35,0.35,0.353553390593274,0.430116263352131,3,7,2,8,7,6,7,56,1448899
2,0.8,-0.3,0.360555127546399,0.499230176602706,6,3,1,5,2,6,6,46,1795301
6,1,-0.3,0.360555127546399,0.499230176602706,2,3,2,5,2,6,6,46,1191159
6,1,0.3,0.360555127546399,0.499230176602706,2,3,2,5,2,6,6,46,1273706
7,0.4,0.9,0.360555127546399,0.499230176602706,3,4,2,6,4,6,6,56,2187874
9,-0.4,0.9,0.360555127546399,0.499230176602706,3,4,2,6,3,6,6,56,2226961
6,1.05,-0.35,0.380788655293195,0.551487018010835,2,3,2,5,2,6,6,46,1709101
2,0.75,-0.35,0.380788655293195,0.551487018010835,6,3,1,5,2,6,6,46,1606676
6,1.05,0.35,0.380788655293195,0.51478150704935,7,3,2,5,2,6,6,46,1157150
7,0.45,0.95,0.380788655293195,0.51478150704935,8,4,2,6,4,6,6,56,1329712
9,-0.45,0.95,0.380788655293195,0.51478150704935,8,4,2,6,3,6,6,56,1421815
2,0.85,-0.3,0.390512483795333,0.460932767758425,6,3,1,5,2,6,6,46,1561393
6,0.95,-0.3,0.390512483795333,0.460932767758425,2,3,2,5,2,6,6,46,1499902
6,0.95,0.3,0.390512483795333,0.460932767758425,2,3,2,5,2,6,6,46,1506454
7,0.35,0.9,0.390512483795333,0.460932767758425,3,4,2,6,4,6,6,56,1519814
9,-0.35,0.9,0.390512483795333,0.460932767758425,3,4,2,6,3,6,6,56,2049944
2,0.8,-0.35,0.403112887414927,0.520945885274675,6,3,1,5,2,6,6,46,2131720
6,1,-0.35,0.403112887414927,0.520945885274675,2,3,2,5,2,6,6,46,1182592
6,1,0.35,0.403112887414927,0.47169905660283,7,3,2,5,2,6,6,46,2013772
7,0.4,0.95,0.403112887414927,0.47169905660283,8,4,2,6,4,6,6,56,2067330
9,-0.4,0.95,0.403112887414927,0.47169905660283,8,4,2,6,3,6,6,56,1796525
6,1.05,-0.4,0.427200187265876,0.561797506541427,2,3,2,5,2,6,6,46,1352796
6,1.05,0.4,0.427200187265876,0.492442890089805,7,3,2,5,2,6,6,46,1645768
2,0.75,-0.4,0.427200187265876,0.561797506541427,6,3,1,5,2,6,6,46,1657082
7,0.45,1,0.427200187265877,0.492442890089805,8,4,2,6,4,6,6,56,2030697
9,-0.45,1,0.427200187265877,0.492442890089805,8,4,2,6,3,6,6,56,1201408
2,0.85,-0.35,0.430116263352131,0.488240082724041,6,3,1,5,2,6,6,46,1575291
6,0.95,-0.35,0.430116263352131,0.488240082724041,2,3,2,5,2,6,6,46,1980698
6,0.95,0.35,0.430116263352131,0.430116263352131,7,3,2,5,2,6,6,46,1588995
7,0.35,0.95,0.430116263352131,0.430116263352131,8,4,2,6,4,6,6,56,2001477
9,-0.35,0.95,0.430116263352131,0.430116263352131,8,4,2,6,3,6,6,56,2049741
2,0.8,-0.4,0.447213595499958,0.53665631459995,6,3,1,5,2,6,6,46,1759770
6,1,-0.4,0.447213595499958,0.53665631459995,2,3,2,5,2,6,6,46,1409203
6,1,0.4,0.447213595499958,0.447213595499958,7,3,2,5,2,6,6,46,1802023
7,0.4,1,0.447213595499958,0.447213595499958,8,4,2,6,4,6,6,56,1791413
9,-0.4,1,0.447213595499958,0.447213595499958,8,4,2,6,3,6,6,56,1552551
2,0.9,-0.35,0.460977222864644,0.455553961419178,6,3,1,5,2,6,6,46,1709553
6,0.9,-0.35,0.460977222864644,0.455553961419178,2,3,2,5,2,6,6,46,1344459
2,0.85,-0.4,0.47169905660283,0.508798982403053,6,3,1,5,2,6,6,46,1530664
6,0.95,-0.4,0.47169905660283,0.508798982403053,2,3,2,5,2,6,6,46,1785061
6,1.05,-0.45,0.474341649025257,0.569209978830308,2,3,2,5,2,6,6,46,1622565
6,1.05,0.45,0.474341649025257,0.474341649025257,7,3,2,5,2,6,6,46,1918570
2,0.75,-0.45,0.474341649025257,0.569209978830308,6,3,1,5,2,6,6,46,1283460
7,0.45,1.05,0.474341649025257,0.474341649025257,8,4,2,6,4,6,6,56,2146080
9,-0.45,1.05,0.474341649025257,0.474341649025257,8,4,2,6,3,6,6,56,1406598
2,0.8,-0.45,0.492442890089805,0.548286929172154,6,3,1,5,2,6,6,46,1150714
6,1,-0.45,0.492442890089805,0.548286929172154,2,3,2,5,2,6,6,46,1669490
2,0.9,-0.4,0.5,0.48,6,3,1,5,2,6,6,46,1138872
6,0.9,-0.4,0.5,0.48,2,3,2,5,2,6,6,46,1437009
2,0.85,-0.45,0.51478150704935,0.524494365672923,6,3,1,5,2,6,6,46,1717817
6,0.95,-0.45,0.51478150704935,0.524494365672923,2,3,2,5,2,6,6,46,1708936
2,0.95,-0.4,0.531507290636732,0.451546016824127,6,3,1,5,2,6,6,46,1409203
6,0.85,-0.4,0.531507290636732,0.451546016824127,2,3,2,5,2,6,6,46,1500817
2,0.8,-0.5,0.53851648071345,0.557086014531156,6,3,1,5,2,6,6,46,1112187
6,1,-0.5,0.53851648071345,0.557086014531156,2,3,2,5,2,6,6,46,1180176
2,0.9,-0.45,0.540832691319598,0.499230176602706,6,3,1,5,2,6,6,46,1124148
6,0.9,-0.45,0.540832691319598,0.499230176602706,2,3,2,5,2,6,6,46,1630718
2,0.85,-0.5,0.559016994374947,0.53665631459995,6,3,1,5,2,6,6,46,1706104
6,0.95,-0.5,0.559016994374947,0.53665631459995,2,3,2,5,2,6,6,46,1711249
2,0.95,-0.45,0.570087712549569,0.473611330425796,6,3,1,5,2,6,6,46,1360564
6,0.85,-0.45,0.570087712549569,0.473611330425796,2,3,2,5,2,6,6,46,1695607
2,0.9,-0.5,0.58309518948453,0.514495755427526,6,3,1,5,2,6,6,46,1774409
6,0.9,-0.5,0.58309518948453,0.514495755427526,2,3,2,5,2,6,6,46,1181875
2,0.8,-0.55,0.585234995535981,0.563876054093062,6,3,1,5,2,6,6,46,1382154
6,1,-0.55,0.585234995535981,0.563876054093062,2,3,2,5,2,6,6,46,1728218
2,1,-0.45,0.602079728939615,0.448445591210196,6,3,1,5,2,6,6,46,1747903
6,0.8,-0.45,0.602079728939615,0.448445591210196,2,3,2,5,2,6,6,46,1860204
2,0.85,-0.55,0.604152298679729,0.546219886477563,6,3,1,5,2,6,6,46,1164230
6,0.95,-0.55,0.604152298679729,0.546219886477563,2,3,2,5,2,6,6,46,1924671
2,0.95,-0.5,0.610327780786685,0.491539152311424,6,3,1,5,2,6,6,46,2126531
6,0.85,-0.5,0.610327780786685,0.491539152311424,2,3,2,5,2,6,6,46,2139497
2,0.9,-0.55,0.626498204307083,0.526737343748631,6,3,1,5,2,6,6,46,2132798
6,0.9,-0.55,0.626498204307083,0.526737343748631,2,3,2,5,2,6,6,46,2029150
2,0.8,-0.6,0.632455532033676,0.569209978830308,6,3,1,5,2,6,6,46,1740927
6,1,-0.6,0.632455532033676,0.569209978830308,2,3,2,5,2,6,6,46,1527889
2,1,-0.5,0.640312423743285,0.468521285665818,6,3,1,5,2,6,6,46,1224903
6,0.8,-0.5,0.640312423743285,0.468521285665818,2,3,2,5,2,6,6,46,1891468
2,0.85,-0.6,0.65,0.553846153846154,6,3,1,5,2,6,6,46,1761785
6,0.95,-0.6,0.65,0.553846153846154,2,3,2,5,2,6,6,46,1403103
2,0.95,-0.55,0.651920240520265,0.506196892639264,6,3,1,5,2,6,6,46,1445232
6,0.85,-0.55,0.651920240520265,0.506196892639264,2,3,2,5,2,6,6,46,1606946
2,0.9,-0.6,0.670820393249937,0.53665631459995,6,3,1,5,2,6,6,46,1368076
6,0.9,-0.6,0.670820393249937,0.53665631459995,2,3,2,5,2,6,6,46,1479148
6,0.75,-0.5,0.672681202353685,0.4459764877483,2,3,2,5,2,6,6,46,1750062
2,1.05,-0.5,0.672681202353686,0.4459764877483,6,3,1,5,2,6,6,46,1502422
2,1,-0.55,0.680073525436772,0.485241650581913,6,3,1,5,2,6,6,46,1283225
6,0.8,-0.55,0.680073525436772,0.485241650581913,2,3,2,5,2,6,6,46,1757712
2,0.95,-0.6,0.69462219947249,0.51826734053906,6,3,1,5,2,6,6,46,1770650
6,0.85,-0.6,0.69462219947249,0.51826734053906,2,3,2,5,2,6,6,46,1871082
2,0.85,-0.65,0.696419413859206,0.560007363721836,6,3,1,5,2,6,6,46,1172114
6,0.95,-0.65,0.696419413859206,0.560007363721836,2,3,2,5,2,6,6,46,1761060
2,1.05,-0.55,0.710633520177595,0.464374379521993,6,3,1,5,2,6,6,46,1342439
6,0.75,-0.55,0.710633520177595,0.464374379521993,2,3,2,5,2,6,6,46,1624812
2,0.9,-0.65,0.715891053163818,0.544775630700271,6,3,1,5,2,6,6,46,1526628
6,0.9,-0.65,0.715891053163818,0.544775630700271,2,3,2,5,2,6,6,46,1164955
2,1,-0.6,0.721110255092798,0.499230176602706,6,3,1,5,2,6,6,46,1838984
6,0.8,-0.6,0.721110255092798,0.499230176602706,2,3,2,5,2,6,6,46,1632620
2,0.95,-0.65,0.73824115301167,0.528282659953305,6,3,1,5,2,6,6,46,1142704
6,0.85,-0.65,0.73824115301167,0.528282659953305,2,3,2,5,2,6,6,46,2049339
2,0.85,-0.7,0.743303437365925,0.565045146956902,6,3,1,5,2,6,6,46,1512577
6,0.95,-0.7,0.743303437365925,0.565045146956902,2,3,2,5,2,6,6,46,1690797
6,0.7,-0.55,0.743303437365925,0.443964044037566,2,3,2,5,2,6,6,46,1666648
2,1.1,-0.55,0.743303437365925,0.443964044037566,6,3,1,5,2,6,6,46,1984710
2,1.05,-0.6,0.75,0.48,6,3,1,5,2,6,6,46,1476391
6,0.75,-0.6,0.75,0.48,2,3,2,5,2,6,6,46,2055311
2,0.9,-0.7,0.761577310586391,0.551487018010835,6,3,1,5,2,6,6,46,1543831
6,0.9,-0.7,0.761577310586391,0.551487018010835,2,3,2,5,2,6,6,46,1970242
2,1,-0.65,0.763216876123687,0.510994990022726,6,3,1,5,2,6,6,46,1129302
6,0.8,-0.65,0.763216876123687,0.510994990022726,2,3,2,5,2,6,6,46,1643877
6,0.7,-0.6,0.781024967590666,0.460932767758426,2,3,2,5,2,6,6,46,1832807
2,1.1,-0.6,0.781024967590666,0.460932767758425,6,3,1,5,2,6,6,46,1230942
2,0.95,-0.7,0.782623792124926,0.53665631459995,6,3,1,5,2,6,6,46,1167839
6,0.85,-0.7,0.782623792124926,0.53665631459995,2,3,2,5,2,6,6,46,1991971
2,1.05,-0.65,0.790569415042095,0.493315314986267,6,3,1,5,2,6,6,46,1832741
6,0.75,-0.65,0.790569415042095,0.493315314986267,2,3,2,5,2,6,6,46,1494911
2,0.85,-0.75,0.790569415042095,0.569209978830308,6,3,1,5,2,6,6,46,1324268
6,0.95,-0.75,0.790569415042095,0.569209978830308,2,3,2,5,2,6,6,46,1778529
2,1,-0.7,0.806225774829855,0.520945885274675,6,3,1,5,2,6,6,46,1529306
6,0.8,-0.7,0.806225774829855,0.520945885274675,2,3,2,5,2,6,6,46,1817741
2,0.9,-0.75,0.807774721070176,0.557086014531156,6,3,1,5,2,6,6,46,1198647
6,0.9,-0.75,0.807774721070176,0.557086014531156,2,3,2,5,2,6,6,46,1677747
2,1.15,-0.6,0.813941029804985,0.442292484120445,6,3,1,5,2,6,6,46,1495176
6,0.65,-0.6,0.813941029804985,0.442292484120445,2,3,2,5,2,6,6,46,1757526
2,1.1,-0.65,0.820060973342836,0.47557439346276,6,3,1,5,2,6,6,46,2035958
6,0.7,-0.65,0.820060973342836,0.47557439346276,2,3,2,5,2,6,6,46,2102952
2,0.95,-0.75,0.827647267862342,0.543709883997159,6,3,1,5,2,6,6,46,1105657
6,0.85,-0.75,0.827647267862342,0.543709883997159,2,3,2,5,2,6,6,46,1113178
6,0.75,-0.7,0.832165848854662,0.504707085225932,2,3,2,5,2,6,6,46,2119252
2,1.05,-0.7,0.832165848854662,0.504707085225932,6,3,1,5,2,6,6,46,1567806
2,1,-0.75,0.85,0.529411764705882,6,3,1,5,2,6,6,46,1140386
6,0.8,-0.75,0.85,0.529411764705882,2,3,2,5,2,6,6,46,1439628
2,1.15,-0.65,0.85146931829632,0.458031771221469,6,3,1,5,2,6,6,46,1244037
6,0.65,-0.65,0.85146931829632,0.458031771221469,2,3,2,5,2,6,6,46,1839195
2,0.9,-0.8,0.854400374531753,0.561797506541427,6,3,1,5,2,6,6,46,1441472
6,0.9,-0.8,0.854400374531753,0.561797506541427,2,3,2,5,2,6,6,46,1964027
6,0.7,-0.7,0.860232526704263,0.488240082724041,2,3,2,5,2,6,6,46,1314801
2,1.1,-0.7,0.860232526704263,0.488240082724041,6,3,1,5,2,6,6,46,1292969
2,0.95,-0.8,0.873212459828649,0.549694400941313,6,3,1,5,2,6,6,46,1154031
6,0.85,-0.8,0.873212459828649,0.549694400941313,2,3,2,5,2,6,6,46,1929245
6,0.75,-0.75,0.874642784226795,0.514495755427526,2,3,2,5,2,6,6,46,1214983
2,1.05,-0.75,0.874642784226795,0.514495755427526,6,3,1,5,2,6,6,46,1899305
2,1.2,-0.65,0.884590300647706,0.440882066776493,6,3,1,5,2,6,6,46,1809959
6,0.6,-0.65,0.884590300647706,0.440882066776493,2,3,2,5,2,6,6,46,1555130
2,1.15,-0.7,0.890224690738243,0.471791003293454,6,3,1,5,2,6,6,46,1812278
6,0.65,-0.7,0.890224690738243,0.471791003293454,2,3,2,5,2,6,6,46,1477196
2,1,-0.8,0.894427190999916,0.53665631459995,6,3,1,5,2,6,6,46,1285371
6,0.8,-0.8,0.894427190999916,0.53665631459995,2,3,2,5,2,6,6,46,1543703
2,0.9,-0.85,0.901387818865997,0.565794200149734,6,3,1,5,2,6,6,46,2129473
6,0.9,-0.85,0.901387818865997,0.565794200149734,2,3,2,5,2,6,6,46,2074713
2,1.1,-0.75,0.901387818865997,0.499230176602706,6,3,1,5,2,6,6,46,1466258
6,0.7,-0.75,0.901387818865997,0.499230176602706,2,3,2,5,2,6,6,46,1195707
6,0.75,-0.8,0.917877987534291,0.52294532227473,2,3,2,5,2,6,6,46,2017437
2,1.05,-0.8,0.917877987534291,0.522945322274729,6,3,1,5,2,6,6,46,1957646
2,0.95,-0.85,0.919238815542512,0.55480685908483,6,3,1,5,2,6,6,46,1422733
6,0.85,-0.85,0.919238815542512,0.55480685908483,2,3,2,5,2,6,6,46,1209837
2,1.2,-0.7,0.921954445729289,0.455553961419178,6,3,1,5,2,6,6,46,1913191
6,0.6,-0.7,0.921954445729289,0.455553961419178,2,3,2,5,2,6,6,46,1226941
2,1.15,-0.75,0.930053761886914,0.483842997513423,6,3,1,5,2,6,6,46,1959124
6,0.65,-0.75,0.930053761886914,0.483842997513423,2,3,2,5,2,6,6,46,2059297
2,1,-0.85,0.939414711402797,0.542891221320596,6,3,1,5,2,6,6,46,1664114
6,0.8,-0.85,0.939414711402797,0.542891221320596,2,3,2,5,2,6,6,46,1456438
6,0.7,-0.8,0.94339811320566,0.508798982403053,2,3,2,5,2,6,6,46,1281261
2,1.1,-0.8,0.94339811320566,0.508798982403053,6,3,1,5,2,6,6,46,2001229
2,0.9,-0.9,0.948683298050514,0.569209978830308,6,3,1,5,2,6,6,46,1519119
6,0.9,-0.9,0.948683298050514,0.569209978830308,2,3,2,5,2,6,6,46,1538798
2,1.25,-0.7,0.95524865872714,0.439676094975779,6,3,1,5,2,6,6,46,1933192
6,0.55,-0.7,0.95524865872714,0.439676094975779,2,3,2,5,2,6,6,46,1925632
10,-0.55,-0.7,0.95524865872714,0.439676094975779,4,4,2,5,1,6,6,56,1611240
2,1.2,-0.75,0.960468635614927,0.468521285665818,6,3,1,5,2,6,6,46,1592420
6,0.6,-0.75,0.960468635614927,0.468521285665818,2,3,2,5,2,6,6,46,1867769
2,1.05,-0.85,0.961769203083567,0.530272749808237,6,3,1,5,2,6,6,46,1092680
6,0.75,-0.85,0.961769203083567,0.530272749808237,2,3,2,5,2,6,6,46,1916723
2,0.95,-0.9,0.965660395791398,0.559202802924778,6,3,1,5,2,6,6,46,1671290
6,0.85,-0.9,0.965660395791398,0.559202802924778,2,3,2,5,2,6,6,46,1150346
2,1.15,-0.8,0.97082439194738,0.49442515451962,6,3,1,5,2,6,6,46,1672207
6,0.65,-0.8,0.97082439194738,0.49442515451962,2,3,2,5,2,6,6,46,1751631
2,1,-0.9,0.98488578017961,0.548286929172154,6,3,1,5,2,6,6,46,1236440
6,0.8,-0.9,0.98488578017961,0.548286929172154,2,3,2,5,2,6,6,46,2140219
6,0.7,-0.85,0.986154146165801,0.517160529094662,2,3,2,5,2,6,6,46,1432767
2,1.1,-0.85,0.986154146165801,0.517160529094662,6,3,1,5,2,6,6,46,1375511
2,1.25,-0.75,0.99247166206396,0.45341344967389,6,3,1,5,2,6,6,46,1905539
6,0.55,-0.75,0.99247166206396,0.45341344967389,2,3,2,5,2,6,6,46,2062614
2,1.2,-0.8,1,0.48,6,3,1,5,2,6,6,46,1120458
6,0.6,-0.8,1,0.48,2,3,2,5,2,6,6,46,2141384
6,0.75,-0.9,1.00623058987491,0.53665631459995,2,3,2,5,2,6,6,46,2097629
2,1.05,-0.9,1.00623058987491,0.536656314599949,6,3,1,5,2,6,6,46,1316249
2,1.15,-0.85,1.01242283656583,0.503742094291291,6,3,1,5,2,6,6,46,1926913
6,0.65,-0.85,1.01242283656583,0.503742094291291,2,3,2,5,2,6,6,46,1098550
2,0.95,-0.95,1.01242283656583,0.563005870090266,6,3,1,5,2,6,6,46,1701708
6,0.85,-0.95,1.01242283656583,0.563005870090266,2,3,2,5,2,6,6,46,1194780
6,0.5,-0.75,1.02591422643416,0.438633160945721,2,3,2,5,2,6,6,46,1720371
10,-0.5,-0.75,1.02591422643416,0.438633160945721,4,4,2,5,1,6,6,56,1599272
2,1.3,-0.75,1.02591422643416,0.438633160945721,6,3,1,5,2,6,6,46,1388464
6,0.7,-0.9,1.0295630140987,0.524494365672923,2,3,2,5,2,6,6,46,1725312
2,1.1,-0.9,1.0295630140987,0.524494365672923,6,3,1,5,2,6,6,46,1506470
2,1,-0.95,1.03077640640441,0.552981225082839,6,3,1,5,2,6,6,46,1362903
6,0.8,-0.95,1.03077640640441,0.552981225082839,2,3,2,5,2,6,6,46,1912064
2,1.25,-0.8,1.03077640640442,0.465668400069759,6,3,1,5,2,6,6,46,1607648
6,0.55,-0.8,1.03077640640442,0.465668400069759,2,3,2,5,2,6,6,46,1849654
2,1.2,-0.85,1.04043260233424,0.490180717958857,6,3,1,5,2,6,6,46,1676301
6,0.6,-0.85,1.04043260233424,0.490180717958857,2,3,2,5,2,6,6,46,1553897
6,0.75,-0.95,1.05118980208143,0.542242703336123,2,3,2,5,2,6,6,46,1618120
2,1.05,-0.95,1.05118980208143,0.542242703336123,6,3,1,5,2,6,6,46,1560426
2,1.15,-0.9,1.05475115548645,0.511969100191175,6,3,1,5,2,6,6,46,1143809
6,0.65,-0.9,1.05475115548645,0.511969100191175,2,3,2,5,2,6,6,46,1778709
2,0.95,-1,1.05948100502085,0.56631501381961,6,3,1,5,2,6,6,46,1458950
6,0.85,-1,1.05948100502085,0.56631501381961,2,3,2,5,2,6,6,46,1678862
6,0.5,-0.8,1.06301458127346,0.451546016824127,2,3,2,5,2,6,6,46,1804830
10,-0.5,-0.8,1.06301458127346,0.451546016824127,4,4,2,5,1,6,6,56,1195227
2,1.3,-0.8,1.06301458127346,0.451546016824127,6,3,1,5,2,6,6,46,1189959
2,1.25,-0.85,1.07004672795163,0.476614699786318,6,3,1,5,2,6,6,46,1535489
6,0.55,-0.85,1.07004672795163,0.476614699786318,2,3,2,5,2,6,6,46,1623394
2,1.1,-0.95,1.07354552767919,0.530950933429189,6,3,1,5,2,6,6,46,1540479
6,0.7,-0.95,1.07354552767919,0.530950933429189,2,3,2,5,2,6,6,46,1855588
2,1,-1,1.0770329614269,0.557086014531156,6,3,1,5,2,6,6,46,1640328
6,0.8,-1,1.0770329614269,0.557086014531156,2,3,2,5,2,6,6,46,2056190
2,1.2,-0.9,1.0816653826392,0.499230176602706,6,3,1,5,2,6,6,46,1587655
6,0.6,-0.9,1.0816653826392,0.499230176602706,2,3,2,5,2,6,6,46,2005856
6,0.75,-1,1.09658560997307,0.547152903105064,2,3,2,5,2,6,6,46,2128502
6,0.45,-0.8,1.09658560997307,0.437722322484051,2,3,2,5,2,6,6,46,1529370
10,-0.45,-0.8,1.09658560997307,0.437722322484051,4,4,2,5,1,6,6,56,1940247
2,1.05,-1,1.09658560997307,0.547152903105064,6,3,1,5,2,6,6,46,1384247
2,1.35,-0.8,1.09658560997307,0.437722322484051,6,3,1,5,2,6,6,46,1167429
2,1.15,-0.95,1.09772492000501,0.519255771288676,6,3,1,5,2,6,6,46,2052223
6,0.65,-0.95,1.09772492000501,0.519255771288676,2,3,2,5,2,6,6,46,1621448
2,1.3,-0.85,1.10113577727726,0.46315814137023,6,3,1,5,2,6,6,46,1323640
6,0.5,-0.85,1.10113577727726,0.46315814137023,2,3,2,5,2,6,6,46,1182559
10,-0.5,-0.85,1.10113577727726,0.46315814137023,4,4,2,5,1,6,6,56,1707966
2,0.95,-1.05,1.10679718105893,0.569209978830308,6,3,1,5,2,6,6,46,1108400
6,0.85,-1.05,1.10679718105893,0.569209978830308,2,3,2,5,2,6,6,46,1672353
2,1.25,-0.9,1.11018016555873,0.486407537039929,6,3,1,5,2,6,6,46,1609785
6,0.55,-0.9,1.11018016555873,0.486407537039929,2,3,2,5,2,6,6,46,1170436
6,0.7,-1,1.11803398874989,0.53665631459995,2,3,2,5,2,6,6,46,1151786
2,1.1,-1,1.11803398874989,0.536656314599949,6,3,1,5,2,6,6,46,1640437
2,1,-1.05,1.12361025271221,0.560692640957381,6,3,1,5,2,6,6,46,1499088
6,0.8,-1.05,1.12361025271221,0.560692640957381,2,3,2,5,2,6,6,46,1594803
2,1.2,-0.95,1.12361025271221,0.507293341818583,6,3,1,5,2,6,6,46,1176409
6,0.6,-0.95,1.12361025271221,0.507293341818583,2,3,2,5,2,6,6,46,1525914
6,0.45,-0.85,1.13357840487546,0.449902713219056,2,3,2,5,2,6,6,46,1683063
10,-0.45,-0.85,1.13357840487546,0.449902713219056,4,4,2,5,1,6,6,56,1399237
2,1.35,-0.85,1.13357840487546,0.449902713219055,6,3,1,5,2,6,6,46,2028808
6,0.5,-0.9,1.14017542509914,0.473611330425796,2,3,2,5,2,6,6,46,2009417
2,1.3,-0.9,1.14017542509914,0.473611330425796,6,3,1,5,2,6,6,46,1451267
2,1.15,-1,1.14127122105133,0.525729545205988,6,3,1,5,2,6,6,46,1609300
6,0.65,-1,1.14127122105133,0.525729545205988,2,3,2,5,2,6,6,46,1673475
2,1.05,-1.05,1.14236596587959,0.551487018010835,6,3,1,5,2,6,6,46,1575168
6,0.75,-1.05,1.14236596587959,0.551487018010835,2,3,2,5,2,6,6,46,2002313
2,1.25,-0.95,1.15108644332213,0.495184356749899,6,3,1,5,2,6,6,46,1905894
6,0.55,-0.95,1.15108644332213,0.495184356749899,2,3,2,5,2,6,6,46,1903988
2,1.1,-1.05,1.1629703349613,0.541716311294358,6,3,1,5,2,6,6,46,1777400
6,0.7,-1.05,1.1629703349613,0.541716311294358,2,3,2,5,2,6,6,46,1969039
2,1.2,-1,1.16619037896906,0.514495755427526,6,3,1,5,2,6,6,46,1194495
6,0.6,-1,1.16619037896906,0.514495755427526,2,3,2,5,2,6,6,46,1657338
2,1.4,-0.85,1.16726175299288,0.436919995615682,6,3,1,5,2,6,6,46,1159442
6,0.4,-0.85,1.16726175299288,0.436919995615682,2,3,2,5,2,6,6,46,1578502
10,-0.4,-0.85,1.16726175299288,0.436919995615682,4,4,2,5,1,6,6,56,1455774
2,1,-1.1,1.17046999107196,0.563876054093062,6,3,1,5,2,6,6,46,2131391
6,0.8,-1.1,1.17046999107196,0.563876054093062,2,3,2,5,2,6,6,46,1321249
2,1.35,-0.9,1.171537451386,0.460932767758425,6,3,1,5,2,6,6,46,1341168
6,0.45,-0.9,1.171537451386,0.460932767758425,2,3,2,5,2,6,6,46,1922949
10,-0.45,-0.9,1.171537451386,0.460932767758425,4,4,2,5,1,6,6,56,1238548
6,0.5,-0.95,1.18004237212059,0.483033502412021,2,3,2,5,2,6,6,46,1202061
2,1.3,-0.95,1.18004237212059,0.483033502412021,6,3,1,5,2,6,6,46,1838380
2,1.15,-1.05,1.18532695911297,0.531498921168093,6,3,1,5,2,6,6,46,1688995
6,0.65,-1.05,1.18532695911297,0.531498921168093,2,3,2,5,2,6,6,46,1136942
6,0.75,-1.1,1.18848643240047,0.555328173723406,2,3,2,5,2,6,6,46,1175155
2,1.05,-1.1,1.18848643240047,0.555328173723406,6,3,1,5,2,6,6,46,1506049
2,1.25,-1,1.19268604418766,0.503066169780382,6,3,1,5,2,6,6,46,1506264
6,0.55,-1,1.19268604418766,0.503066169780382,2,3,2,5,2,6,6,46,1339782
