seed,method,scenario,RMSE,MAXERR,MINEVAL,AOI,TXRATE,TXCOUNT,ACKRATE,ACKCOUNT,PDR,VIOLATIONS,POSTRIG,VELTRIG,AOITRIG,TIMEOUTTRIG,MEANSCALE,MINSCALE,ESTAOI,SUPPRINFLIGHT,MEANOUTST,MAXOUTST,ACKCUMGAIN,DUPACK,HARDRATIO,ADAPTRATIO,REFRESHRATIO,CDBLOCKED,INFLBLOCKED,STALEACKDISC,FORMFAIL,SAFEFAIL
1,P10,Clean,0.0345249153681788,0.0454982947248595,0.554876179588722,0.0499636693914622,10,3600,0,0,1,0,0,0,0,0,NaN,NaN,NaN,NaN,NaN,NaN,NaN,NaN,NaN,NaN,NaN,NaN,NaN,0,0,0
2,P10,Clean,0.0345249153681788,0.0454982947248595,0.554876179588722,0.0499636693914622,10,3600,0,0,1,0,0,0,0,0,NaN,NaN,NaN,NaN,NaN,NaN,NaN,NaN,NaN,NaN,NaN,NaN,NaN,0,0,0
3,P10,Clean,0.0345249153681788,0.0454982947248595,0.554876179588722,0.0499636693914622,10,3600,0,0,1,0,0,0,0,0,NaN,NaN,NaN,NaN,NaN,NaN,NaN,NaN,NaN,NaN,NaN,NaN,NaN,0,0,0
1,P20,Clean,0.0211627771768365,0.0306498291748195,0.572446386252435,0.0259854677565848,20,7200,0,0,1,0,0,0,0,0,NaN,NaN,NaN,NaN,NaN,NaN,NaN,NaN,NaN,NaN,NaN,NaN,NaN,0,0,0
2,P20,Clean,0.0211627771768365,0.0306498291748195,0.572446386252435,0.0259854677565848,20,7200,0,0,1,0,0,0,0,0,NaN,NaN,NaN,NaN,NaN,NaN,NaN,NaN,NaN,NaN,NaN,NaN,NaN,0,0,0
3,P20,Clean,0.0211627771768365,0.0306498291748195,0.572446386252435,0.0259854677565848,20,7200,0,0,1,0,0,0,0,0,NaN,NaN,NaN,NaN,NaN,NaN,NaN,NaN,NaN,NaN,NaN,NaN,NaN,0,0,0
1,A1 State-event,Clean,0.0792418217410357,0.0996251580418625,0.501895794781889,0.129969724492885,4.32777777777778,1558,0,0,1,0,0.9602053915276,0.0397946084724005,0,0,NaN,NaN,NaN,NaN,NaN,NaN,NaN,NaN,NaN,NaN,NaN,NaN,NaN,0,0,0
2,A1 State-event,Clean,0.0792418217410357,0.0996251580418625,0.501895794781889,0.129969724492885,4.32777777777778,1558,0,0,1,0,0.9602053915276,0.0397946084724005,0,0,NaN,NaN,NaN,NaN,NaN,NaN,NaN,NaN,NaN,NaN,NaN,NaN,NaN,0,0,0
3,A1 State-event,Clean,0.0792418217410357,0.0996251580418625,0.501895794781889,0.129969724492885,4.32777777777778,1558,0,0,1,0,0.9602053915276,0.0397946084724005,0,0,NaN,NaN,NaN,NaN,NaN,NaN,NaN,NaN,NaN,NaN,NaN,NaN,NaN,0,0,0
1,Ideal-AoI,Clean,0.037745281664961,0.0490563328285433,0.551274954028746,0.0600090826521344,8.41111111111111,3028,0,0,1,0,0.0700132100396301,0.00858652575957728,0.921400264200793,0,0.495836109260521,0.375,NaN,NaN,NaN,NaN,NaN,NaN,NaN,NaN,NaN,NaN,NaN,0,0,0
2,Ideal-AoI,Clean,0.037745281664961,0.0490563328285433,0.551274954028746,0.0600090826521344,8.41111111111111,3028,0,0,1,0,0.0700132100396301,0.00858652575957728,0.921400264200793,0,0.495836109260521,0.375,NaN,NaN,NaN,NaN,NaN,NaN,NaN,NaN,NaN,NaN,NaN,0,0,0
3,Ideal-AoI,Clean,0.037745281664961,0.0490563328285433,0.551274954028746,0.0600090826521344,8.41111111111111,3028,0,0,1,0,0.0700132100396301,0.00858652575957728,0.921400264200793,0,0.495836109260521,0.375,NaN,NaN,NaN,NaN,NaN,NaN,NaN,NaN,NaN,NaN,NaN,0,0,0
1,A2c Fixed-OL,Clean,0.0444279179105767,0.0569849735394846,0.544052937981103,0.0700544959128065,7.42222222222222,2672,7.42222222222222,2672,1,0,0.0793413173652695,0.00973053892215569,0.910928143712575,0,0.5,0.5,0.0700472297910993,0,0,0,1,0,0,0,0,0,0,0,0,0
2,A2c Fixed-OL,Clean,0.0444279179105767,0.0569849735394846,0.544052937981103,0.0700544959128065,7.42222222222222,2672,7.42222222222222,2672,1,0,0.0793413173652695,0.00973053892215569,0.910928143712575,0,0.5,0.5,0.0700472297910993,0,0,0,1,0,0,0,0,0,0,0,0,0
3,A2c Fixed-OL,Clean,0.0444279179105767,0.0569849735394846,0.544052937981103,0.0700544959128065,7.42222222222222,2672,7.42222222222222,2672,1,0,0.0793413173652695,0.00973053892215569,0.910928143712575,0,0.5,0.5,0.0700472297910993,0,0,0,1,0,0,0,0,0,0,0,0,0
1,A3c Adapt-OL,Clean,0.037745281664961,0.0490563328285433,0.551274954028746,0.0600090826521344,8.41111111111111,3028,8.41111111111111,3028,1,0,0.0700132100396301,0.00858652575957728,0.921400264200793,0,0.495836109260521,0.375,0.0600054495912814,0,0,0,1.00132275132275,0,0,0,0,0,0,0,0,0
2,A3c Adapt-OL,Clean,0.037745281664961,0.0490563328285433,0.551274954028746,0.0600090826521344,8.41111111111111,3028,8.41111111111111,3028,1,0,0.0700132100396301,0.00858652575957728,0.921400264200793,0,0.495836109260521,0.375,0.0600054495912814,0,0,0,1.00132275132275,0,0,0,0,0,0,0,0,0
3,A3c Adapt-OL,Clean,0.037745281664961,0.0490563328285433,0.551274954028746,0.0600090826521344,8.41111111111111,3028,8.41111111111111,3028,1,0,0.0700132100396301,0.00858652575957728,0.921400264200793,0,0.495836109260521,0.375,0.0600054495912814,0,0,0,1.00132275132275,0,0,0,0,0,0,0,0,0
1,A4c Dual-mem,Clean,0.037745281664961,0.0490563328285433,0.551274954028746,0.0600090826521344,8.41111111111111,3028,8.41111111111111,3028,1,0,0.0700132100396301,0.00858652575957728,0.921400264200793,0,0.495836109260521,0.375,0.0799945504087201,0,0,0,1.00132275132275,0,0,0,0,0,0,0,0,0
2,A4c Dual-mem,Clean,0.037745281664961,0.0490563328285433,0.551274954028746,0.0600090826521344,8.41111111111111,3028,8.41111111111111,3028,1,0,0.0700132100396301,0.00858652575957728,0.921400264200793,0,0.495836109260521,0.375,0.0799945504087201,0,0,0,1.00132275132275,0,0,0,0,0,0,0,0,0
3,A4c Dual-mem,Clean,0.037745281664961,0.0490563328285433,0.551274954028746,0.0600090826521344,8.41111111111111,3028,8.41111111111111,3028,1,0,0.0700132100396301,0.00858652575957728,0.921400264200793,0,0.495836109260521,0.375,0.0799945504087201,0,0,0,1.00132275132275,0,0,0,0,0,0,0,0,0
1,A5c Innov-pri,Clean,0.0383171251773151,0.0496234471531398,0.55068721207118,0.0599818346957312,8.43888888888889,3038,8.43888888888889,3038,1,0,0.0704410796576695,0.00855826201448321,0.903884134298881,0,0.496052631578975,0.474999999999989,0.0800054495912814,0,0,0,1.00197889182058,0,0.0789993416721527,0.903884134298881,0.0171165240289664,0,0,0,0,0
2,A5c Innov-pri,Clean,0.0383171251773151,0.0496234471531398,0.55068721207118,0.0599818346957312,8.43888888888889,3038,8.43888888888889,3038,1,0,0.0704410796576695,0.00855826201448321,0.903884134298881,0,0.496052631578975,0.474999999999989,0.0800054495912814,0,0,0,1.00197889182058,0,0.0789993416721527,0.903884134298881,0.0171165240289664,0,0,0,0,0
3,A5c Innov-pri,Clean,0.0383171251773151,0.0496234471531398,0.55068721207118,0.0599818346957312,8.43888888888889,3038,8.43888888888889,3038,1,0,0.0704410796576695,0.00855826201448321,0.903884134298881,0,0.496052631578975,0.474999999999989,0.0800054495912814,0,0,0,1.00197889182058,0,0.0789993416721527,0.903884134298881,0.0171165240289664,0,0,0,0,0
1,P10,Moderate,0.0956711855142559,0.124983848331451,0.477283112110429,0.155034816833182,10,3600,0,0,0.798888888888889,0,0,0,0,0,NaN,NaN,NaN,NaN,NaN,NaN,NaN,NaN,NaN,NaN,NaN,NaN,NaN,0,0,0
2,P10,Moderate,0.0959031869099733,0.13367259594351,0.483957648974255,0.156669694217378,10,3600,0,0,0.793333333333333,0,0,0,0,0,NaN,NaN,NaN,NaN,NaN,NaN,NaN,NaN,NaN,NaN,NaN,NaN,NaN,0,0,0
3,P10,Moderate,0.0940918073582001,0.123611028410415,0.484845012938182,0.153558885861338,10,3600,0,0,0.802222222222222,0,0,0,0,0,NaN,NaN,NaN,NaN,NaN,NaN,NaN,NaN,NaN,NaN,NaN,NaN,NaN,0,0,0
1,P20,Moderate,0.0729358860101472,0.0944474013965605,0.507611325681648,0.118486224644263,20,7200,0,0,0.79625,0,0,0,0,0,NaN,NaN,NaN,NaN,NaN,NaN,NaN,NaN,NaN,NaN,NaN,NaN,NaN,0,0,0
2,P20,Moderate,0.0730539013877547,0.09547215156598,0.510091240290732,0.1189842567363,20,7200,0,0,0.796388888888889,0,0,0,0,0,NaN,NaN,NaN,NaN,NaN,NaN,NaN,NaN,NaN,NaN,NaN,NaN,NaN,0,0,0
3,P20,Moderate,0.0724360727802756,0.0938716686990132,0.510754177867948,0.11802906448683,20,7200,0,0,0.799305555555555,0,0,0,0,0,NaN,NaN,NaN,NaN,NaN,NaN,NaN,NaN,NaN,NaN,NaN,NaN,NaN,0,0,0
1,A1 State-event,Moderate,0.162380711848132,0.2294570184015,0.400498785927466,0.268283378746594,4.29444444444444,1546,0,0,0.807244501940492,0,0.963777490297542,0.036222509702458,0,0,NaN,NaN,NaN,NaN,NaN,NaN,NaN,NaN,NaN,NaN,NaN,NaN,NaN,0,1,0
2,A1 State-event,Moderate,0.165733811570378,0.302572495176891,0.400996026428439,0.271214047835301,4.29444444444444,1546,0,0,0.817593790426908,0,0.966364812419146,0.0336351875808538,0,0,NaN,NaN,NaN,NaN,NaN,NaN,NaN,NaN,NaN,NaN,NaN,NaN,NaN,0,1,0
3,A1 State-event,Moderate,0.172504879173203,0.250335904090901,0.379140241441159,0.274553436270058,4.29444444444444,1546,0,0,0.794307891332471,0,0.965071151358344,0.0349288486416559,0,0,NaN,NaN,NaN,NaN,NaN,NaN,NaN,NaN,NaN,NaN,NaN,NaN,NaN,0,1,0
1,Ideal-AoI,Moderate,0.0980790037462098,0.128553300740409,0.478954845945453,0.158796548592189,11.2305555555556,4043,0,0,0.797674993816473,0,0.34355676477863,0.0267128370022261,0.629730398219144,0,0.406059848989564,0.2,NaN,NaN,NaN,NaN,NaN,NaN,NaN,NaN,NaN,NaN,NaN,0,0,0
2,Ideal-AoI,Moderate,0.0973539164662624,0.125837604717496,0.476684345983613,0.157897366030881,11.2166666666667,4038,0,0,0.803615651312531,0,0.341258048538881,0.0257553244180287,0.632986627043091,0,0.407461692205199,0.2,NaN,NaN,NaN,NaN,NaN,NaN,NaN,NaN,NaN,NaN,NaN,0,0,0
3,Ideal-AoI,Moderate,0.097599563955651,0.128434704646497,0.477040811011571,0.157821677263094,11.2222222222222,4040,0,0,0.802722772277228,0,0.342079207920792,0.0267326732673267,0.631188118811881,0,0.406826004885635,0.2,NaN,NaN,NaN,NaN,NaN,NaN,NaN,NaN,NaN,NaN,NaN,0,0,0
1,A2c Fixed-OL,Moderate,0.112849222115367,0.158713704564901,0.462752266416409,0.185313351498638,7.48333333333333,2694,5.96666666666667,2148,0.799183370452858,0,0.0720118782479584,0.00965107646622123,0.91833704528582,0,0.5,0.5,0.0690190735694826,0.33538751943149,1.30007772596047,6,1.25619448340346,0,0,0,0,0,0,0,1,0
2,A2c Fixed-OL,Moderate,0.115605228844496,0.160005023581454,0.456624695568169,0.185154405086285,7.47777777777778,2692,5.91944444444444,2131,0.793462109955424,0,0.0720653789004458,0.00965824665676077,0.918276374442793,0,0.5,0.5,0.0690190735694827,0.339884521430158,1.30007772596047,6,1.26258823529412,0,0,0,0,0,0,0,1,0
3,A2c Fixed-OL,Moderate,0.112220832994051,0.1645402723546,0.454763173017438,0.18217680896155,7.52222222222222,2708,6.06388888888889,2183,0.807607090103397,0,0.0709010339734121,0.00960118168389956,0.919497784342688,0,0.5,0.5,0.0684232515894645,0.327781479013991,1.29580279813458,6,1.24183908045977,0,0,0,0,0,0,0,1,0
1,A3c Adapt-OL,Moderate,0.105671334890514,0.146710604385977,0.469840162230284,0.172995761429004,8.30555555555556,2990,6.53888888888889,2354,0.790635451505017,0,0.0648829431438127,0.00869565217391304,0.926421404682274,0,0.495019986675578,0.424999999999994,0.0611970935513177,0.349544747945814,1.41688874083944,6,1.26842778014487,0,0,0,0,0,0,0,1,0
2,A3c Adapt-OL,Moderate,0.104826446198488,0.14133915026486,0.47305533181434,0.171074780502573,8.29444444444444,2986,6.56111111111111,2362,0.794038847957133,0,0.0649698593436035,0.0087073007367716,0.926322839919625,0,0.494939484787948,0.424999999999999,0.0612261580381478,0.343604263824117,1.41239173884077,6,1.26188455008489,0,0,0,0,0,0,0,1,0
3,A3c Adapt-OL,Moderate,0.103215939123004,0.136988240298101,0.465122575841394,0.167552225249773,8.32222222222222,2996,6.73333333333333,2424,0.811748998664886,0,0.0647530040053405,0.00867823765020027,0.926568758344459,0,0.495153231179242,0.424999999999999,0.0609645776566764,0.332889184987786,1.38962913613147,8,1.23643892339545,0,0,0,0,0,0,0,1,0
1,A4c Dual-mem,Moderate,0.0997141099258737,0.136328199768343,0.469326159755176,0.161330608537693,9.07222222222222,3266,7.28611111111111,2623,0.806184935701163,0,0.0471524800979792,0.00796080832823025,0.944886711573791,0,0.259805962691491,0.2,0.241736603088103,0.299133910726183,1.49850099933378,5,1.24531190202832,0,0,0,0,0,0,0,0,0
2,A4c Dual-mem,Moderate,0.100580579321299,0.134275193680122,0.476213538370641,0.163829851650015,9.07222222222222,3266,7.21944444444444,2599,0.798224127372933,0,0.0489895897121862,0.00796080832823025,0.943049601959584,0,0.259267432822513,0.2,0.244326975476841,0.30540750610704,1.50832778147901,6,1.25685592893009,0,0,0,0,0,0,0,1,0
3,A4c Dual-mem,Moderate,0.100835564487148,0.134677570292687,0.469423611138179,0.164635180139267,9.07222222222222,3266,7.19444444444444,2590,0.79485609308022,0,0.0453153704837722,0.00796080832823025,0.946723821187998,0,0.259098101265773,0.2,0.24484650317893,0.306129247168554,1.52387297357317,6,1.26103795507359,0,0,0,0,0,0,0,1,0
1,A5c Innov-pri,Moderate,0.0876136051440154,0.113207736959221,0.490999529608387,0.14210566151983,13.3472222222222,4805,10.6194444444444,3823,0.797710718002081,0,0,0.00374609781477627,0.996253902185224,0,0.283064068398799,0.2,0.22126612170754,0.144958916278037,2.101321341328,9,1.25622869131917,0,0.00374609781477627,0.996253902185224,0,10222,10224,0,0,0
2,A5c Innov-pri,Moderate,0.0874562739283046,0.11571508334666,0.491835196841599,0.14168331819558,13.3472222222222,4805,10.6888888888889,3848,0.802913631633715,0,0,0.00374609781477627,0.996253902185224,0,0.283348600932665,0.2,0.221451407811083,0.144625805018876,2.09588052409505,8,1.24798124511592,0,0.00374609781477627,0.996253902185224,0,10237,10238,0,0,0
3,A5c Innov-pri,Moderate,0.0868921582691082,0.11132748672989,0.492088095741904,0.141020284589767,13.3222222222222,4796,10.7472222222222,3869,0.808798999165972,0,0,0.00375312760633862,0.996246872393661,0,0.283737230735019,0.2,0.220158038147141,0.142960248723074,2.08200088829669,10,1.23976153447382,0,0.00375312760633862,0.996246872393661,0,10212,10215,0,0,0
1,P10,Stressed,0.148609477412976,0.194841276135087,0.414655371754712,0.239987889797154,10,3600,0,0,0.603055555555556,0,0,0,0,0,NaN,NaN,NaN,NaN,NaN,NaN,NaN,NaN,NaN,NaN,NaN,NaN,NaN,0,1,0
2,P10,Stressed,0.147962517528297,0.198804186306734,0.420260886664247,0.23621102028459,10,3600,0,0,0.6,0,0,0,0,0,NaN,NaN,NaN,NaN,NaN,NaN,NaN,NaN,NaN,NaN,NaN,NaN,NaN,0,1,0
3,P10,Stressed,0.144090167216293,0.206065580860414,0.42304658747262,0.231964880411747,10,3600,0,0,0.604722222222222,0,0,0,0,0,NaN,NaN,NaN,NaN,NaN,NaN,NaN,NaN,NaN,NaN,NaN,NaN,NaN,0,1,0
1,P20,Stressed,0.110917725806408,0.147037158606366,0.4622093863588,0.179006963366636,20,7200,0,0,0.601944444444444,0,0,0,0,0,NaN,NaN,NaN,NaN,NaN,NaN,NaN,NaN,NaN,NaN,NaN,NaN,NaN,0,1,0
2,P20,Stressed,0.109873953747229,0.141922287828247,0.463573825904921,0.17793672419013,20,7200,0,0,0.596944444444444,0,0,0,0,0,NaN,NaN,NaN,NaN,NaN,NaN,NaN,NaN,NaN,NaN,NaN,NaN,NaN,0,1,0
3,P20,Stressed,0.110955828802019,0.142819930844987,0.457553522277664,0.179235543445353,20,7200,0,0,0.600555555555556,0,0,0,0,0,NaN,NaN,NaN,NaN,NaN,NaN,NaN,NaN,NaN,NaN,NaN,NaN,NaN,0,1,0
1,A1 State-event,Stressed,0.268738123342137,0.416592556323047,0.277882268563777,0.434187102633969,4.21666666666667,1518,0,0,0.593544137022398,0,0.964426877470356,0.0355731225296443,0,0,NaN,NaN,NaN,NaN,NaN,NaN,NaN,NaN,NaN,NaN,NaN,NaN,NaN,0,1,0
2,A1 State-event,Stressed,0.241895090416124,0.389164852333773,0.310403109511977,0.41197093551317,4.20555555555556,1514,0,0,0.633421400264201,0,0.964332892998679,0.035667107001321,0,0,NaN,NaN,NaN,NaN,NaN,NaN,NaN,NaN,NaN,NaN,NaN,NaN,NaN,0,1,0
3,A1 State-event,Stressed,0.257957152166013,0.358274975404694,0.30291449455843,0.428088101725704,4.2,1512,0,0,0.599867724867725,0,0.961640211640212,0.0383597883597884,0,0,NaN,NaN,NaN,NaN,NaN,NaN,NaN,NaN,NaN,NaN,NaN,NaN,NaN,0,1,0
1,Ideal-AoI,Stressed,0.129744322781264,0.169351505272097,0.434938686951098,0.210732667272176,15.6388888888889,5630,0,0,0.614742451154529,0,0.605150976909414,0.0271758436944938,0.367673179396092,0,0.332665722851415,0.2,NaN,NaN,NaN,NaN,NaN,NaN,NaN,NaN,NaN,NaN,NaN,0,1,0
2,Ideal-AoI,Stressed,0.129897659191214,0.170583704343898,0.432721651790983,0.211624280956706,15.7277777777778,5662,0,0,0.600671140939597,0,0.612151183327446,0.0268456375838926,0.361003179088661,0,0.331158394403713,0.2,NaN,NaN,NaN,NaN,NaN,NaN,NaN,NaN,NaN,NaN,NaN,0,1,0
3,Ideal-AoI,Stressed,0.130846843033136,0.171958569329913,0.434674419812981,0.212344838026037,15.8944444444444,5722,0,0,0.593149248514505,0,0.62233484795526,0.0253407899335897,0.35232436211115,0,0.330086886520077,0.2,NaN,NaN,NaN,NaN,NaN,NaN,NaN,NaN,NaN,NaN,NaN,0,1,0
1,A2c Fixed-OL,Stressed,0.175304896850416,0.236007327434362,0.381764938501506,0.286141386618226,7.48333333333333,2694,4.50833333333333,1623,0.603563474387528,0,0.0653303637713437,0.00965107646622123,0.925018559762435,0,0.5,0.5,0.0683578564940967,0.770541860981568,2.31362425049967,11,1.65491651205937,0,0,0,0,0,0,0,1,0
2,A2c Fixed-OL,Stressed,0.171375819016449,0.234434480280655,0.377855004297518,0.283359067514381,7.46666666666667,2688,4.46111111111111,1606,0.599702380952381,0,0.0632440476190476,0.00967261904761905,0.927083333333333,0,0.5,0.5,0.0685649409627616,0.768432156340218,2.29907839218299,12,1.66604244694132,0,0,0,0,0,0,0,1,0
3,A2c Fixed-OL,Stressed,0.175875316865959,0.246699042767565,0.366111608417139,0.281080835603996,7.5,2700,4.49722222222222,1619,0.600740740740741,0,0.062962962962963,0.00962962962962963,0.927407407407407,0,0.5,0.5,0.0682234332425073,0.767266266933156,2.3167332889185,12,1.65841584158416,0,0,0,0,0,0,0,1,0
1,A3c Adapt-OL,Stressed,0.164416038105728,0.227963108754109,0.403848304752658,0.262272176808961,8.15555555555556,2936,4.96111111111111,1786,0.611376021798365,0,0.0599455040871935,0.00885558583106267,0.931198910081744,0,0.49381801021544,0.375,0.0626503178928253,0.800410837219631,2.4231623362203,9,1.63799887577291,0,0,0,0,0,0,0,1,0
2,A3c Adapt-OL,Stressed,0.160813283396772,0.226605534161776,0.393220641616229,0.26274144716924,8.17222222222222,2942,4.93611111111111,1777,0.60707002039429,0,0.0543847722637661,0.008837525492862,0.936777702243372,0,0.494062291805492,0.375000000000001,0.0625631244323348,0.80540750610704,2.42699311570064,8,1.65254237288136,0,0,0,0,0,0,0,1,0
3,A3c Adapt-OL,Stressed,0.165350050000971,0.237766294557024,0.377803855147511,0.264019073569482,8.15,2934,4.84444444444444,1744,0.596796182685753,0,0.0579413769597819,0.00886162235855487,0.933197000681663,0,0.493837441705559,0.375,0.0625958219800188,0.801743282256274,2.46513435487453,11,1.67548906789413,0,0,0,0,0,0,0,1,0
1,A4c Dual-mem,Stressed,0.153849500389153,0.209712088860539,0.407823539004441,0.244710868907054,9.07222222222222,3266,5.56388888888889,2003,0.616044090630741,0,0.0361298224127373,0.00857317819963258,0.95529699938763,0,0.201798800799405,0.2,0.363522252497726,0.742727070841661,2.589551410171,9,1.6265664160401,0,0,0,0,0,0,0,1,0
2,A4c Dual-mem,Stressed,0.150881139742209,0.201849528486145,0.408302291096399,0.245581289736603,9.06666666666667,3264,5.44722222222222,1961,0.603553921568627,0,0.0361519607843137,0.0079656862745098,0.955882352941177,0,0.201798800799405,0.2,0.36702452316076,0.740783921829891,2.60909393737508,10,1.65848670756646,0,0,0,0,0,0,0,1,0
3,A4c Dual-mem,Stressed,0.159056978269086,0.216366239331343,0.383743724482584,0.253012412957917,9.07222222222222,3266,5.43333333333333,1956,0.601041028781384,0,0.033680342927128,0.00796080832823025,0.958358848744642,0,0.201798800799405,0.2,0.368839237057217,0.744559182767044,2.65039973351099,11,1.66307692307692,0,0,0,0,0,0,0,1,0
1,A5c Innov-pri,Stressed,0.116604358301606,0.152103466116724,0.455774103605808,0.188996366939146,18.2777777777778,6580,10.9777777777778,3952,0.603495440729483,0,0,0.00273556231003039,0.99726443768997,0,0.201798800799405,0.2,0.310463215258852,0.623417721518987,4.65162114146125,15,1.66268732537465,0,0.00273556231003039,0.99726443768997,0,7460,7460,0,1,0
2,A5c Innov-pri,Stressed,0.115656427389706,0.151359006588793,0.456341907515736,0.189196185286104,18.2333333333333,6564,10.9972222222222,3959,0.60588056063376,0,0,0.00274223034734918,0.997257769652651,0,0.201798800799405,0.2,0.310256130790187,0.622140795025539,4.63357761492338,16,1.65694726166329,0,0.00274223034734918,0.997257769652651,0,7452,7452,0,1,0
3,A5c Innov-pri,Stressed,0.116519821519209,0.155283837460911,0.446688199679092,0.189109900090826,18.2055555555556,6554,10.8638888888889,3911,0.599023497101007,0,0,0.00274641440341776,0.997253585596582,0,0.201798800799405,0.2,0.309046321525882,0.624861203642016,4.63157894736842,17,1.67308185783936,0,0.00274641440341776,0.997253585596582,0,7470,7470,0,1,0
