seed,method,arm,scenario,RMSE,MINSEP,SAFEFAIL,DIVERGED,ROLLPEAK,PITCHPEAK,SATURATION,CONTROLEFFORT,LAGERR,DATARATE,ACKRATE,TRUEAOI,ESTAOI,MASSRATIO,DRAGRATIO,AEXTRMS,AEXTPEAK,INVARIANTS
1,P10,B0 nominal,Clean,0.0360644929479548,0.552258954099122,0,0,9.63660690664737,12.3218113420818,0,1.01541611487189,NaN,100,NaN,0.0499636693914622,NaN,1,1,0,0,0
2,P10,B0 nominal,Clean,0.0360644929479548,0.552258954099122,0,0,9.63660690664737,12.3218113420818,0,1.01541611487189,NaN,100,NaN,0.0499636693914622,NaN,1,1,0,0,0
3,P10,B0 nominal,Clean,0.0360644929479548,0.552258954099122,0,0,9.63660690664737,12.3218113420818,0,1.01541611487189,NaN,100,NaN,0.0499636693914622,NaN,1,1,0,0,0
1,P20,B0 nominal,Clean,0.0253751088131474,0.56836970877481,0,0,9.40856994244785,12.0860366953605,0,1.01545355785888,NaN,200,NaN,0.0259854677565848,NaN,1,1,0,0,0
2,P20,B0 nominal,Clean,0.0253751088131474,0.56836970877481,0,0,9.40856994244785,12.0860366953605,0,1.01545355785888,NaN,200,NaN,0.0259854677565848,NaN,1,1,0,0,0
3,P20,B0 nominal,Clean,0.0253751088131474,0.56836970877481,0,0,9.40856994244785,12.0860366953605,0,1.01545355785888,NaN,200,NaN,0.0259854677565848,NaN,1,1,0,0,0
1,State-event,B0 nominal,Clean,0.0823051474578866,0.497441307228487,0,0,9.47284841478022,12.354583926693,0,1.01540075823686,NaN,43.4333333333333,NaN,0.130069028156222,NaN,1,1,0,0,0
2,State-event,B0 nominal,Clean,0.0823051474578866,0.497441307228487,0,0,9.47284841478022,12.354583926693,0,1.01540075823686,NaN,43.4333333333333,NaN,0.130069028156222,NaN,1,1,0,0,0
3,State-event,B0 nominal,Clean,0.0823051474578866,0.497441307228487,0,0,9.47284841478022,12.354583926693,0,1.01540075823686,NaN,43.4333333333333,NaN,0.130069028156222,NaN,1,1,0,0,0
1,Causal-v3,B0 nominal,Clean,0.0413792333665601,0.545626153048688,0,0,9.60630316782996,12.2341950886941,0,1.01541068965597,NaN,84.4666666666667,84.4666666666667,0.0600054495912808,0.080054495912807,1,1,0,0,0
2,Causal-v3,B0 nominal,Clean,0.0413792333665601,0.545626153048688,0,0,9.60630316782996,12.2341950886941,0,1.01541068965597,NaN,84.4666666666667,84.4666666666667,0.0600054495912808,0.080054495912807,1,1,0,0,0
3,Causal-v3,B0 nominal,Clean,0.0413792333665601,0.545626153048688,0,0,9.60630316782996,12.2341950886941,0,1.01541068965597,NaN,84.4666666666667,84.4666666666667,0.0600054495912808,0.080054495912807,1,1,0,0,0
1,P10,B1 wind 0.5,Clean,0.263563577955314,0.120927806479095,1,0,9.56625789478924,11.956353780406,0,1.01429823037189,NaN,100,NaN,0.0499636693914622,NaN,1,1,0.399316819220562,0.735235027922676,0
2,P10,B1 wind 0.5,Clean,0.251404872853105,0.324372580361797,0,0,9.54243679056547,11.8822843694694,0,1.01298812138919,NaN,100,NaN,0.0499636693914622,NaN,1,1,0.41862123110859,0.792937235203666,0
3,P10,B1 wind 0.5,Clean,0.211545467829466,0.385252889242927,0,0,9.58797888384985,12.4127323974955,0,1.01873984489722,NaN,100,NaN,0.0499636693914622,NaN,1,1,0.353360439845632,0.715635266721257,0
1,P20,B1 wind 0.5,Clean,0.264310789436222,0.133932685826488,1,0,9.41293776528066,11.7302368770578,0,1.01433083123131,NaN,200,NaN,0.0259854677565848,NaN,1,1,0.399316819220562,0.735235027922676,0
2,P20,B1 wind 0.5,Clean,0.256065570310007,0.329302516644458,0,0,9.36209046972651,11.7462947062356,0,1.013084300829,NaN,200,NaN,0.0259854677565848,NaN,1,1,0.41862123110859,0.792937235203666,0
3,P20,B1 wind 0.5,Clean,0.214032896447797,0.376411885908517,0,0,9.37672604051376,12.2049793024086,0,1.01881334690949,NaN,200,NaN,0.0259854677565848,NaN,1,1,0.353360439845632,0.715635266721257,0
1,State-event,B1 wind 0.5,Clean,0.271104713403167,0.0712591462249719,1,0,9.28305962560016,11.9946122388208,0,1.0143114961124,NaN,44.9666666666667,NaN,0.132643051771117,NaN,1,1,0.399316819220562,0.735235027922676,0
2,State-event,B1 wind 0.5,Clean,0.245088895707851,0.303037506994416,0,0,9.41490837089598,11.8594796448057,0,1.01287456427578,NaN,44.4666666666667,NaN,0.130227066303361,NaN,1,1,0.41862123110859,0.792937235203666,0
3,State-event,B1 wind 0.5,Clean,0.212666957237867,0.381834811537588,0,0,9.47780638361559,12.4116636160051,0,1.01863087026309,NaN,44.5,NaN,0.131863760217984,NaN,1,1,0.353360439845632,0.715635266721257,0
1,Causal-v3,B1 wind 0.5,Clean,0.263524977325337,0.115732714567839,1,0,9.51721070482504,11.8610955616722,0,1.01429179202309,NaN,84.4333333333333,84.4333333333333,0.0600326975476841,0.0800613079019079,1,1,0.399316819220562,0.735235027922676,0
2,Causal-v3,B1 wind 0.5,Clean,0.249753170641931,0.322307496106105,0,0,9.44873222122814,11.8809600583894,0,1.01297844524343,NaN,84.8333333333333,84.8333333333333,0.0600054495912809,0.080054495912807,1,1,0.41862123110859,0.792937235203666,0
3,Causal-v3,B1 wind 0.5,Clean,0.210891776807448,0.388521689550482,0,0,9.52245638371267,12.3731271647005,0,1.01873218201482,NaN,84.6666666666667,84.6666666666667,0.0600272479564032,0.080054495912807,1,1,0.353360439845632,0.715635266721257,0
1,P10,B2 wind 1.0,Clean,0.529938931350663,0.124884026538513,1,0,9.47103185522459,11.5983587230132,0,1.01586164005629,NaN,100,NaN,0.0499636693914622,NaN,1,1,0.798633638441124,1.47047005584535,0
2,P10,B2 wind 1.0,Clean,0.510583342540785,0.12307750766577,1,0,9.43052524088042,11.4306422070207,0,1.01356252683515,NaN,100,NaN,0.0499636693914622,NaN,1,1,0.837242462217179,1.58587447040733,0
3,P10,B2 wind 1.0,Clean,0.417364585753081,0.259678542654028,0,0,9.42684711594592,12.4279717572569,0,1.02402969768945,NaN,100,NaN,0.0499636693914622,NaN,1,1,0.706720879691264,1.43127053344251,0
1,P20,B2 wind 1.0,Clean,0.532293034137795,0.119932735988259,1,0,9.42048313037512,11.3957757797851,0,1.01592436675876,NaN,200,NaN,0.0259854677565848,NaN,1,1,0.798633638441124,1.47047005584535,0
2,P20,B2 wind 1.0,Clean,0.515906618842476,0.122538511198604,1,0,9.30858723824718,11.2606543671106,0,1.0137473556093,NaN,200,NaN,0.0259854677565848,NaN,1,1,0.837242462217179,1.58587447040733,0
3,P20,B2 wind 1.0,Clean,0.421406177202517,0.258475070435501,0,0,9.29249880243546,12.2641406991818,0,1.02415429310493,NaN,200,NaN,0.0259854677565848,NaN,1,1,0.706720879691264,1.43127053344251,0
1,State-event,B2 wind 1.0,Clean,0.531358022473582,0.0919459307087375,1,0,9.38703487902443,11.6311319561704,0,1.01596126265813,NaN,48.5666666666667,NaN,0.129188010899183,NaN,1,1,0.798633638441124,1.47047005584535,0
2,State-event,B2 wind 1.0,Clean,0.498595504327929,0.120114266053272,1,0,9.37534887741335,11.3774440575686,0,1.0132619635627,NaN,47.2,NaN,0.130259763851045,NaN,1,1,0.837242462217179,1.58587447040733,0
3,State-event,B2 wind 1.0,Clean,0.413281698120977,0.26663645199829,0,0,9.55823287628242,12.4731845729582,0,1.02393406624221,NaN,46.8333333333333,NaN,0.131867393278838,NaN,1,1,0.706720879691264,1.43127053344251,0
1,Causal-v3,B2 wind 1.0,Clean,0.529092398304879,0.119456347194982,1,0,9.43282238386646,11.5032149665431,0,1.015844110016,NaN,84.8,84.8,0.0599891008174387,0.080002270663034,1,1,0.798633638441124,1.47047005584535,0
2,Causal-v3,B2 wind 1.0,Clean,0.508336881917245,0.124060852109522,1,0,9.36483969573095,11.3627515406487,0,1.01354645287514,NaN,85.1,85.1,0.0600381471389646,0.0800136239782021,1,1,0.837242462217179,1.58587447040733,0
3,Causal-v3,B2 wind 1.0,Clean,0.416106736353538,0.260457905963078,0,0,9.5616582683142,12.4166621023282,0,1.02400621655101,NaN,84.9,84.9,0.0599782016348774,0.079979564032698,1,1,0.706720879691264,1.43127053344251,0
1,P10,B3 mass +10%,Clean,0.673555039243723,0.751627338737053,0,0,9.15020048545293,11.4677270207526,0,1.21821824470864,NaN,100,NaN,0.0499636693914622,NaN,1.1,1,0,0,0
2,P10,B3 mass +10%,Clean,0.673555039243723,0.751627338737053,0,0,9.15020048545293,11.4677270207526,0,1.21821824470864,NaN,100,NaN,0.0499636693914622,NaN,1.1,1,0,0,0
3,P10,B3 mass +10%,Clean,0.673555039243723,0.751627338737053,0,0,9.15020048545293,11.4677270207526,0,1.21821824470864,NaN,100,NaN,0.0499636693914622,NaN,1.1,1,0,0,0
1,P20,B3 mass +10%,Clean,0.672945735711668,0.756977360229752,0,0,9.22533519731934,11.3234546052383,0,1.21823737565784,NaN,200,NaN,0.0259854677565848,NaN,1.1,1,0,0,0
2,P20,B3 mass +10%,Clean,0.672945735711668,0.756977360229752,0,0,9.22533519731934,11.3234546052383,0,1.21823737565784,NaN,200,NaN,0.0259854677565848,NaN,1.1,1,0,0,0
3,P20,B3 mass +10%,Clean,0.672945735711668,0.756977360229752,0,0,9.22533519731934,11.3234546052383,0,1.21823737565784,NaN,200,NaN,0.0259854677565848,NaN,1.1,1,0,0,0
1,State-event,B3 mass +10%,Clean,0.677661289842727,0.735902786930693,0,0,9.09553500592371,11.5700370895234,0,1.21818350042678,NaN,41.8333333333333,NaN,0.129925522252498,NaN,1.1,1,0,0,0
2,State-event,B3 mass +10%,Clean,0.677661289842727,0.735902786930693,0,0,9.09553500592371,11.5700370895234,0,1.21818350042678,NaN,41.8333333333333,NaN,0.129925522252498,NaN,1.1,1,0,0,0
3,State-event,B3 mass +10%,Clean,0.677661289842727,0.735902786930693,0,0,9.09553500592371,11.5700370895234,0,1.21818350042678,NaN,41.8333333333333,NaN,0.129925522252498,NaN,1.1,1,0,0,0
1,Causal-v3,B3 mass +10%,Clean,0.673822463127638,0.749421855891351,0,0,9.10367276328415,11.4173890651267,0,1.21821185755848,NaN,83.8,83.8,0.06,0.0800204359673029,1.1,1,0,0,0
2,Causal-v3,B3 mass +10%,Clean,0.673822463127638,0.749421855891351,0,0,9.10367276328415,11.4173890651267,0,1.21821185755848,NaN,83.8,83.8,0.06,0.0800204359673029,1.1,1,0,0,0
3,Causal-v3,B3 mass +10%,Clean,0.673822463127638,0.749421855891351,0,0,9.10367276328415,11.4173890651267,0,1.21821185755848,NaN,83.8,83.8,0.06,0.0800204359673029,1.1,1,0,0,0
1,P10,B4 mass -10%,Clean,0.672544705624357,0.754392483524839,0,0,9.94820047175338,12.727369718503,0,0.831584088196673,NaN,100,NaN,0.0499636693914622,NaN,0.9,1,0,0,0
2,P10,B4 mass -10%,Clean,0.672544705624357,0.754392483524839,0,0,9.94820047175338,12.727369718503,0,0.831584088196673,NaN,100,NaN,0.0499636693914622,NaN,0.9,1,0,0,0
3,P10,B4 mass -10%,Clean,0.672544705624357,0.754392483524839,0,0,9.94820047175338,12.727369718503,0,0.831584088196673,NaN,100,NaN,0.0499636693914622,NaN,0.9,1,0,0,0
1,P20,B4 mass -10%,Clean,0.672209043369933,0.759750082146811,0,0,9.57524955861412,12.5117966717742,0,0.831667760692501,NaN,200,NaN,0.0259854677565848,NaN,0.9,1,0,0,0
2,P20,B4 mass -10%,Clean,0.672209043369933,0.759750082146811,0,0,9.57524955861412,12.5117966717742,0,0.831667760692501,NaN,200,NaN,0.0259854677565848,NaN,0.9,1,0,0,0
3,P20,B4 mass -10%,Clean,0.672209043369933,0.759750082146811,0,0,9.57524955861412,12.5117966717742,0,0.831667760692501,NaN,200,NaN,0.0259854677565848,NaN,0.9,1,0,0,0
1,State-event,B4 mass -10%,Clean,0.676370609787337,0.738686009820152,0,0,9.73515758353067,12.604546523037,0,0.831600224126489,NaN,45.6333333333333,NaN,0.12997093551317,NaN,0.9,1,0,0,0
2,State-event,B4 mass -10%,Clean,0.676370609787337,0.738686009820152,0,0,9.73515758353067,12.604546523037,0,0.831600224126489,NaN,45.6333333333333,NaN,0.12997093551317,NaN,0.9,1,0,0,0
3,State-event,B4 mass -10%,Clean,0.676370609787337,0.738686009820152,0,0,9.73515758353067,12.604546523037,0,0.831600224126489,NaN,45.6333333333333,NaN,0.12997093551317,NaN,0.9,1,0,0,0
1,Causal-v3,B4 mass -10%,Clean,0.672934511303693,0.752257994434906,0,0,9.70117859940221,12.5487327210674,0,0.83161910506539,NaN,86.4333333333333,86.4333333333333,0.0599891008174388,0.0800204359673029,0.9,1,0,0,0
2,Causal-v3,B4 mass -10%,Clean,0.672934511303693,0.752257994434906,0,0,9.70117859940221,12.5487327210674,0,0.83161910506539,NaN,86.4333333333333,86.4333333333333,0.0599891008174388,0.0800204359673029,0.9,1,0,0,0
3,Causal-v3,B4 mass -10%,Clean,0.672934511303693,0.752257994434906,0,0,9.70117859940221,12.5487327210674,0,0.83161910506539,NaN,86.4333333333333,86.4333333333333,0.0599891008174388,0.0800204359673029,0.9,1,0,0,0
1,P10,B5 drag +20%,Clean,0.0746381456364381,0.505652134291651,0,0,9.63659510513373,12.3071541026818,0,1.01857969302144,NaN,100,NaN,0.0499636693914622,NaN,1,1.2,0,0,0
2,P10,B5 drag +20%,Clean,0.0746381456364381,0.505652134291651,0,0,9.63659510513373,12.3071541026818,0,1.01857969302144,NaN,100,NaN,0.0499636693914622,NaN,1,1.2,0,0,0
3,P10,B5 drag +20%,Clean,0.0746381456364381,0.505652134291651,0,0,9.63659510513373,12.3071541026818,0,1.01857969302144,NaN,100,NaN,0.0499636693914622,NaN,1,1.2,0,0,0
1,P20,B5 drag +20%,Clean,0.0600065265679229,0.523772846489159,0,0,9.42558941473507,12.0867353123127,0,1.01861617118681,NaN,200,NaN,0.0259854677565848,NaN,1,1.2,0,0,0
2,P20,B5 drag +20%,Clean,0.0600065265679229,0.523772846489159,0,0,9.42558941473507,12.0867353123127,0,1.01861617118681,NaN,200,NaN,0.0259854677565848,NaN,1,1.2,0,0,0
3,P20,B5 drag +20%,Clean,0.0600065265679229,0.523772846489159,0,0,9.42558941473507,12.0867353123127,0,1.01861617118681,NaN,200,NaN,0.0259854677565848,NaN,1,1.2,0,0,0
1,State-event,B5 drag +20%,Clean,0.123036521848159,0.446479944133031,0,0,9.47924546789427,12.3421831309848,0,1.01855386465564,NaN,42.9,NaN,0.13013987284287,NaN,1,1.2,0,0,0
2,State-event,B5 drag +20%,Clean,0.123036521848159,0.446479944133031,0,0,9.47924546789427,12.3421831309848,0,1.01855386465564,NaN,42.9,NaN,0.13013987284287,NaN,1,1.2,0,0,0
3,State-event,B5 drag +20%,Clean,0.123036521848159,0.446479944133031,0,0,9.47924546789427,12.3421831309848,0,1.01855386465564,NaN,42.9,NaN,0.13013987284287,NaN,1,1.2,0,0,0
1,Causal-v3,B5 drag +20%,Clean,0.0808788066140451,0.497920414768137,0,0,9.6128810496994,12.2373859626898,0,1.01857037575549,NaN,84.2,84.2,0.0600054495912807,0.0800272479564038,1,1.2,0,0,0
2,Causal-v3,B5 drag +20%,Clean,0.0808788066140451,0.497920414768137,0,0,9.6128810496994,12.2373859626898,0,1.01857037575549,NaN,84.2,84.2,0.0600054495912807,0.0800272479564038,1,1.2,0,0,0
3,Causal-v3,B5 drag +20%,Clean,0.0808788066140451,0.497920414768137,0,0,9.6128810496994,12.2373859626898,0,1.01857037575549,NaN,84.2,84.2,0.0600054495912807,0.0800272479564038,1,1.2,0,0,0
1,P10,B6 drag -20%,Clean,0.0352270739106626,0.551068893284441,0,0,9.63814609925981,12.3171354702529,0,1.01233395247702,NaN,100,NaN,0.0499636693914622,NaN,1,0.8,0,0,0
2,P10,B6 drag -20%,Clean,0.0352270739106626,0.551068893284441,0,0,9.63814609925981,12.3171354702529,0,1.01233395247702,NaN,100,NaN,0.0499636693914622,NaN,1,0.8,0,0,0
3,P10,B6 drag -20%,Clean,0.0352270739106626,0.551068893284441,0,0,9.63814609925981,12.3171354702529,0,1.01233395247702,NaN,100,NaN,0.0499636693914622,NaN,1,0.8,0,0,0
1,P20,B6 drag -20%,Clean,0.0441775122194149,0.5438411940707,0,0,9.39266179008597,12.0611658497336,0,1.0123768883837,NaN,200,NaN,0.0259854677565848,NaN,1,0.8,0,0,0
2,P20,B6 drag -20%,Clean,0.0441775122194149,0.5438411940707,0,0,9.39266179008597,12.0611658497336,0,1.0123768883837,NaN,200,NaN,0.0259854677565848,NaN,1,0.8,0,0,0
3,P20,B6 drag -20%,Clean,0.0441775122194149,0.5438411940707,0,0,9.39266179008597,12.0611658497336,0,1.0123768883837,NaN,200,NaN,0.0259854677565848,NaN,1,0.8,0,0,0
1,State-event,B6 drag -20%,Clean,0.0467009390275494,0.549318283383288,0,0,9.40611190159873,12.3189000611863,0,1.01233144594307,NaN,44.5,NaN,0.130072661217075,NaN,1,0.8,0,0,0
2,State-event,B6 drag -20%,Clean,0.0467009390275494,0.549318283383288,0,0,9.40611190159873,12.3189000611863,0,1.01233144594307,NaN,44.5,NaN,0.130072661217075,NaN,1,0.8,0,0,0
3,State-event,B6 drag -20%,Clean,0.0467009390275494,0.549318283383288,0,0,9.40611190159873,12.3189000611863,0,1.01233144594307,NaN,44.5,NaN,0.130072661217075,NaN,1,0.8,0,0,0
1,Causal-v3,B6 drag -20%,Clean,0.0327888348274131,0.554755404477049,0,0,9.59139246433638,12.1835138607386,0,1.01233919183673,NaN,84.8666666666667,84.8666666666667,0.0600108991825614,0.0800204359673029,1,0.8,0,0,0
2,Causal-v3,B6 drag -20%,Clean,0.0327888348274131,0.554755404477049,0,0,9.59139246433638,12.1835138607386,0,1.01233919183673,NaN,84.8666666666667,84.8666666666667,0.0600108991825614,0.0800204359673029,1,0.8,0,0,0
3,Causal-v3,B6 drag -20%,Clean,0.0327888348274131,0.554755404477049,0,0,9.59139246433638,12.1835138607386,0,1.01233919183673,NaN,84.8666666666667,84.8666666666667,0.0600108991825614,0.0800204359673029,1,0.8,0,0,0
1,P10,B7 combined,Clean,0.717361843839922,0.70511189859454,0,0,9.17665611392926,11.2582211092895,0,1.21857184137213,NaN,100,NaN,0.0499636693914622,NaN,1.1,1.2,0.399316819220562,0.735235027922676,0
2,P10,B7 combined,Clean,0.698456832824898,0.55584324742543,0,0,9.08107234736961,11.162707129398,0,1.21715941349124,NaN,100,NaN,0.0499636693914622,NaN,1.1,1.2,0.41862123110859,0.792937235203666,0
3,P10,B7 combined,Clean,0.703492848925024,0.659335644537047,0,0,9.09545970475228,11.5072280440685,0,1.2234790093332,NaN,100,NaN,0.0499636693914622,NaN,1.1,1.2,0.353360439845632,0.715635266721257,0
1,P20,B7 combined,Clean,0.716392008517775,0.711032447257168,0,0,9.25856583173654,11.1296162121004,0,1.21858603559007,NaN,200,NaN,0.0259854677565848,NaN,1.1,1.2,0.399316819220562,0.735235027922676,0
2,P20,B7 combined,Clean,0.698912074926259,0.557509370752407,0,0,9.20334989443854,11.0302789944487,0,1.21723221007824,NaN,200,NaN,0.0259854677565848,NaN,1.1,1.2,0.41862123110859,0.792937235203666,0
3,P20,B7 combined,Clean,0.703099181555483,0.659641552084345,0,0,9.1492177490433,11.3644555697355,0,1.22353620366281,NaN,200,NaN,0.0259854677565848,NaN,1.1,1.2,0.353360439845632,0.715635266721257,0
1,State-event,B7 combined,Clean,0.723691670480373,0.68754514511966,0,0,9.11844673073262,11.3529958522734,0,1.21854995753363,NaN,42.6,NaN,0.132764759309718,NaN,1.1,1.2,0.399316819220562,0.735235027922676,0
2,State-event,B7 combined,Clean,0.700365058929588,0.548869763343827,0,0,9.11582661417415,11.2292185006284,0,1.21700742618957,NaN,42.0666666666667,NaN,0.130452316076294,NaN,1.1,1.2,0.41862123110859,0.792937235203666,0
3,State-event,B7 combined,Clean,0.707665161417583,0.660425386777805,0,0,9.19689950235736,11.6131973773173,0,1.2233300911378,NaN,42.0666666666667,NaN,0.132132606721163,NaN,1.1,1.2,0.353360439845632,0.715635266721257,0
1,Causal-v3,B7 combined,Clean,0.717779862439593,0.702670428631146,0,0,9.12474444768845,11.2213573482949,0,1.21855884151721,NaN,83.8,83.8,0.0600272479564033,0.0800272479564037,1.1,1.2,0.399316819220562,0.735235027922676,0
2,Causal-v3,B7 combined,Clean,0.698288868324511,0.554811514166195,0,0,9.12199067462551,11.1055627677291,0,1.21714350996795,NaN,83.8666666666667,83.8666666666667,0.06,0.0800204359673029,1.1,1.2,0.41862123110859,0.792937235203666,0
3,Causal-v3,B7 combined,Clean,0.703633669285658,0.659112202221476,0,0,9.19936044283749,11.4608816309758,0,1.22346769582415,NaN,83.8666666666667,83.8666666666667,0.0600163487738421,0.0800272479564037,1.1,1.2,0.353360439845632,0.715635266721257,0
1,P10,B8 lag 20ms,Clean,0.0360706329356707,0.55225406123713,0,0,9.66844753741824,12.321333117516,0,1.01544699227231,0.00222540455417802,100,NaN,0.0499636693914622,NaN,1,1,0,0,0
2,P10,B8 lag 20ms,Clean,0.0360706329356707,0.55225406123713,0,0,9.66844753741824,12.321333117516,0,1.01544699227231,0.00222540455417802,100,NaN,0.0499636693914622,NaN,1,1,0,0,0
3,P10,B8 lag 20ms,Clean,0.0360706329356707,0.55225406123713,0,0,9.66844753741824,12.321333117516,0,1.01544699227231,0.00222540455417802,100,NaN,0.0499636693914622,NaN,1,1,0,0,0
1,P20,B8 lag 20ms,Clean,0.0253723516481133,0.568385310067241,0,0,9.4738828670485,12.0640401812913,0,1.01548164356753,0.00148191970217741,200,NaN,0.0259854677565848,NaN,1,1,0,0,0
2,P20,B8 lag 20ms,Clean,0.0253723516481133,0.568385310067241,0,0,9.4738828670485,12.0640401812913,0,1.01548164356753,0.00148191970217741,200,NaN,0.0259854677565848,NaN,1,1,0,0,0
3,P20,B8 lag 20ms,Clean,0.0253723516481133,0.568385310067241,0,0,9.4738828670485,12.0640401812913,0,1.01548164356753,0.00148191970217741,200,NaN,0.0259854677565848,NaN,1,1,0,0,0
1,State-event,B8 lag 20ms,Clean,0.0820478221943353,0.498144460861625,0,0,9.47062852748454,12.3856257747619,0,1.01542553602085,0.00231395081667609,43.4333333333333,NaN,0.130032697547684,NaN,1,1,0,0,0
2,State-event,B8 lag 20ms,Clean,0.0820478221943353,0.498144460861625,0,0,9.47062852748454,12.3856257747619,0,1.01542553602085,0.00231395081667609,43.4333333333333,NaN,0.130032697547684,NaN,1,1,0,0,0
3,State-event,B8 lag 20ms,Clean,0.0820478221943353,0.498144460861625,0,0,9.47062852748454,12.3856257747619,0,1.01542553602085,0.00231395081667609,43.4333333333333,NaN,0.130032697547684,NaN,1,1,0,0,0
1,Causal-v3,B8 lag 20ms,Clean,0.0413359376200034,0.545699775852832,0,0,9.65645947402093,12.1863143812108,0,1.01543843926093,0.00197786734798711,84.4,84.4,0.0600381471389648,0.0800408719346054,1,1,0,0,0
2,Causal-v3,B8 lag 20ms,Clean,0.0413359376200034,0.545699775852832,0,0,9.65645947402093,12.1863143812108,0,1.01543843926093,0.00197786734798711,84.4,84.4,0.0600381471389648,0.0800408719346054,1,1,0,0,0
3,Causal-v3,B8 lag 20ms,Clean,0.0413359376200034,0.545699775852832,0,0,9.65645947402093,12.1863143812108,0,1.01543843926093,0.00197786734798711,84.4,84.4,0.0600381471389648,0.0800408719346054,1,1,0,0,0
1,P10,B9 lag 50ms,Clean,0.0361347694255019,0.552175776601458,0,0,10.2765567781428,12.2278858925061,0,1.01549460063106,0.00324151612219247,100,NaN,0.0499636693914622,NaN,1,1,0,0,0
2,P10,B9 lag 50ms,Clean,0.0361347694255019,0.552175776601458,0,0,10.2765567781428,12.2278858925061,0,1.01549460063106,0.00324151612219247,100,NaN,0.0499636693914622,NaN,1,1,0,0,0
3,P10,B9 lag 50ms,Clean,0.0361347694255019,0.552175776601458,0,0,10.2765567781428,12.2278858925061,0,1.01549460063106,0.00324151612219247,100,NaN,0.0499636693914622,NaN,1,1,0,0,0
1,P20,B9 lag 50ms,Clean,0.0253812398591971,0.568387270427772,0,0,10.2490785631653,12.1775484846908,0,1.01553206742205,0.00217206669736678,200,NaN,0.0259854677565848,NaN,1,1,0,0,0
2,P20,B9 lag 50ms,Clean,0.0253812398591971,0.568387270427772,0,0,10.2490785631653,12.1775484846908,0,1.01553206742205,0.00217206669736678,200,NaN,0.0259854677565848,NaN,1,1,0,0,0
3,P20,B9 lag 50ms,Clean,0.0253812398591971,0.568387270427772,0,0,10.2490785631653,12.1775484846908,0,1.01553206742205,0.00217206669736678,200,NaN,0.0259854677565848,NaN,1,1,0,0,0
1,State-event,B9 lag 50ms,Clean,0.082269786139562,0.498620164691851,0,0,10.2199924774478,12.2902331938957,0,1.01553120675781,0.00702315266055017,43.5333333333333,NaN,0.130032697547684,NaN,1,1,0,0,0
2,State-event,B9 lag 50ms,Clean,0.082269786139562,0.498620164691851,0,0,10.2199924774478,12.2902331938957,0,1.01553120675781,0.00702315266055017,43.5333333333333,NaN,0.130032697547684,NaN,1,1,0,0,0
3,State-event,B9 lag 50ms,Clean,0.082269786139562,0.498620164691851,0,0,10.2199924774478,12.2902331938957,0,1.01553120675781,0.00702315266055017,43.5333333333333,NaN,0.130032697547684,NaN,1,1,0,0,0
1,Causal-v3,B9 lag 50ms,Clean,0.0414651983467169,0.545539994668581,0,0,10.271625783177,12.2453106008914,0,1.01548517445399,0.00286930493626723,84.5333333333333,84.5333333333333,0.0599945504087194,0.0800136239782021,1,1,0,0,0
2,Causal-v3,B9 lag 50ms,Clean,0.0414651983467169,0.545539994668581,0,0,10.271625783177,12.2453106008914,0,1.01548517445399,0.00286930493626723,84.5333333333333,84.5333333333333,0.0599945504087194,0.0800136239782021,1,1,0,0,0
3,Causal-v3,B9 lag 50ms,Clean,0.0414651983467169,0.545539994668581,0,0,10.271625783177,12.2453106008914,0,1.01548517445399,0.00286930493626723,84.5333333333333,84.5333333333333,0.0599945504087194,0.0800136239782021,1,1,0,0,0
1,P10,B0 nominal,Moderate,0.096775646491354,0.479643345860959,0,0,9.78298064844789,12.8961577541299,0,1.01534921993667,NaN,100,NaN,0.153869209809264,NaN,1,1,0,0,0
2,P10,B0 nominal,Moderate,0.0976809708185099,0.480327001701978,0,0,9.78298064844789,12.8749385532196,0,1.01533607672932,NaN,100,NaN,0.15488646684832,NaN,1,1,0,0,0
3,P10,B0 nominal,Moderate,0.0974565760102065,0.48062352189029,0,0,9.92703761203795,13.0004557180253,0,1.01532231861614,NaN,100,NaN,0.155286103542234,NaN,1,1,0,0,0
1,P20,B0 nominal,Moderate,0.0749686859873428,0.503966103847096,0,0,9.82851838931651,12.7825448748212,0,1.01534994589995,NaN,200,NaN,0.117898274296094,NaN,1,1,0,0,0
2,P20,B0 nominal,Moderate,0.0752439712425112,0.505625124433133,0,0,9.800680037782,12.8094607897645,0,1.01534460612452,NaN,200,NaN,0.118152588555858,NaN,1,1,0,0,0
3,P20,B0 nominal,Moderate,0.0750602215888317,0.505540094608386,0,0,9.89604071158262,12.8526597500913,0,1.01534611492868,NaN,200,NaN,0.117883742052679,NaN,1,1,0,0,0
1,State-event,B0 nominal,Moderate,0.164863447740186,0.396884883485903,0,0,9.94617320706842,12.9033230246502,0,1.01533581575932,NaN,43.2666666666667,NaN,0.26558038147139,NaN,1,1,0,0,0
2,State-event,B0 nominal,Moderate,0.162756507552382,0.394920858522892,0,0,9.88631348710908,12.9033230246502,0,1.01531393275983,NaN,43.2,NaN,0.265307901907357,NaN,1,1,0,0,0
3,State-event,B0 nominal,Moderate,0.173421313150041,0.395058671579358,0,0,9.88631348710908,12.9111136865898,0,1.01530655658068,NaN,43.1333333333333,NaN,0.281311534968211,NaN,1,1,0,0,0
1,Causal-v3,B0 nominal,Moderate,0.0887367151687805,0.490333952976847,0,0,9.80444894519586,12.7067596274974,0,1.01535158595353,NaN,134.1,108.1,0.140679382379655,0.220313351498638,1,1,0,0,0
2,Causal-v3,B0 nominal,Moderate,0.0880909081789761,0.490938243416857,0,0,9.80444894519586,12.7906620917859,0,1.01534784729488,NaN,134.066666666667,108.833333333333,0.13994732061762,0.218812443233424,1,1,0,0,0
3,Causal-v3,B0 nominal,Moderate,0.0888238606608377,0.489182831928943,0,0,9.8112725090002,12.8527554262214,0,1.01534618261563,NaN,134.533333333333,107.3,0.140850136239782,0.220354223433243,1,1,0,0,0
1,P10,B1 wind 0.5,Moderate,0.306840965851534,0.248557261488434,1,0,10.026439729175,13.0949268035057,0,1.01564976040479,NaN,100,NaN,0.153869209809264,NaN,1,1,0.412901200759849,0.863199317210771,0
2,P10,B1 wind 0.5,Moderate,0.282147413769607,0.306773544038673,0,0,10.1268538054752,13.1411055589624,0,1.01768614448921,NaN,100,NaN,0.15488646684832,NaN,1,1,0.429372299852437,0.792163800418207,0
3,P10,B1 wind 0.5,Moderate,0.264922533433226,0.215860357401319,1,0,9.59765474911036,12.7133182784559,0,1.02033134328948,NaN,100,NaN,0.155286103542234,NaN,1,1,0.380452868011414,0.93825758128683,0
1,P20,B1 wind 0.5,Moderate,0.298331077334809,0.26454524603655,0,0,10.0246900091132,12.95239657037,0,1.01567058777891,NaN,200,NaN,0.117898274296094,NaN,1,1,0.412901200759849,0.863199317210771,0
2,P20,B1 wind 0.5,Moderate,0.276664209891647,0.294298851218911,0,0,10.0728040735047,13.0835147626549,0,1.0177269748383,NaN,200,NaN,0.118152588555858,NaN,1,1,0.429372299852437,0.792163800418207,0
3,P20,B1 wind 0.5,Moderate,0.254489289584141,0.23519499457441,1,0,9.66603067055674,12.5786002073575,0,1.02032884750722,NaN,200,NaN,0.117883742052679,NaN,1,1,0.380452868011414,0.93825758128683,0
1,State-event,B1 wind 0.5,Moderate,0.334814901663997,0.199430660286644,1,0,10.2537090050957,13.0681544263197,0,1.01556777452139,NaN,43.3666666666667,NaN,0.27019800181653,NaN,1,1,0.412901200759849,0.863199317210771,0
2,State-event,B1 wind 0.5,Moderate,0.312814596905787,0.244380067949691,1,0,10.0697492284755,13.1831701174347,0,1.01760508938087,NaN,43.6333333333333,NaN,0.267046321525885,NaN,1,1,0.429372299852437,0.792163800418207,0
3,State-event,B1 wind 0.5,Moderate,0.308542346843522,0.115747715551629,1,0,9.54258717868379,12.665308140341,0,1.02039743455185,NaN,44.5333333333333,NaN,0.270495912806539,NaN,1,1,0.380452868011414,0.93825758128683,0
1,Causal-v3,B1 wind 0.5,Moderate,0.303451014206026,0.254714484804945,0,0,9.9255180376856,12.951263244433,0,1.01566340984667,NaN,135.7,110,0.139809264305177,0.219166666666667,1,1,0.412901200759849,0.863199317210771,0
2,Causal-v3,B1 wind 0.5,Moderate,0.281010448030974,0.301502379265077,0,0,9.98839959281116,13.1495028607898,0,1.01771578696696,NaN,137.4,110.133333333333,0.140628519527702,0.219650317892825,1,1,0.429372299852437,0.792163800418207,0
3,Causal-v3,B1 wind 0.5,Moderate,0.261468872023353,0.222537708466002,1,0,9.5164122634208,12.6024148280244,0,1.02033988045316,NaN,139.966666666667,111.9,0.139184377838329,0.218360581289737,1,1,0.380452868011414,0.93825758128683,0
1,P10,B2 wind 1.0,Moderate,0.570002479281826,0.098804007661353,1,0,10.2217736011251,13.2298112531886,0,1.01888697379274,NaN,100,NaN,0.153869209809264,NaN,1,1,0.825802401519698,1.72639863442154,0
2,P10,B2 wind 1.0,Moderate,0.530249412645972,0.0972788175094812,1,0,10.4641675230053,13.2707229801157,0,1.02321171427409,NaN,100,NaN,0.15488646684832,NaN,1,1,0.858744599704875,1.58432760083641,0
3,P10,B2 wind 1.0,Moderate,0.488912694535533,0.185721884863653,1,0,9.22434725839872,12.3754343164524,0,1.02747829108079,NaN,100,NaN,0.155286103542234,NaN,1,1,0.760905736022829,1.87651516257366,0
1,P20,B2 wind 1.0,Moderate,0.564919521624943,0.0957836996659489,1,0,10.1196949368145,13.0588558566158,0,1.01893557100559,NaN,200,NaN,0.117898274296094,NaN,1,1,0.825802401519698,1.72639863442154,0
2,P20,B2 wind 1.0,Moderate,0.529229495223684,0.0856788394798488,1,0,10.1789028002382,13.2268931444767,0,1.02330129709732,NaN,200,NaN,0.118152588555858,NaN,1,1,0.858744599704875,1.58432760083641,0
3,P20,B2 wind 1.0,Moderate,0.482871949143842,0.189380585303293,1,0,9.43485064962066,12.2461560817014,0,1.0274586441966,NaN,200,NaN,0.117883742052679,NaN,1,1,0.760905736022829,1.87651516257366,0
1,State-event,B2 wind 1.0,Moderate,0.590061005929429,0.0843216827105508,1,0,10.0867213342493,13.151895529615,0,1.01876445289497,NaN,44.9333333333333,NaN,0.276345140781108,NaN,1,1,0.825802401519698,1.72639863442154,0
2,State-event,B2 wind 1.0,Moderate,0.543819346663533,0.111540181047445,1,0,10.2604266660026,13.3378477855529,0,1.02313181202664,NaN,46.0666666666667,NaN,0.276257947320618,NaN,1,1,0.858744599704875,1.58432760083641,0
3,State-event,B2 wind 1.0,Moderate,0.516900014839537,0.175170049527669,1,0,9.15099259662653,12.3375194662669,0,1.02751705734158,NaN,47.5333333333333,NaN,0.268930063578565,NaN,1,1,0.760905736022829,1.87651516257366,0
1,Causal-v3,B2 wind 1.0,Moderate,0.567708236636604,0.0949876200314756,1,0,10.0272948895826,13.0622486913179,0,1.01890064052132,NaN,141.533333333333,114.5,0.138830154405086,0.217995004541326,1,1,0.825802401519698,1.72639863442154,0
2,Causal-v3,B2 wind 1.0,Moderate,0.530573568418299,0.0879108327339081,1,0,10.1290083618444,13.2997803190104,0,1.02328069389229,NaN,143.9,114.7,0.140105358764759,0.21908038147139,1,1,0.858744599704875,1.58432760083641,0
3,Causal-v3,B2 wind 1.0,Moderate,0.487493271910227,0.187599851073076,1,0,9.15252941999056,12.2870670333727,0,1.0274630907987,NaN,147.466666666667,118.966666666667,0.13736421435059,0.216044504995459,1,1,0.760905736022829,1.87651516257366,0
1,P10,B3 mass +10%,Moderate,0.679474117676437,0.73072891527562,0,0,9.1977042923264,11.8422710489946,0,1.21820907395715,NaN,100,NaN,0.153869209809264,NaN,1.1,1,0,0,0
2,P10,B3 mass +10%,Moderate,0.679560665825353,0.731347894286318,0,0,9.1977042923264,11.7751597029291,0,1.21820589010788,NaN,100,NaN,0.15488646684832,NaN,1.1,1,0,0,0
3,P10,B3 mass +10%,Moderate,0.67953646486558,0.731828217829598,0,0,9.13928775007262,11.8750873040685,0,1.2181884856744,NaN,100,NaN,0.155286103542234,NaN,1.1,1,0,0,0
1,P20,B3 mass +10%,Moderate,0.676735044321098,0.737536340089676,0,0,9.27767800531893,11.6914429535031,0,1.21819650524193,NaN,200,NaN,0.117898274296094,NaN,1.1,1,0,0,0
2,P20,B3 mass +10%,Moderate,0.67675254180128,0.737018886466225,0,0,9.25519816403439,11.7302524295802,0,1.21819345444209,NaN,200,NaN,0.118152588555858,NaN,1.1,1,0,0,0
3,P20,B3 mass +10%,Moderate,0.676728062554371,0.738276076641855,0,0,9.24046529668811,11.7470786518368,0,1.21819163322558,NaN,200,NaN,0.117883742052679,NaN,1.1,1,0,0,0
1,State-event,B3 mass +10%,Moderate,0.692329848543665,0.711682003236517,0,0,9.17674738625982,11.8195764572714,0,1.21817225960201,NaN,41.6333333333333,NaN,0.267346049046321,NaN,1.1,1,0,0,0
2,State-event,B3 mass +10%,Moderate,0.693004838298257,0.712321061321937,0,0,8.95053243653843,11.8195764572714,0,1.21817517351371,NaN,41.6,NaN,0.272917347865577,NaN,1.1,1,0,0,0
3,State-event,B3 mass +10%,Moderate,0.693889686818092,0.708756778392718,0,0,9.17674738625982,11.7928634006899,0,1.21817270999552,NaN,41.6,NaN,0.276788374205268,NaN,1.1,1,0,0,0
1,Causal-v3,B3 mass +10%,Moderate,0.67834125537084,0.734760303780962,0,0,9.14166723410214,11.6885178148283,0,1.218189342476,NaN,130.966666666667,105.933333333333,0.13966757493188,0.219084922797457,1.1,1,0,0,0
2,Causal-v3,B3 mass +10%,Moderate,0.67843036701842,0.733721572643362,0,0,8.90693687612247,11.8190977691542,0,1.21818354620193,NaN,131.266666666667,105.466666666667,0.141375113533152,0.220538147138965,1.1,1,0,0,0
3,Causal-v3,B3 mass +10%,Moderate,0.678411005603237,0.734345092697349,0,0,9.14166723410214,11.8035039400137,0,1.21818189203498,NaN,131.266666666667,105.066666666667,0.141144414168937,0.220631244323343,1.1,1,0,0,0
1,P10,B4 mass -10%,Moderate,0.678529286950507,0.733537434025378,0,0,10.3199569341868,13.2929760708526,0,0.831380032242421,NaN,100,NaN,0.153869209809264,NaN,0.9,1,0,0,0
2,P10,B4 mass -10%,Moderate,0.678708746019305,0.73426070193466,0,0,10.3199569341868,13.2933301831798,0,0.831356548036709,NaN,100,NaN,0.15488646684832,NaN,0.9,1,0,0,0
3,P10,B4 mass -10%,Moderate,0.678651375048837,0.734828687536375,0,0,10.4931856057632,13.3365797955393,0,0.831352387670945,NaN,100,NaN,0.155286103542234,NaN,0.9,1,0,0,0
1,P20,B4 mass -10%,Moderate,0.675747415095663,0.740393775085612,0,0,10.2480961189788,13.2246498506585,0,0.83141888983816,NaN,200,NaN,0.117898274296094,NaN,0.9,1,0,0,0
2,P20,B4 mass -10%,Moderate,0.675790655420355,0.73993934293771,0,0,10.2291125638823,13.2366998648987,0,0.831414366861706,NaN,200,NaN,0.118152588555858,NaN,0.9,1,0,0,0
3,P20,B4 mass -10%,Moderate,0.675768286627872,0.741202593571703,0,0,10.3275093102404,13.2649950710491,0,0.831416606821625,NaN,200,NaN,0.117883742052679,NaN,0.9,1,0,0,0
1,State-event,B4 mass -10%,Moderate,0.691200578200963,0.722028372136979,0,0,10.3874860731042,13.2178601238354,0,0.831369071637978,NaN,45.1333333333333,NaN,0.264366939146231,NaN,0.9,1,0,0,0
2,State-event,B4 mass -10%,Moderate,0.692946099091995,0.716753251482919,0,0,10.3874860731042,13.2629018223102,0,0.831358148304258,NaN,45.1,NaN,0.275200726612171,NaN,0.9,1,0,0,0
3,State-event,B4 mass -10%,Moderate,0.692625735696412,0.71760320457618,0,0,10.5783153913808,13.2679287643361,0,0.831375852988507,NaN,45.2,NaN,0.269149863760218,NaN,0.9,1,0,0,0
1,Causal-v3,B4 mass -10%,Moderate,0.677356613291169,0.737293679801517,0,0,10.3514706439088,13.1502392091884,0,0.831431721611888,NaN,136.1,110.133333333333,0.140890099909173,0.220626702997275,0.9,1,0,0,0
2,Causal-v3,B4 mass -10%,Moderate,0.677381600860167,0.736643125732532,0,0,10.3499905936441,13.1702728978362,0,0.831422174736898,NaN,136.033333333333,109.6,0.141262488646685,0.220406448683016,0.9,1,0,0,0
3,Causal-v3,B4 mass -10%,Moderate,0.677375496262428,0.736833120587797,0,0,10.5345994252816,13.2051963955968,0,0.831431869690877,NaN,136.233333333333,109.266666666667,0.141547683923706,0.221151226158038,0.9,1,0,0,0
1,P10,B5 drag +20%,Moderate,0.13832133869848,0.426542313747614,0,0,9.79908320645069,12.9279326015778,0,1.01850038562244,NaN,100,NaN,0.153869209809264,NaN,1,1.2,0,0,0
2,P10,B5 drag +20%,Moderate,0.139235782518206,0.427040765473017,0,0,9.79908320645069,12.9126915264785,0,1.01848739543562,NaN,100,NaN,0.15488646684832,NaN,1,1.2,0,0,0
3,P10,B5 drag +20%,Moderate,0.138996906262469,0.426885905093051,0,0,9.94625834027336,13.0520031610013,0,1.01847535123769,NaN,100,NaN,0.155286103542234,NaN,1,1.2,0,0,0
1,P20,B5 drag +20%,Moderate,0.116313093612954,0.453776087591043,0,0,9.84317491936495,12.7976198553461,0,1.01850890314504,NaN,200,NaN,0.117898274296094,NaN,1,1.2,0,0,0
2,P20,B5 drag +20%,Moderate,0.116584412977568,0.453915134614939,0,0,9.81571324240065,12.8233179847165,0,1.01850405245436,NaN,200,NaN,0.118152588555858,NaN,1,1.2,0,0,0
3,P20,B5 drag +20%,Moderate,0.116409824251,0.453912089837826,0,0,9.91122979141977,12.8686950781544,0,1.01850528895146,NaN,200,NaN,0.117883742052679,NaN,1,1.2,0,0,0
1,State-event,B5 drag +20%,Moderate,0.209592716030989,0.337868813425955,0,0,9.96509892408971,12.9277825044758,0,1.01846142737905,NaN,42.3666666666667,NaN,0.270951861943688,NaN,1,1.2,0,0,0
2,State-event,B5 drag +20%,Moderate,0.208891896707914,0.336674705833642,0,0,9.89931734584094,12.9277825044758,0,1.0184415759862,NaN,42.4666666666667,NaN,0.27364396003633,NaN,1,1.2,0,0,0
3,State-event,B5 drag +20%,Moderate,0.214155164537841,0.333790865519616,0,0,9.89931734584094,12.937491104425,0,1.01845252625363,NaN,42.4333333333333,NaN,0.27580744777475,NaN,1,1.2,0,0,0
1,Causal-v3,B5 drag +20%,Moderate,0.13175175359024,0.435499229921163,0,0,9.81788828243435,12.7098847625678,0,1.01850600873603,NaN,130.3,104.7,0.143091734786558,0.223344686648502,1,1.2,0,0,0
2,Causal-v3,B5 drag +20%,Moderate,0.13211737319712,0.436860064243462,0,0,9.81788828243435,12.7888825105095,0,1.01850464629173,NaN,130.433333333333,104.233333333333,0.143763851044505,0.223599000908266,1,1.2,0,0,0
3,Causal-v3,B5 drag +20%,Moderate,0.131280234136441,0.435025880160842,0,0,9.82497802333853,12.8564772600982,0,1.01850277018231,NaN,129.933333333333,105.033333333333,0.142521344232516,0.222434150772026,1,1.2,0,0,0
1,P10,B6 drag -20%,Moderate,0.058696918849404,0.518585878920911,0,0,9.76766430090755,12.8895945405452,0,1.01227194930062,NaN,100,NaN,0.153869209809264,NaN,1,0.8,0,0,0
2,P10,B6 drag -20%,Moderate,0.0594698121225781,0.518626453271206,0,0,9.76766430090755,12.8654644919197,0,1.01225832925183,NaN,100,NaN,0.15488646684832,NaN,1,0.8,0,0,0
3,P10,B6 drag -20%,Moderate,0.0593118955022354,0.524811142915994,0,0,9.90888881463197,12.9824283270052,0,1.01224226608512,NaN,100,NaN,0.155286103542234,NaN,1,0.8,0,0,0
1,P20,B6 drag -20%,Moderate,0.0413718675760836,0.546367641334444,0,0,9.81485923300615,12.7764260004973,0,1.01226587584406,NaN,200,NaN,0.117898274296094,NaN,1,0.8,0,0,0
2,P20,B6 drag -20%,Moderate,0.0415388225273204,0.546220653066511,0,0,9.78698661381551,12.804346292301,0,1.01225978449134,NaN,200,NaN,0.118152588555858,NaN,1,0.8,0,0,0
3,P20,B6 drag -20%,Moderate,0.0414417445695047,0.547312777255164,0,0,9.88178080513678,12.8455815464253,0,1.01226158387569,NaN,200,NaN,0.117883742052679,NaN,1,0.8,0,0,0
1,State-event,B6 drag -20%,Moderate,0.126929496792264,0.451353253342015,0,0,9.92825177253751,12.8945949224527,0,1.01226551911298,NaN,44.0666666666667,NaN,0.271307901907357,NaN,1,0.8,0,0,0
2,State-event,B6 drag -20%,Moderate,0.11947538813616,0.450451711594353,0,0,9.874401532281,12.8945949224527,0,1.01222296014109,NaN,44.0666666666667,NaN,0.260154405086285,NaN,1,0.8,0,0,0
3,State-event,B6 drag -20%,Moderate,0.126474803713047,0.441176198147987,0,0,9.874401532281,12.901383365788,0,1.01225014101207,NaN,44.1333333333333,NaN,0.273569482288828,NaN,1,0.8,0,0,0
1,Causal-v3,B6 drag -20%,Moderate,0.0512509481876571,0.537287310443401,0,0,9.79291822403814,12.7179059291431,0,1.01226875078018,NaN,137.1,110.566666666667,0.139669391462307,0.219107629427793,1,0.8,0,0,0
2,Causal-v3,B6 drag -20%,Moderate,0.0515520950455933,0.535545782332857,0,0,9.79291822403814,12.8082049301804,0,1.01226906765167,NaN,137,110.866666666667,0.140112624886467,0.219028156221617,1,0.8,0,0,0
3,Causal-v3,B6 drag -20%,Moderate,0.0519540003332434,0.534163392661941,0,0,9.79922446192552,12.8607875072809,0,1.0122641976353,NaN,137.2,108.9,0.140946412352407,0.220420072661217,1,0.8,0,0,0
1,P10,B7 combined,Moderate,0.749721408752245,0.67008756925429,0,0,9.36378296771631,12.0319688145137,0,1.21999155784645,NaN,100,NaN,0.153869209809264,NaN,1.1,1.2,0.412901200759849,0.863199317210771,0
2,P10,B7 combined,Moderate,0.743490915721995,0.673676970623686,0,0,9.47590755922152,12.0435329495474,0,1.22226821558199,NaN,100,NaN,0.15488646684832,NaN,1.1,1.2,0.429372299852437,0.792163800418207,0
3,P10,B7 combined,Moderate,0.737935470868254,0.730717701773768,0,0,8.91911243811729,11.7487351632976,0,1.22535443922314,NaN,100,NaN,0.155286103542234,NaN,1.1,1.2,0.380452868011414,0.93825758128683,0
1,P20,B7 combined,Moderate,0.745554526017151,0.673950351058266,0,0,9.32100792059978,11.8793507797089,0,1.22000702314792,NaN,200,NaN,0.117898274296094,NaN,1.1,1.2,0.412901200759849,0.863199317210771,0
2,P20,B7 combined,Moderate,0.740484596848417,0.681714221871922,0,0,9.34821307576088,12.004373296595,0,1.22229520854312,NaN,200,NaN,0.118152588555858,NaN,1.1,1.2,0.429372299852437,0.792163800418207,0
3,P20,B7 combined,Moderate,0.732423639705547,0.730344633332295,0,0,9.13305873587664,11.6349900764995,0,1.22533829408164,NaN,200,NaN,0.117883742052679,NaN,1.1,1.2,0.380452868011414,0.93825758128683,0
1,State-event,B7 combined,Moderate,0.766046266792383,0.655011526444004,0,0,9.33330288918352,12.0079221190241,0,1.21984551357764,NaN,41,NaN,0.272653950953678,NaN,1.1,1.2,0.412901200759849,0.863199317210771,0
2,State-event,B7 combined,Moderate,0.760256932157534,0.652272002528499,0,0,9.14050141737963,12.1413678569999,0,1.22216100477065,NaN,41.5,NaN,0.274281562216167,NaN,1.1,1.2,0.429372299852437,0.792163800418207,0
3,State-event,B7 combined,Moderate,0.760405516122017,0.720129818104386,0,0,8.99594372798994,11.698709282524,0,1.22538409086111,NaN,42.1,NaN,0.271925522252498,NaN,1.1,1.2,0.380452868011414,0.93825758128683,0
1,Causal-v3,B7 combined,Moderate,0.748092925417305,0.671730464236063,0,0,9.2447170004225,11.8784870620019,0,1.21997995047864,NaN,130.166666666667,106,0.140850136239782,0.220490463215259,1.1,1.2,0.412901200759849,0.863199317210771,0
2,Causal-v3,B7 combined,Moderate,0.742622694554369,0.67616573309901,0,0,9.16982139211117,12.0945542782325,0,1.22226576940075,NaN,131.833333333333,106.466666666667,0.14041961852861,0.219484559491371,1.1,1.2,0.429372299852437,0.792163800418207,0
3,Causal-v3,B7 combined,Moderate,0.736230000036814,0.729314871457089,0,0,9.00333454190704,11.6863198366783,0,1.22533465718962,NaN,134.666666666667,107.8,0.140248864668483,0.219607175295186,1.1,1.2,0.380452868011414,0.93825758128683,0
1,P10,B8 lag 20ms,Moderate,0.0966582588214147,0.479805642351065,0,0,9.80045947344839,12.9243738271092,0,1.01537642227243,0.00231264559287914,100,NaN,0.153869209809264,NaN,1,1,0,0,0
2,P10,B8 lag 20ms,Moderate,0.0975657609480069,0.480470183474115,0,0,9.80045947344839,12.8975426527826,0,1.01536326349724,0.00231970840877955,100,NaN,0.15488646684832,NaN,1,1,0,0,0
3,P10,B8 lag 20ms,Moderate,0.0973182639498673,0.480768761324184,0,0,9.93015299906705,13.0394263277095,0,1.0153472558115,0.0022919598485977,100,NaN,0.155286103542234,NaN,1,1,0,0,0
1,P20,B8 lag 20ms,Moderate,0.0749523985109077,0.503964686250566,0,0,9.8462610603607,12.7772191779369,0,1.01537365382707,0.00157596975512034,200,NaN,0.117898274296094,NaN,1,1,0,0,0
2,P20,B8 lag 20ms,Moderate,0.0752243002072921,0.505666200788884,0,0,9.80757645163961,12.8112947332987,0,1.01536770996671,0.00159468347719616,200,NaN,0.118152588555858,NaN,1,1,0,0,0
3,P20,B8 lag 20ms,Moderate,0.0750412048240205,0.505540718515718,0,0,9.90134019649165,12.8565418943801,0,1.01536924086549,0.00157446982710556,200,NaN,0.117883742052679,NaN,1,1,0,0,0
1,State-event,B8 lag 20ms,Moderate,0.169154004502896,0.387381224022394,0,0,9.95417657317712,12.9255313318426,0,1.01536302841155,0.0025111534790914,43.2333333333333,NaN,0.273071752951862,NaN,1,1,0,0,0
2,State-event,B8 lag 20ms,Moderate,0.167196724469723,0.385753478592193,0,0,9.90432790690437,12.9255313318426,0,1.01533107484884,0.00252048543123043,43.1333333333333,NaN,0.266737511353315,NaN,1,1,0,0,0
3,State-event,B8 lag 20ms,Moderate,0.168976435521106,0.39702074197853,0,0,9.90432790690437,12.9274077170529,0,1.01534396087615,0.00252496423838712,43.1666666666667,NaN,0.275353315168029,NaN,1,1,0,0,0
1,Causal-v3,B8 lag 20ms,Moderate,0.0884805072145379,0.489679236001899,0,0,9.8290707364389,12.7068544603172,0,1.01537672347693,0.00162260181661489,134.133333333333,107.833333333333,0.140376021798365,0.219895549500454,1,1,0,0,0
2,Causal-v3,B8 lag 20ms,Moderate,0.0893476186408766,0.489202543537278,0,0,9.8290707364389,12.8212653085063,0,1.01537454990445,0.00160567836680509,134.3,107.933333333333,0.14172570390554,0.221067211625795,1,1,0,0,0
3,Causal-v3,B8 lag 20ms,Moderate,0.0886989524500217,0.48726868307364,0,0,9.83564074157869,12.8639591865427,0,1.01537421071035,0.0015886766337315,134.333333333333,107.533333333333,0.141015440508629,0.220508628519528,1,1,0,0,0
1,P10,B9 lag 50ms,Moderate,0.0966949261980296,0.47980960589173,0,0,10.2797326624077,13.0708169917021,0,1.01543091976572,0.00386055392716981,100,NaN,0.153869209809264,NaN,1,1,0,0,0
2,P10,B9 lag 50ms,Moderate,0.0976050183852667,0.480351040136974,0,0,10.2797326624077,13.0507896476654,0,1.01542003514689,0.00394202815498654,100,NaN,0.15488646684832,NaN,1,1,0,0,0
3,P10,B9 lag 50ms,Moderate,0.0972658326023243,0.480712678240989,0,0,10.2798703052055,13.2547158189975,0,1.01539633699146,0.00381167421808444,100,NaN,0.155286103542234,NaN,1,1,0,0,0
1,P20,B9 lag 50ms,Moderate,0.0749633580944286,0.50391657109757,0,0,10.2966495622297,12.8017476849133,0,1.01542036994874,0.00266431903142793,200,NaN,0.117898274296094,NaN,1,1,0,0,0
2,P20,B9 lag 50ms,Moderate,0.0752211146846992,0.505686833057194,0,0,10.2745726582823,12.8331753911597,0,1.01541386906263,0.0026661827966049,200,NaN,0.118152588555858,NaN,1,1,0,0,0
3,P20,B9 lag 50ms,Moderate,0.0750353829040738,0.505496518976157,0,0,10.274687536421,12.9050371748126,0,1.01541420360313,0.00262462474884482,200,NaN,0.117883742052679,NaN,1,1,0,0,0
1,State-event,B9 lag 50ms,Moderate,0.167753061037346,0.346432577846423,0,0,10.2798354023884,12.9926667544951,0,1.01543161709753,0.00622504540051506,43.3666666666667,NaN,0.270755676657584,NaN,1,1,0,0,0
2,State-event,B9 lag 50ms,Moderate,0.172877004236373,0.367827911703696,0,0,10.2798354023884,12.9928497341347,0,1.01542724050991,0.00662865504424095,43.1666666666667,NaN,0.282742960944596,NaN,1,1,0,0,0
3,State-event,B9 lag 50ms,Moderate,0.171007504509189,0.36295330477477,0,0,10.2798354023884,12.9627211097104,0,1.01544611202733,0.00646390303629389,43.3666666666667,NaN,0.273064486830154,NaN,1,1,0,0,0
1,Causal-v3,B9 lag 50ms,Moderate,0.0882773906042923,0.487679115193094,0,0,10.2798354023884,12.6362099953907,0,1.01542511337553,0.00301463167104195,134.3,108.7,0.139880108991826,0.219361943687557,1,1,0,0,0
2,Causal-v3,B9 lag 50ms,Moderate,0.0885214969090087,0.48943235072553,0,0,10.2798354023884,12.7659775949681,0,1.01542165096403,0.0029300663373723,134.633333333333,108.666666666667,0.140802906448683,0.219856948228883,1,1,0,0,0
3,Causal-v3,B9 lag 50ms,Moderate,0.0885797330347336,0.489271345326142,0,0,10.2798354023884,12.831873376342,0,1.01542076889802,0.00298196413703359,134.033333333333,108.033333333333,0.140773841961853,0.220295186194369,1,1,0,0,0
1,P10,B0 nominal,Stressed,0.149101040897693,0.414390141917593,0,0,9.94941407610189,13.6824414391319,0,1.01530673634838,NaN,100,NaN,0.241099000908265,NaN,1,1,0,0,0
2,P10,B0 nominal,Stressed,0.146700945321491,0.413923294548676,0,0,9.91467999999943,13.1645711507795,0,1.01530268374192,NaN,100,NaN,0.234223433242507,NaN,1,1,0,0,0
3,P10,B0 nominal,Stressed,0.149360963358455,0.415205801899526,0,0,9.95837698262421,13.2079110531869,0,1.01530617983968,NaN,100,NaN,0.23747502270663,NaN,1,1,0,0,0
1,P20,B0 nominal,Stressed,0.113016739042816,0.457705139157284,0,0,9.96429730026987,13.2253306610218,0,1.01529890722618,NaN,200,NaN,0.179229791099001,NaN,1,1,0,0,0
2,P20,B0 nominal,Stressed,0.112965061686247,0.456083216768703,0,0,9.91649242413063,13.090751376405,0,1.01531526685009,NaN,200,NaN,0.179827429609446,NaN,1,1,0,0,0
3,P20,B0 nominal,Stressed,0.114394007393847,0.454859510951826,0,0,9.90542532955431,13.1344228989382,0,1.01530075932416,NaN,200,NaN,0.181547683923706,NaN,1,1,0,0,0
1,State-event,B0 nominal,Stressed,0.250964102091175,0.247720451332938,1,0,9.95836863739159,13.3137046322878,0,1.01533751482845,NaN,42.5666666666667,NaN,0.420521344232516,NaN,1,1,0,0,0
2,State-event,B0 nominal,Stressed,0.253678321987249,0.243250460325004,1,0,9.95836863739159,13.3137046322878,0,1.01526485183331,NaN,42.4666666666667,NaN,0.424128973660309,NaN,1,1,0,0,0
3,State-event,B0 nominal,Stressed,0.267364293912612,0.278969409456147,0,0,9.95836863739159,13.4891166638921,0,1.0153034766483,NaN,42.3666666666667,NaN,0.441425976385105,NaN,1,1,0,0,0
1,Causal-v3,B0 nominal,Stressed,0.118830678054473,0.451089723956324,0,0,9.95293929563607,13.2334445565084,0,1.01532826344533,NaN,183,108.8,0.189346049046321,0.30926430517711,1,1,0,0,0
2,Causal-v3,B0 nominal,Stressed,0.12002967793775,0.452535288821077,0,0,9.95352144197101,13.1064452334346,0,1.01532290762907,NaN,182.833333333333,108.266666666667,0.192986376021798,0.312820163487737,1,1,0,0,0
3,Causal-v3,B0 nominal,Stressed,0.11933428067206,0.451454868095045,0,0,9.95778602633439,13.1069789068534,0,1.01531992743284,NaN,182.6,109.466666666667,0.190457765667575,0.310006811989099,1,1,0,0,0
1,P10,B1 wind 0.5,Stressed,0.25921003348365,0.178671596937764,1,0,10.2428118797903,13.7902842570287,0,1.01642939406145,NaN,100,NaN,0.241099000908265,NaN,1,1,0.31356518331075,0.654117958505053,0
2,P10,B1 wind 0.5,Stressed,0.316086609685283,0.160519513470135,1,0,9.87840337274396,13.2433610884164,0,1.01788918823331,NaN,100,NaN,0.234223433242507,NaN,1,1,0.348885914377136,0.862849661595182,0
3,P10,B1 wind 0.5,Stressed,0.337423244090761,0.193677303609244,1,0,10.2373025102896,13.3868916962747,0,1.01774171828687,NaN,100,NaN,0.23747502270663,NaN,1,1,0.448145174404772,0.800194765130939,0
1,P20,B1 wind 0.5,Stressed,0.238428843240385,0.194401899043837,1,0,10.2559781142647,13.4294894819358,0,1.0163772237096,NaN,200,NaN,0.179229791099001,NaN,1,1,0.31356518331075,0.654117958505053,0
2,P20,B1 wind 0.5,Stressed,0.290045297890545,0.154942579656651,1,0,9.90061897376474,13.1178658479287,0,1.01781217095597,NaN,200,NaN,0.179827429609446,NaN,1,1,0.348885914377136,0.862849661595182,0
3,P20,B1 wind 0.5,Stressed,0.329564034915989,0.205163057351051,1,0,10.1484118257832,13.3505272076965,0,1.01780291732647,NaN,200,NaN,0.181547683923706,NaN,1,1,0.448145174404772,0.800194765130939,0
1,State-event,B1 wind 0.5,Stressed,0.343448930433427,0.0737054674525885,1,0,10.2986928388697,13.4986351109875,0,1.0166096711309,NaN,42.9333333333333,NaN,0.47180199818347,NaN,1,1,0.31356518331075,0.654117958505053,0
2,State-event,B1 wind 0.5,Stressed,0.403801401298255,0.137120886380492,1,0,9.89530343808749,13.4858653055869,0,1.01800591352182,NaN,42.4666666666667,NaN,0.428690281562216,NaN,1,1,0.348885914377136,0.862849661595182,0
3,State-event,B1 wind 0.5,Stressed,0.373693474753776,0.140567002258404,1,0,10.3316272961894,13.6174274214711,0,1.01771853958946,NaN,44.5666666666667,NaN,0.427384196185286,NaN,1,1,0.448145174404772,0.800194765130939,0
1,Causal-v3,B1 wind 0.5,Stressed,0.24090984232828,0.198755075258086,1,0,10.2508352038043,13.5086511932416,0,1.01641446656263,NaN,185.766666666667,112.6,0.189785649409628,0.309759309718435,1,1,0.31356518331075,0.654117958505053,0
2,Causal-v3,B1 wind 0.5,Stressed,0.293199920979219,0.153782438352526,1,0,9.89530343808749,13.1800166399627,0,1.01780502498883,NaN,184.666666666667,110.033333333333,0.191723887375113,0.311341961852859,1,1,0.348885914377136,0.862849661595182,0
3,Causal-v3,B1 wind 0.5,Stressed,0.33284732943279,0.203209384382891,1,0,10.2654155752296,13.2286567671697,0,1.01783330546142,NaN,193.233333333333,114.266666666667,0.192957311534968,0.313108537693004,1,1,0.448145174404772,0.800194765130939,0
1,P10,B2 wind 1.0,Stressed,0.428445397737489,0.0709368537657838,1,0,10.4361065868877,13.8184751854102,0,1.01905631342626,NaN,100,NaN,0.241099000908265,NaN,1,1,0.6271303666215,1.30823591701011,0
2,P10,B2 wind 1.0,Stressed,0.522150196027418,0.0956967371480015,1,0,9.79686897366596,13.1313339467468,0,1.02233060775018,NaN,100,NaN,0.234223433242507,NaN,1,1,0.697771828754271,1.72569932319036,0
3,P10,B2 wind 1.0,Stressed,0.636063254890217,0.126624148383776,1,0,10.5968873011877,13.4500589549032,0,1.02359625916619,NaN,100,NaN,0.23747502270663,NaN,1,1,0.896290348809545,1.60038953026188,0
1,P20,B2 wind 1.0,Stressed,0.417803204527555,0.0585430256228914,1,0,10.4793646996171,13.6177696304268,0,1.01895919559561,NaN,200,NaN,0.179229791099001,NaN,1,1,0.6271303666215,1.30823591701011,0
2,P20,B2 wind 1.0,Stressed,0.500920659001701,0.13213419911077,1,0,9.83312255898172,13.0413453411228,0,1.02215187642387,NaN,200,NaN,0.179827429609446,NaN,1,1,0.697771828754271,1.72569932319036,0
3,P20,B2 wind 1.0,Stressed,0.636029659753882,0.131760202141279,1,0,10.3427678447227,13.4173505364447,0,1.02371831581454,NaN,200,NaN,0.181547683923706,NaN,1,1,0.896290348809545,1.60038953026188,0
1,State-event,B2 wind 1.0,Stressed,0.461426162695024,0.148763868405303,1,0,10.5564635917727,13.651496472566,0,1.01919281199639,NaN,43.9,NaN,0.429645776566757,NaN,1,1,0.6271303666215,1.30823591701011,0
2,State-event,B2 wind 1.0,Stressed,0.607213875809196,0.0270040959381501,1,0,9.80048143444583,13.2079864022026,0,1.02248067112317,NaN,43.6666666666667,NaN,0.423871026339691,NaN,1,1,0.697771828754271,1.72569932319036,0
3,State-event,B2 wind 1.0,Stressed,0.645184722100447,0.0333131322633898,1,0,10.738189734397,13.5754093433661,0,1.02350317757176,NaN,48.4333333333333,NaN,0.426868301544051,NaN,1,1,0.896290348809545,1.60038953026188,0
1,Causal-v3,B2 wind 1.0,Stressed,0.418451872151858,0.0602180759017883,1,0,10.4183493727073,13.6988144638185,0,1.01904460835797,NaN,193.733333333333,115.666666666667,0.18921889191644,0.309030426884648,1,1,0.6271303666215,1.30823591701011,0
2,Causal-v3,B2 wind 1.0,Stressed,0.501065655029282,0.127129167573171,1,0,9.80048143444583,13.1176530447636,0,1.02211697897575,NaN,191.5,113.6,0.187436875567666,0.305958219800179,1,1,0.697771828754271,1.72569932319036,0
3,Causal-v3,B2 wind 1.0,Stressed,0.634523759483246,0.12951865420966,1,0,10.5922255989546,13.150061109325,0,1.02377915180726,NaN,205.733333333333,122.3,0.187871026339691,0.306855131698453,1,1,0.896290348809545,1.60038953026188,0
1,P10,B3 mass +10%,Stressed,0.688593232641507,0.719996087449726,0,0,9.00678216645566,12.3502904938193,0,1.21821082082205,NaN,100,NaN,0.241099000908265,NaN,1.1,1,0,0,0
2,P10,B3 mass +10%,Stressed,0.688103141500824,0.722844549895595,0,0,8.92138023326112,11.9834520285174,0,1.21819596547693,NaN,100,NaN,0.234223433242507,NaN,1.1,1,0,0,0
3,P10,B3 mass +10%,Stressed,0.688574778487543,0.719277820255324,0,0,9.02849674092684,12.0303552143828,0,1.21822560641871,NaN,100,NaN,0.23747502270663,NaN,1.1,1,0,0,0
1,P20,B3 mass +10%,Stressed,0.681831204193783,0.727574793219853,0,0,9.13162224692681,12.0357019561614,0,1.21818193319659,NaN,200,NaN,0.179229791099001,NaN,1.1,1,0,0,0
2,P20,B3 mass +10%,Stressed,0.68186537610828,0.729262677448659,0,0,9.04446653672754,11.9623849887433,0,1.2181936624614,NaN,200,NaN,0.179827429609446,NaN,1.1,1,0,0,0
3,P20,B3 mass +10%,Stressed,0.682073411593726,0.727632542220902,0,0,9.16683188998648,11.9989279019225,0,1.2181844270104,NaN,200,NaN,0.181547683923706,NaN,1.1,1,0,0,0
1,State-event,B3 mass +10%,Stressed,0.718455343399561,0.674508143776629,0,0,8.90367095801591,12.0582374350429,0,1.21822960656252,NaN,40.7666666666667,NaN,0.436741144414169,NaN,1.1,1,0,0,0
2,State-event,B3 mass +10%,Stressed,0.715639555150255,0.671185227472764,0,0,9.08273562847439,12.0267624045852,0,1.21824189023966,NaN,41.1,NaN,0.405711171662125,NaN,1.1,1,0,0,0
3,State-event,B3 mass +10%,Stressed,0.716651874680977,0.671629303725309,0,0,9.11932384569791,12.3680759214403,0,1.21820140315277,NaN,40.9666666666667,NaN,0.422018165304269,NaN,1.1,1,0,0,0
1,Causal-v3,B3 mass +10%,Stressed,0.682884600523079,0.726020662908222,0,0,8.8973816510609,12.0051293461138,0,1.21818742647894,NaN,176.633333333333,104.5,0.189455040871935,0.309427792915529,1.1,1,0,0,0
2,Causal-v3,B3 mass +10%,Stressed,0.683307974742126,0.726438941895428,0,0,9.08246783383079,11.9344928161534,0,1.2181798819494,NaN,176.666666666667,105.366666666667,0.194027247956403,0.314073569482287,1.1,1,0,0,0
3,Causal-v3,B3 mass +10%,Stressed,0.682996691717872,0.724871862678803,0,0,9.11932384569791,12.0351141426347,0,1.21818082552436,NaN,176.633333333333,106.033333333333,0.19033242506812,0.309816076294276,1.1,1,0,0,0
1,P10,B4 mass -10%,Stressed,0.68821866708249,0.7230689725887,0,0,10.5718360515343,13.8660185832129,0,0.83125459940907,NaN,100,NaN,0.241099000908265,NaN,0.9,1,0,0,0
2,P10,B4 mass -10%,Stressed,0.687813951940328,0.726928123927394,0,0,10.5577360487405,13.4780772423783,0,0.831242571673389,NaN,100,NaN,0.234223433242507,NaN,0.9,1,0,0,0
3,P10,B4 mass -10%,Stressed,0.688488505263755,0.723039678497563,0,0,10.5755626903995,13.5136323821357,0,0.831233062373956,NaN,100,NaN,0.23747502270663,NaN,0.9,1,0,0,0
1,P20,B4 mass -10%,Stressed,0.68116195775691,0.730505111218793,0,0,10.5508644480248,13.5301621628778,0,0.831293708431198,NaN,200,NaN,0.179229791099001,NaN,0.9,1,0,0,0
2,P20,B4 mass -10%,Stressed,0.681126364734696,0.732208334242931,0,0,10.5201855079419,13.4029868101721,0,0.831307410105383,NaN,200,NaN,0.179827429609446,NaN,0.9,1,0,0,0
3,P20,B4 mass -10%,Stressed,0.681378544803217,0.730507671807051,0,0,10.4549519322541,13.4357364595549,0,0.831296072089681,NaN,200,NaN,0.181547683923706,NaN,0.9,1,0,0,0
1,State-event,B4 mass -10%,Stressed,0.713878800602323,0.692219134176441,0,0,10.5848574991707,13.5232959666118,0,0.831249350850977,NaN,44.8666666666667,NaN,0.399344232515894,NaN,0.9,1,0,0,0
2,State-event,B4 mass -10%,Stressed,0.719758165948519,0.701162833738443,0,0,10.5597877519957,13.8357023799251,0,0.831260070882763,NaN,44.7666666666667,NaN,0.423960036330608,NaN,0.9,1,0,0,0
3,State-event,B4 mass -10%,Stressed,0.720502064353914,0.683367190654607,0,0,10.5848574991707,13.5450141441505,0,0.831241050007005,NaN,44.4,NaN,0.43980744777475,NaN,0.9,1,0,0,0
1,Causal-v3,B4 mass -10%,Stressed,0.681983695578785,0.7293947226621,0,0,10.5848574991707,13.4427198747897,0,0.831359409250945,NaN,188.733333333333,112.9,0.189291553133515,0.30910081743869,0.9,1,0,0,0
2,Causal-v3,B4 mass -10%,Stressed,0.682245643359205,0.72974512342438,0,0,10.5597877519957,13.4402811024298,0,0.831357692098741,NaN,188.766666666667,112.133333333333,0.193046321525886,0.312983651226156,0.9,1,0,0,0
3,Causal-v3,B4 mass -10%,Stressed,0.68211671657885,0.727672467960018,0,0,10.5848574991707,13.3958516620494,0,0.831359055147833,NaN,188.766666666667,113.733333333333,0.190130790190736,0.309543596730243,0.9,1,0,0,0
1,P10,B5 drag +20%,Stressed,0.190163879429235,0.361241731949632,0,0,9.96884007814143,13.7280591599711,0,1.01843644261842,NaN,100,NaN,0.241099000908265,NaN,1,1.2,0,0,0
2,P10,B5 drag +20%,Stressed,0.187758496482506,0.368280657668246,0,0,9.93064379225009,13.168111708106,0,1.01843411562571,NaN,100,NaN,0.234223433242507,NaN,1,1.2,0,0,0
3,P10,B5 drag +20%,Stressed,0.190269520196653,0.358534123287893,0,0,9.97895547938749,13.2478060471672,0,1.01843359178678,NaN,100,NaN,0.23747502270663,NaN,1,1.2,0,0,0
1,P20,B5 drag +20%,Stressed,0.154506750186254,0.407300027760935,0,0,9.98368524550287,13.2265130325657,0,1.01844518906129,NaN,200,NaN,0.179229791099001,NaN,1,1.2,0,0,0
2,P20,B5 drag +20%,Stressed,0.154459034528332,0.405762859457595,0,0,9.93273143815387,13.100298809563,0,1.01846083077738,NaN,200,NaN,0.179827429609446,NaN,1,1.2,0,0,0
3,P20,B5 drag +20%,Stressed,0.155844171498147,0.403904268458995,0,0,9.92388086846967,13.1808796005452,0,1.01844977134874,NaN,200,NaN,0.181547683923706,NaN,1,1.2,0,0,0
1,State-event,B5 drag +20%,Stressed,0.30204178096926,0.227210019916954,1,0,9.97888804991814,13.2838937752998,0,1.01839470960286,NaN,41.5666666666667,NaN,0.442432334241598,NaN,1,1.2,0,0,0
2,State-event,B5 drag +20%,Stressed,0.29534515536591,0.231812496754938,1,0,9.97888804991814,13.2838937752998,0,1.01834843898766,NaN,41.6,NaN,0.421905540417802,NaN,1,1.2,0,0,0
3,State-event,B5 drag +20%,Stressed,0.296725894827584,0.256997290247389,0,0,9.97888804991814,13.4644294083356,0,1.01836401387907,NaN,41.5333333333333,NaN,0.418406902815622,NaN,1,1.2,0,0,0
1,Causal-v3,B5 drag +20%,Stressed,0.160100525515877,0.403717552876031,0,0,9.97092302348944,13.2212715719574,0,1.01847031809394,NaN,179.833333333333,108.333333333333,0.189057220708447,0.308889645776565,1,1.2,0,0,0
2,Causal-v3,B5 drag +20%,Stressed,0.162109330173637,0.392783970288838,0,0,9.97151371349785,13.1151267391994,0,1.01846767609131,NaN,179.866666666667,106.466666666667,0.193079019073569,0.312983651226156,1,1.2,0,0,0
3,Causal-v3,B5 drag +20%,Stressed,0.161299814029255,0.4004063799396,0,0,9.978037361524,13.1126116252979,0,1.01846547506023,NaN,179.266666666667,107.233333333333,0.190866485013624,0.310449591280652,1,1.2,0,0,0
1,P10,B6 drag -20%,Stressed,0.108255935335156,0.465010272627775,0,0,9.93101407124407,13.6667542204253,0,1.01224929460807,NaN,100,NaN,0.241099000908265,NaN,1,0.8,0,0,0
2,P10,B6 drag -20%,Stressed,0.105890051108669,0.461629890193783,0,0,9.89971807514314,13.1691920092616,0,1.01224170508023,NaN,100,NaN,0.234223433242507,NaN,1,0.8,0,0,0
3,P10,B6 drag -20%,Stressed,0.108623893596586,0.45485015808787,0,0,9.93907554701232,13.1994510279176,0,1.01225169488503,NaN,100,NaN,0.23747502270663,NaN,1,0.8,0,0,0
1,P20,B6 drag -20%,Stressed,0.0734645512303332,0.498868200587777,0,0,9.94589707990102,13.191694710898,0,1.01222474040582,NaN,200,NaN,0.179229791099001,NaN,1,0.8,0,0,0
2,P20,B6 drag -20%,Stressed,0.0734074070727358,0.506439794420635,0,0,9.90155205794497,13.0912455387209,0,1.01224275815913,NaN,200,NaN,0.179827429609446,NaN,1,0.8,0,0,0
3,P20,B6 drag -20%,Stressed,0.0747803942878954,0.499802433227384,0,0,9.8880575877162,13.1206180294414,0,1.01222368445696,NaN,200,NaN,0.181547683923706,NaN,1,0.8,0,0,0
1,State-event,B6 drag -20%,Stressed,0.201177735719364,0.346807598613039,0,0,9.93912130831825,13.2990848989403,0,1.01227520781356,NaN,43.4,NaN,0.405767484105359,NaN,1,0.8,0,0,0
2,State-event,B6 drag -20%,Stressed,0.216301776424833,0.308721333457768,0,0,9.93912130831825,13.2990848989403,0,1.01227438273259,NaN,43.3333333333333,NaN,0.4241689373297,NaN,1,0.8,0,0,0
3,State-event,B6 drag -20%,Stressed,0.210571058523643,0.330220733793206,0,0,9.93912130831825,13.4700032378226,0,1.01226603759746,NaN,43.3333333333333,NaN,0.418032697547684,NaN,1,0.8,0,0,0
1,Causal-v3,B6 drag -20%,Stressed,0.0780733005434152,0.500024710826979,0,0,9.93608089772553,13.2136813542673,0,1.01225532746339,NaN,186.166666666667,111.533333333333,0.188354223433243,0.307990463215257,1,0.8,0,0,0
2,Causal-v3,B6 drag -20%,Stressed,0.080824042393796,0.502897301064933,0,0,9.93634120897276,13.1111384053525,0,1.01225272414803,NaN,186.333333333333,110.066666666667,0.194207084468665,0.314373297002723,1,0.8,0,0,0
3,Causal-v3,B6 drag -20%,Stressed,0.0811359070580824,0.496453684132775,0,0,9.93877042497152,13.1111026075249,0,1.0122543809704,NaN,186.233333333333,110.166666666667,0.19341689373297,0.313739782016347,1,0.8,0,0,0
1,P10,B7 combined,Stressed,0.726849037003955,0.68214137120665,0,0,9.25599467546586,12.6498391892702,0,1.22103198110695,NaN,100,NaN,0.241099000908265,NaN,1.1,1.2,0.31356518331075,0.654117958505053,0
2,P10,B7 combined,Stressed,0.752067441662585,0.667348892302438,0,0,8.95158326238661,12.1107109357368,0,1.22267410833814,NaN,100,NaN,0.234223433242507,NaN,1.1,1.2,0.348885914377136,0.862849661595182,0
3,P10,B7 combined,Stressed,0.761249730708938,0.619783332520992,0,0,9.33806606293293,12.1299185012109,0,1.22235881608641,NaN,100,NaN,0.23747502270663,NaN,1.1,1.2,0.448145174404772,0.800194765130939,0
1,P20,B7 combined,Stressed,0.717162529803,0.69482169495646,0,0,9.34489651013323,12.3447626613493,0,1.22097595316391,NaN,200,NaN,0.179229791099001,NaN,1.1,1.2,0.31356518331075,0.654117958505053,0
2,P20,B7 combined,Stressed,0.739528718128127,0.662989241201421,0,0,9.08358969693467,12.0946044064023,0,1.22260869499771,NaN,200,NaN,0.179827429609446,NaN,1.1,1.2,0.348885914377136,0.862849661595182,0
3,P20,B7 combined,Stressed,0.75609447106433,0.627989777215237,0,0,9.35265837721581,12.1182832860967,0,1.22241367488732,NaN,200,NaN,0.181547683923706,NaN,1.1,1.2,0.448145174404772,0.800194765130939,0
1,State-event,B7 combined,Stressed,0.757527500805651,0.660707956317649,0,0,9.11103338583896,12.2823411031803,0,1.22103395785396,NaN,40.4333333333333,NaN,0.412733878292461,NaN,1.1,1.2,0.31356518331075,0.654117958505053,0
2,State-event,B7 combined,Stressed,0.796320376941879,0.66869879537888,0,0,9.12914179390675,12.1890499157137,0,1.22279814584468,NaN,40.5666666666667,NaN,0.40772570390554,NaN,1.1,1.2,0.348885914377136,0.862849661595182,0
3,State-event,B7 combined,Stressed,0.782051170726385,0.600283034311688,0,0,9.34391545187923,12.4862456416975,0,1.2222751601356,NaN,42,NaN,0.42780199818347,NaN,1.1,1.2,0.448145174404772,0.800194765130939,0
1,Causal-v3,B7 combined,Stressed,0.718603684609396,0.69297837802083,0,0,9.09765686471844,12.3012410318802,0,1.22100843945718,NaN,177.8,105.933333333333,0.190850136239782,0.311110354223431,1.1,1.2,0.31356518331075,0.654117958505053,0
2,Causal-v3,B7 combined,Stressed,0.742077090421585,0.663271560724491,0,0,9.11131397070149,12.0509803828776,0,1.22258139724405,NaN,176.733333333333,105.633333333333,0.192574023614896,0.312454586739326,1.1,1.2,0.348885914377136,0.862849661595182,0
3,Causal-v3,B7 combined,Stressed,0.757541612175816,0.624975304084333,0,0,9.37249115705071,12.048623520912,0,1.22241278925401,NaN,184.333333333333,108.866666666667,0.191954586739328,0.312002724795638,1.1,1.2,0.448145174404772,0.800194765130939,0
1,P10,B8 lag 20ms,Stressed,0.149150953289106,0.414451102084545,0,0,9.95683819627113,13.7979133581045,0,1.0153413626754,0.00243752813049929,100,NaN,0.241099000908265,NaN,1,1,0,0,0
2,P10,B8 lag 20ms,Stressed,0.146808269920767,0.413621879369295,0,0,9.93090282065391,13.231627906003,0,1.01533529696035,0.00243547505925898,100,NaN,0.234223433242507,NaN,1,1,0,0,0
3,P10,B8 lag 20ms,Stressed,0.149463825622702,0.415163696995909,0,0,9.96466475477753,13.2775826561926,0,1.01534150813516,0.00249289625455242,100,NaN,0.23747502270663,NaN,1,1,0,0,0
1,P20,B8 lag 20ms,Stressed,0.113011780173818,0.457692358615517,0,0,9.97082910440332,13.2663510902178,0,1.01532406434218,0.00181761099981005,200,NaN,0.179229791099001,NaN,1,1,0,0,0
2,P20,B8 lag 20ms,Stressed,0.112969840227623,0.456081630861309,0,0,9.92869358495607,13.141231996951,0,1.01534115317428,0.00182073245359668,200,NaN,0.179827429609446,NaN,1,1,0,0,0
3,P20,B8 lag 20ms,Stressed,0.114394252942891,0.454817745068929,0,0,9.92357812683118,13.193375966755,0,1.0153254682262,0.00181323826490341,200,NaN,0.181547683923706,NaN,1,1,0,0,0
1,State-event,B8 lag 20ms,Stressed,0.255261768992692,0.27555144290064,0,0,9.96476565650777,13.3553628254354,0,1.01534986162229,0.00271162735491931,42.4,NaN,0.435278837420527,NaN,1,1,0,0,0
2,State-event,B8 lag 20ms,Stressed,0.25205862668391,0.294099468038538,0,0,9.96476565650777,13.3553628254354,0,1.01532037584094,0.00266872263957021,42.3666666666667,NaN,0.413211625794732,NaN,1,1,0,0,0
3,State-event,B8 lag 20ms,Stressed,0.253718976669875,0.290220024590791,0,0,9.96476565650777,13.5791540109675,0,1.0153404764315,0.00265440266132267,42.6,NaN,0.425587647593097,NaN,1,1,0,0,0
1,Causal-v3,B8 lag 20ms,Stressed,0.11855906813358,0.456359433340992,0,0,9.9580142174233,13.27492697698,0,1.01535554607143,0.00166950650254004,183.133333333333,109.566666666667,0.18899727520436,0.308753405994548,1,1,0,0,0
2,Causal-v3,B8 lag 20ms,Stressed,0.120373063408744,0.452054825834772,0,0,9.95879196121791,13.1555574575422,0,1.01534988110006,0.00166141022844952,183.2,108.933333333333,0.193073569482289,0.313044959128064,1,1,0,0,0
3,Causal-v3,B8 lag 20ms,Stressed,0.120558638670536,0.451617365240261,0,0,9.96411215930693,13.1671886971971,0,1.01534486419131,0.00167252183381125,182.933333333333,107.9,0.192386920980926,0.312363760217982,1,1,0,0,0
1,P10,B9 lag 50ms,Stressed,0.149089248740519,0.414376210150001,0,0,10.2798354023884,14.3283127307359,0,1.01540997114743,0.004828059011301,100,NaN,0.241099000908265,NaN,1,1,0,0,0
2,P10,B9 lag 50ms,Stressed,0.146879982136368,0.413245048137775,0,0,10.2798354023884,13.4233800939599,0,1.01539739845828,0.00476683143429588,100,NaN,0.234223433242507,NaN,1,1,0,0,0
3,P10,B9 lag 50ms,Stressed,0.149518402580276,0.415248685733195,0,0,10.2798354023884,13.5208060567331,0,1.0154125189499,0.00496158153825638,100,NaN,0.23747502270663,NaN,1,1,0,0,0
1,P20,B9 lag 50ms,Stressed,0.113005459228257,0.457717374631695,0,0,10.2811886132644,13.5815064187191,0,1.01537572672907,0.00344647286688074,200,NaN,0.179229791099001,NaN,1,1,0,0,0
2,P20,B9 lag 50ms,Stressed,0.112986547844634,0.45604456049507,0,0,10.2794821386108,13.3240982388673,0,1.01539173658461,0.00343217889823263,200,NaN,0.179827429609446,NaN,1,1,0,0,0
3,P20,B9 lag 50ms,Stressed,0.114396889128384,0.454705750276309,0,0,10.2794639215335,13.4366569896676,0,1.01537567845664,0.00341688524851488,200,NaN,0.181547683923706,NaN,1,1,0,0,0
1,State-event,B9 lag 50ms,Stressed,0.250880904405306,0.283279892176062,0,0,10.2798354023884,13.5532938672448,0,1.0154526386671,0.00709309483199347,42.5333333333333,NaN,0.42149863760218,NaN,1,1,0,0,0
2,State-event,B9 lag 50ms,Stressed,0.255073451609743,0.270543987572268,0,0,10.2798354023884,13.5532938672448,0,1.01544918209719,0.00673833266820264,42.5666666666667,NaN,0.421233424159854,NaN,1,1,0,0,0
3,State-event,B9 lag 50ms,Stressed,0.256905315917158,0.265510086980205,0,0,10.2798354023884,13.8542005048595,0,1.01542544673154,0.00685039894113255,42.6666666666667,NaN,0.423665758401453,NaN,1,1,0,0,0
1,Causal-v3,B9 lag 50ms,Stressed,0.118925193285305,0.45548453403102,0,0,10.2798354023884,13.4985934891449,0,1.01540665742631,0.00338717173130211,183.333333333333,108.766666666667,0.189760217983651,0.30976839237057,1,1,0,0,0
2,Causal-v3,B9 lag 50ms,Stressed,0.12126813913503,0.450850646335233,0,0,10.2798354023884,13.2991791215374,0,1.01540075485605,0.00345821021544038,183.3,107.6,0.194158038147139,0.314257493188009,1,1,0,0,0
3,Causal-v3,B9 lag 50ms,Stressed,0.121863778004399,0.448019449355424,0,0,10.2798354023884,13.3249316455805,0,1.01539580678413,0.00344879797137407,183.2,107.866666666667,0.194136239782016,0.314632152588554,1,1,0,0,0
