seed,packetLoss,RMSE,MAXERR,MINSEP,MINSEPEVAL,PDR,AOI
1,0,0.0345249153681788,0.0454982947248595,0.266728553617213,0.554876179588722,1,0.0499636693914623
2,0,0.0345249153681788,0.0454982947248595,0.266728553617213,0.554876179588722,1,0.0499636693914623
3,0,0.0345249153681788,0.0454982947248595,0.266728553617213,0.554876179588722,1,0.0499636693914623
4,0,0.0345249153681788,0.0454982947248595,0.266728553617213,0.554876179588722,1,0.0499636693914623
5,0,0.0345249153681788,0.0454982947248595,0.266728553617213,0.554876179588722,1,0.0499636693914623
6,0,0.0345249153681788,0.0454982947248595,0.266728553617213,0.554876179588722,1,0.0499636693914623
7,0,0.0345249153681788,0.0454982947248595,0.266728553617213,0.554876179588722,1,0.0499636693914623
8,0,0.0345249153681788,0.0454982947248595,0.266728553617213,0.554876179588722,1,0.0499636693914623
9,0,0.0345249153681788,0.0454982947248595,0.266728553617213,0.554876179588722,1,0.0499636693914623
10,0,0.0345249153681788,0.0454982947248595,0.266728553617213,0.554876179588722,1,0.0499636693914623
11,0,0.0345249153681788,0.0454982947248595,0.266728553617213,0.554876179588722,1,0.0499636693914623
12,0,0.0345249153681788,0.0454982947248595,0.266728553617213,0.554876179588722,1,0.0499636693914623
13,0,0.0345249153681788,0.0454982947248595,0.266728553617213,0.554876179588722,1,0.0499636693914623
14,0,0.0345249153681788,0.0454982947248595,0.266728553617213,0.554876179588722,1,0.0499636693914623
15,0,0.0345249153681788,0.0454982947248595,0.266728553617213,0.554876179588722,1,0.0499636693914623
16,0,0.0345249153681788,0.0454982947248595,0.266728553617213,0.554876179588722,1,0.0499636693914623
17,0,0.0345249153681788,0.0454982947248595,0.266728553617213,0.554876179588722,1,0.0499636693914623
18,0,0.0345249153681788,0.0454982947248595,0.266728553617213,0.554876179588722,1,0.0499636693914623
19,0,0.0345249153681788,0.0454982947248595,0.266728553617213,0.554876179588722,1,0.0499636693914623
20,0,0.0345249153681788,0.0454982947248595,0.266728553617213,0.554876179588722,1,0.0499636693914623
1,0.1,0.0416832540887796,0.0561529640888449,0.26716061675208,0.545772451569534,0.896179401993355,0.0621571298819255
2,0.1,0.0401700108125297,0.0548407276511408,0.267592885210243,0.545839996659769,0.905869324473976,0.0597048138056312
3,0.1,0.0406204313878593,0.0539964592257979,0.265678985952902,0.547688111584661,0.897286821705426,0.0610974871329095
4,0.1,0.0401274682481904,0.0534548948870832,0.265757767332832,0.548645309701931,0.907530454042082,0.0601513775355737
5,0.1,0.0405780875000282,0.0550001663320243,0.266094195991923,0.54717577992022,0.901439645625692,0.0610596427490161
6,0.1,0.0413460621722221,0.0566996487476784,0.259417835707085,0.544829953285562,0.896456256921373,0.0609839539812292
7,0.1,0.0410494102525175,0.0553544557436371,0.268519559514477,0.547449562909821,0.898671096345515,0.0609763851044505
8,0.1,0.0405326772386215,0.0535638492913018,0.27301593506415,0.548953009893259,0.907530454042082,0.0601892219194671
9,0.1,0.0412180276356937,0.0571637213746515,0.265019578085944,0.544920117049548,0.89562569213732,0.061808961550106
10,0.1,0.0403458504186457,0.0565063336122899,0.266137013092688,0.549616901184781,0.900055370985604,0.0608023009385407
11,0.1,0.0415038056596855,0.0564747992518693,0.264993675705837,0.546519058323523,0.898394241417497,0.0613926733272782
12,0.1,0.0406834450480884,0.0605605859243906,0.26677336145793,0.5460110801509,0.902547065337763,0.060794732061762
13,0.1,0.0404468969803897,0.0540802896621864,0.264628860725962,0.547387544437363,0.899778516057586,0.0612034514078111
14,0.1,0.0408981504470963,0.0561731588611313,0.266642344998464,0.544411810935498,0.897840531561462,0.061808961550106
15,0.1,0.0406048964312746,0.0552783716759542,0.265647355181105,0.545881096104081,0.903100775193798,0.0601816530426885
16,0.1,0.0418814507366709,0.0618278055464889,0.262795204234239,0.547820740688598,0.898671096345515,0.0622328186497124
17,0.1,0.040590001663892,0.0555114760088288,0.262503606964014,0.54826455830878,0.900885935769657,0.0611429003935816
18,0.1,0.0403847227917747,0.0560007187158802,0.263508249868336,0.55046301723853,0.901162790697674,0.0602346351801393
19,0.1,0.0408366293190641,0.058537633770107,0.267753399768702,0.542184872862668,0.900332225913621,0.0606357856494096
20,0.1,0.0395571173179454,0.0541326623493831,0.26548315306989,0.550536025403099,0.910022148394241,0.0594626097487133
1,0.2,0.0496066739926348,0.0689689594592573,0.269215098334892,0.531484314546448,0.792081949058693,0.075402664244626
2,0.2,0.0473540204017546,0.0706732013326655,0.270382446195067,0.53642382625601,0.809800664451827,0.0725491976990614
3,0.2,0.0502382511721284,0.0786577729766672,0.267718094531226,0.540210837806609,0.792912513842746,0.0773932788374205
4,0.2,0.0484436689873818,0.0689671627288467,0.258833253792655,0.53126854026082,0.80343300110742,0.0739418710263396
5,0.2,0.047822701720609,0.06623424774248,0.267036846495528,0.537299232369353,0.806755260243632,0.0728292461398728
6,0.2,0.0495426491557374,0.0702429230165887,0.256928956202002,0.532655248038358,0.792912513842746,0.0749333938843475
7,0.2,0.0499445047305579,0.066919106278553,0.25563552990798,0.53430876286842,0.790143964562569,0.0766061156524371
8,0.2,0.0487843096741605,0.0675708751727598,0.273913948015869,0.535320118842795,0.803156146179402,0.0735937026945201
9,0.2,0.050202906246591,0.0706847330801751,0.268256487730988,0.534118547514752,0.788482834994463,0.077211625794732
10,0.2,0.0478416524927334,0.0668751290932005,0.258617891548131,0.537214916074841,0.804817275747508,0.0732606721162579
11,0.2,0.050386220277032,0.0694275997697768,0.272817447985121,0.534602619440421,0.797619047619048,0.0757356948228882
12,0.2,0.0486471050310399,0.0748476271238648,0.270093794846223,0.534515116749695,0.811738648947951,0.074320314865274
13,0.2,0.0484565795815804,0.0653417739490827,0.265633461174151,0.537885021948169,0.795127353266888,0.0755616106569784
14,0.2,0.0495259020327343,0.0698910937440704,0.265810240353409,0.530523853457639,0.798726467331119,0.07566757493188
15,0.2,0.0490618336922716,0.0714810757577578,0.26035098410957,0.531247913057212,0.80343300110742,0.0733969118982742
16,0.2,0.0501513232003475,0.0695359757029159,0.25871216851365,0.530671290899182,0.796788482834994,0.0759854677565849
17,0.2,0.0493543460056806,0.068943407549431,0.262556279251189,0.537498809334725,0.798172757475083,0.0754859218891916
18,0.2,0.0490653194634475,0.0709504989355384,0.25957779900835,0.539245872527631,0.798726467331119,0.0735937026945201
19,0.2,0.0491946825635478,0.0688175166056225,0.267362027970745,0.535608019867763,0.796511627906977,0.0755313351498637
20,0.2,0.0469536990884579,0.0644442322624595,0.26430267771284,0.542707009567935,0.802048726467331,0.0723751135331516
1,0.3,0.0594122617586243,0.085953960439072,0.270894291162639,0.514112300254515,0.695459579180509,0.0925537390251286
2,0.3,0.0561430141318874,0.0784554745534188,0.269946300213353,0.522535682106894,0.710963455149502,0.0880048440811383
3,0.3,0.0605056928141991,0.0897544241270518,0.269184074583836,0.52324054815753,0.694629014396456,0.0944459582198001
4,0.3,0.0582749268775673,0.0868201294451314,0.228548404570184,0.516714780436098,0.707918050941307,0.090782621858916
5,0.3,0.0576008780816126,0.0832410509115632,0.267831652017563,0.527306023941525,0.704042081949059,0.090517711171662
6,0.3,0.061066577082179,0.0900098894802861,0.236508825831385,0.516366791110531,0.696013289036545,0.0929624583711776
7,0.3,0.0614627386475591,0.0875962588510675,0.248599416491424,0.519868449227952,0.696013289036545,0.0957326672721768
8,0.3,0.0579615479478697,0.0823519212562037,0.272732218370164,0.524549505454674,0.709025470653378,0.0893066908870723
9,0.3,0.0603053793784491,0.0990703653173553,0.272850575228708,0.51872833364832,0.697397563676633,0.0937874659400544
10,0.3,0.05843650730155,0.0808517638892782,0.254201277531243,0.521076783432031,0.700719822812846,0.0910096881622766
11,0.3,0.0612155301459996,0.0854963083015491,0.270732082227175,0.518224357376135,0.697951273532669,0.0940069633666363
12,0.3,0.0614605586383933,0.0971617678338092,0.261172261727918,0.516169443161494,0.712901439645626,0.0938404480775052
13,0.3,0.0602574669216764,0.083231041117086,0.265384878111373,0.526416348784394,0.686323366555925,0.0949833484710868
14,0.3,0.0600607485129572,0.0858233660286857,0.274454665427894,0.516582795739362,0.70514950166113,0.092735392067817
15,0.3,0.0586566287603299,0.0866479423977896,0.258889319421809,0.520164859935174,0.710963455149502,0.0894277929155312
16,0.3,0.0607392295114934,0.0899835308125709,0.257907298800485,0.510150493483238,0.702934662236988,0.0925310323947926
17,0.3,0.0614433000927721,0.0897023035372296,0.262440912899656,0.526063178693855,0.698781838316722,0.0941432031486527
18,0.3,0.0599544944128095,0.0928893941627432,0.231031856973558,0.517679888342974,0.697951273532669,0.0901241295791703
19,0.3,0.0594433082832535,0.0822079509935814,0.255492419265003,0.52366190452183,0.700719822812846,0.0932273690584316
20,0.3,0.0570387755255206,0.0807012443483307,0.263937008820935,0.524462285617729,0.708471760797342,0.0892991220102936
1,0.4,0.0739271895543576,0.102172931729217,0.270166260367484,0.498391718999548,0.601052048726467,0.115782621858916
2,0.4,0.0699316171179978,0.103750698072147,0.251091161788265,0.500108963551752,0.614894795127353,0.111218589161368
3,0.4,0.0742461562205323,0.117967290546456,0.255163099067785,0.508036667403049,0.599114064230343,0.116933091129276
4,0.4,0.0703254800727792,0.105177367680221,0.225429810292365,0.503777842677502,0.616002214839424,0.109530729639721
5,0.4,0.0698312120208555,0.101564121079785,0.261560127428399,0.518805228901525,0.604097452934662,0.112891310929458
6,0.4,0.0756411742835443,0.11294284005468,0.237515256203467,0.495456280350033,0.597729789590255,0.114291553133515
7,0.4,0.0749858346019983,0.113591764037065,0.253243436680877,0.506727261584421,0.599390919158361,0.119915228580079
8,0.4,0.0733049335989296,0.105890263692127,0.273067601118905,0.509734723866358,0.600498338870432,0.11351195882531
9,0.4,0.0734679382616288,0.114464870930441,0.266900323864438,0.50020062654382,0.598837209302326,0.11587344838026
10,0.4,0.0714203357444522,0.107226864331519,0.258873750763504,0.503193268512506,0.606589147286822,0.11276264002422
11,0.4,0.0747076283172093,0.108598794878257,0.245246731375178,0.507501823790771,0.599667774086379,0.116077808053285
12,0.4,0.0758532571145074,0.115268009395291,0.249960279613456,0.498402235985004,0.613510520487265,0.116244323342416
13,0.4,0.0741387836962638,0.109245530909984,0.267254718707493,0.505874966345905,0.5921926910299,0.117364517105661
14,0.4,0.0756574029675569,0.112746383393184,0.26334540929853,0.490447773642095,0.596899224806202,0.116925522252498
15,0.4,0.0714421128256203,0.10449339373214,0.255754858435379,0.496822349408366,0.619601328903654,0.110015137753557
16,0.4,0.0761643094020131,0.112185632358094,0.263929437919981,0.487849687442227,0.59828349944629,0.120202845897669
17,0.4,0.076003900599474,0.107142421687753,0.261504523632968,0.510662394571267,0.599390919158361,0.116804420224039
18,0.4,0.0756324105591357,0.112511412938801,0.230229066644205,0.496125893460415,0.594407530454042,0.114889494399031
19,0.4,0.0755408843731502,0.112507465633676,0.256628106595382,0.49423518044939,0.599114064230343,0.118560399636694
20,0.4,0.0708538928503274,0.103036769004492,0.26654859443886,0.509491580459874,0.604651162790698,0.112989706327581
1,0.5,0.0946295177473936,0.134927010652825,0.25582799124339,0.471393718180287,0.502768549280177,0.151257947320618
2,0.5,0.0906019070677793,0.131025598748022,0.250709882639083,0.473157603084898,0.50359911406423,0.143507417499243
3,0.5,0.0923798370052558,0.14650880161747,0.254174487281651,0.488007998954843,0.501384274640089,0.14848016954284
4,0.5,0.0923892943937723,0.147113637792065,0.228290003605201,0.46486918995937,0.515503875968992,0.143832879200727
5,0.5,0.0887018914850064,0.138813297953457,0.239317662893784,0.477284679736198,0.502214839424142,0.144324856191341
6,0.5,0.0987193684209494,0.160684097004428,0.239810134790966,0.43984799056318,0.496124031007752,0.151583409022101
7,0.5,0.0979573624840048,0.139344712931719,0.249712612328276,0.469891608331134,0.492801771871539,0.157956403269755
8,0.5,0.0932977546183869,0.138870115303278,0.273066691000823,0.487098879130263,0.5,0.146224644262791
9,0.5,0.0933765994388336,0.147920501251517,0.254289843048307,0.45574691460631,0.49640088593577,0.149350590372389
10,0.5,0.0916304786374158,0.146678897176666,0.254312685132074,0.492213778959779,0.506367663344408,0.145286103542234
11,0.5,0.098690405117464,0.156666057984498,0.247095143493905,0.470343887891551,0.505260243632337,0.152029972752044
12,0.5,0.092314280279322,0.15682142807759,0.243959253356563,0.482562784784581,0.515227021040975,0.142394792612776
13,0.5,0.0982819957341229,0.155951781859958,0.266658778939689,0.455249513689848,0.491140642303433,0.153445352709658
14,0.5,0.0945985337106599,0.130742594617523,0.251538217426193,0.471470270402879,0.499446290143965,0.148177414471692
15,0.5,0.0939563949496414,0.156360400238085,0.252341588031913,0.447008044357615,0.513565891472868,0.143159249167424
16,0.5,0.0971405256189962,0.15361873825168,0.257992338108607,0.447061990249799,0.50359911406423,0.152733878292461
17,0.5,0.0977969943921098,0.151444698653311,0.256221252364292,0.477453864039339,0.495570321151717,0.149607932182864
18,0.5,0.0981000574698175,0.145714078990422,0.22797779242197,0.470131954050849,0.497785160575858,0.149577656675749
19,0.5,0.0984151657896622,0.156710972403622,0.257414872013362,0.46267670322051,0.492524916943522,0.156874053890403
20,0.5,0.0904686212504514,0.146094438942732,0.20632172800684,0.480590753100847,0.514673311184939,0.144900090826521
1,0.6,0.124634769027391,0.189217223399834,0.261217836168536,0.413925380283569,0.407530454042082,0.197821677263094
2,0.6,0.121973946182209,0.214882428233127,0.237936224230459,0.40336948507884,0.397009966777409,0.193673932788374
3,0.6,0.124131414980283,0.194384575575087,0.234089367783417,0.443269507059238,0.405038759689922,0.198026036936119
4,0.6,0.120775166051157,0.184425554424197,0.221360320411176,0.431862560583212,0.4078073089701,0.190003027550711
5,0.6,0.113484112536537,0.210376501034594,0.249003675691486,0.434028633590771,0.408637873754153,0.191304874356645
6,0.6,0.127083265283258,0.198968719084755,0.240481648216545,0.402035978218898,0.397286821705426,0.199191643960036
7,0.6,0.127301458080104,0.204169947582828,0.236830142236803,0.445720906701627,0.39562569213732,0.203399939448986
8,0.6,0.120299201597718,0.178347339587006,0.269821235702261,0.445785701669062,0.403377630121816,0.189140175597941
9,0.6,0.133909712671718,0.225393496134374,0.243077054261904,0.386332346010739,0.393410852713178,0.20821374508023
10,0.6,0.120260391036405,0.196496341693886,0.254059022101187,0.44065475905291,0.406423034330011,0.19162276718135
11,0.6,0.137429472344323,0.224888596644596,0.246937162730963,0.425156309537035,0.397286821705426,0.210560096881623
12,0.6,0.12904282353525,0.22291082236772,0.243952652285434,0.426418761484378,0.407253599114064,0.200084771419921
13,0.6,0.130119800631201,0.207073207546129,0.26902859230333,0.401669379482826,0.391472868217054,0.203937329700273
14,0.6,0.122195612840981,0.183857444292871,0.228153032229346,0.441850652413262,0.397286821705426,0.195520738722374
15,0.6,0.12413137154111,0.215557394656228,0.248618977025849,0.394293689169732,0.408084163898117,0.194082652134423
16,0.6,0.120673895862768,0.180787672449987,0.258053586929342,0.421817929068906,0.405869324473976,0.196330608537693
17,0.6,0.130446601740526,0.187714067308176,0.255566440773802,0.424369686752541,0.398671096345515,0.198926733272782
18,0.6,0.126144166463578,0.176983213984043,0.231418476910722,0.443529588429677,0.408637873754153,0.195301241295792
19,0.6,0.135664529351049,0.244533415362277,0.275391186896666,0.427844502645637,0.386489479512735,0.211483499848622
20,0.6,0.117581291258144,0.174580453287148,0.19954815614673,0.437554229743136,0.408914728682171,0.190389040266425
