seed,commRateHz,packetLoss,delay,RMSE,MAXERR,MINFULL,MINEVAL,PDR,AOI,ARRIVAL,TXRATE,SAFETYFAIL,FORMATIONFAIL
1,5,0,0,0.0698032272932154,0.0892445743615404,0.259222651066344,0.51091460681903,1,0.0999182561307908,1,60,0,0
2,5,0,0,0.0698032272932154,0.0892445743615404,0.259222651066344,0.51091460681903,1,0.0999182561307908,1,60,0,0
3,5,0,0,0.0698032272932154,0.0892445743615404,0.259222651066344,0.51091460681903,1,0.0999182561307908,1,60,0,0
4,5,0,0,0.0698032272932154,0.0892445743615404,0.259222651066344,0.51091460681903,1,0.0999182561307908,1,60,0,0
5,5,0,0,0.0698032272932154,0.0892445743615404,0.259222651066344,0.51091460681903,1,0.0999182561307908,1,60,0,0
6,5,0,0,0.0698032272932154,0.0892445743615404,0.259222651066344,0.51091460681903,1,0.0999182561307908,1,60,0,0
7,5,0,0,0.0698032272932154,0.0892445743615404,0.259222651066344,0.51091460681903,1,0.0999182561307908,1,60,0,0
8,5,0,0,0.0698032272932154,0.0892445743615404,0.259222651066344,0.51091460681903,1,0.0999182561307908,1,60,0,0
9,5,0,0,0.0698032272932154,0.0892445743615404,0.259222651066344,0.51091460681903,1,0.0999182561307908,1,60,0,0
10,5,0,0,0.0698032272932154,0.0892445743615404,0.259222651066344,0.51091460681903,1,0.0999182561307908,1,60,0,0
11,5,0,0,0.0698032272932154,0.0892445743615404,0.259222651066344,0.51091460681903,1,0.0999182561307908,1,60,0,0
12,5,0,0,0.0698032272932154,0.0892445743615404,0.259222651066344,0.51091460681903,1,0.0999182561307908,1,60,0,0
13,5,0,0,0.0698032272932154,0.0892445743615404,0.259222651066344,0.51091460681903,1,0.0999182561307908,1,60,0,0
14,5,0,0,0.0698032272932154,0.0892445743615404,0.259222651066344,0.51091460681903,1,0.0999182561307908,1,60,0,0
15,5,0,0,0.0698032272932154,0.0892445743615404,0.259222651066344,0.51091460681903,1,0.0999182561307908,1,60,0,0
16,5,0,0,0.0698032272932154,0.0892445743615404,0.259222651066344,0.51091460681903,1,0.0999182561307908,1,60,0,0
17,5,0,0,0.0698032272932154,0.0892445743615404,0.259222651066344,0.51091460681903,1,0.0999182561307908,1,60,0,0
18,5,0,0,0.0698032272932154,0.0892445743615404,0.259222651066344,0.51091460681903,1,0.0999182561307908,1,60,0,0
19,5,0,0,0.0698032272932154,0.0892445743615404,0.259222651066344,0.51091460681903,1,0.0999182561307908,1,60,0,0
20,5,0,0,0.0698032272932154,0.0892445743615404,0.259222651066344,0.51091460681903,1,0.0999182561307908,1,60,0,0
1,10,0,0,0.0345249153681788,0.0454982947248595,0.266728553617213,0.554876179588722,1,0.0499636693914622,1,120,0,0
2,10,0,0,0.0345249153681788,0.0454982947248595,0.266728553617213,0.554876179588722,1,0.0499636693914622,1,120,0,0
3,10,0,0,0.0345249153681788,0.0454982947248595,0.266728553617213,0.554876179588722,1,0.0499636693914622,1,120,0,0
4,10,0,0,0.0345249153681788,0.0454982947248595,0.266728553617213,0.554876179588722,1,0.0499636693914622,1,120,0,0
5,10,0,0,0.0345249153681788,0.0454982947248595,0.266728553617213,0.554876179588722,1,0.0499636693914622,1,120,0,0
6,10,0,0,0.0345249153681788,0.0454982947248595,0.266728553617213,0.554876179588722,1,0.0499636693914622,1,120,0,0
7,10,0,0,0.0345249153681788,0.0454982947248595,0.266728553617213,0.554876179588722,1,0.0499636693914622,1,120,0,0
8,10,0,0,0.0345249153681788,0.0454982947248595,0.266728553617213,0.554876179588722,1,0.0499636693914622,1,120,0,0
9,10,0,0,0.0345249153681788,0.0454982947248595,0.266728553617213,0.554876179588722,1,0.0499636693914622,1,120,0,0
10,10,0,0,0.0345249153681788,0.0454982947248595,0.266728553617213,0.554876179588722,1,0.0499636693914622,1,120,0,0
11,10,0,0,0.0345249153681788,0.0454982947248595,0.266728553617213,0.554876179588722,1,0.0499636693914622,1,120,0,0
12,10,0,0,0.0345249153681788,0.0454982947248595,0.266728553617213,0.554876179588722,1,0.0499636693914622,1,120,0,0
13,10,0,0,0.0345249153681788,0.0454982947248595,0.266728553617213,0.554876179588722,1,0.0499636693914622,1,120,0,0
14,10,0,0,0.0345249153681788,0.0454982947248595,0.266728553617213,0.554876179588722,1,0.0499636693914622,1,120,0,0
15,10,0,0,0.0345249153681788,0.0454982947248595,0.266728553617213,0.554876179588722,1,0.0499636693914622,1,120,0,0
16,10,0,0,0.0345249153681788,0.0454982947248595,0.266728553617213,0.554876179588722,1,0.0499636693914622,1,120,0,0
17,10,0,0,0.0345249153681788,0.0454982947248595,0.266728553617213,0.554876179588722,1,0.0499636693914622,1,120,0,0
18,10,0,0,0.0345249153681788,0.0454982947248595,0.266728553617213,0.554876179588722,1,0.0499636693914622,1,120,0,0
19,10,0,0,0.0345249153681788,0.0454982947248595,0.266728553617213,0.554876179588722,1,0.0499636693914622,1,120,0,0
20,10,0,0,0.0345249153681788,0.0454982947248595,0.266728553617213,0.554876179588722,1,0.0499636693914622,1,120,0,0
1,20,0,0,0.0211627771768365,0.0306498291748195,0.271401549942449,0.572446386252435,1,0.0259854677565848,1,240,0,0
2,20,0,0,0.0211627771768365,0.0306498291748195,0.271401549942449,0.572446386252435,1,0.0259854677565848,1,240,0,0
3,20,0,0,0.0211627771768365,0.0306498291748195,0.271401549942449,0.572446386252435,1,0.0259854677565848,1,240,0,0
4,20,0,0,0.0211627771768365,0.0306498291748195,0.271401549942449,0.572446386252435,1,0.0259854677565848,1,240,0,0
5,20,0,0,0.0211627771768365,0.0306498291748195,0.271401549942449,0.572446386252435,1,0.0259854677565848,1,240,0,0
6,20,0,0,0.0211627771768365,0.0306498291748195,0.271401549942449,0.572446386252435,1,0.0259854677565848,1,240,0,0
7,20,0,0,0.0211627771768365,0.0306498291748195,0.271401549942449,0.572446386252435,1,0.0259854677565848,1,240,0,0
8,20,0,0,0.0211627771768365,0.0306498291748195,0.271401549942449,0.572446386252435,1,0.0259854677565848,1,240,0,0
9,20,0,0,0.0211627771768365,0.0306498291748195,0.271401549942449,0.572446386252435,1,0.0259854677565848,1,240,0,0
10,20,0,0,0.0211627771768365,0.0306498291748195,0.271401549942449,0.572446386252435,1,0.0259854677565848,1,240,0,0
11,20,0,0,0.0211627771768365,0.0306498291748195,0.271401549942449,0.572446386252435,1,0.0259854677565848,1,240,0,0
12,20,0,0,0.0211627771768365,0.0306498291748195,0.271401549942449,0.572446386252435,1,0.0259854677565848,1,240,0,0
13,20,0,0,0.0211627771768365,0.0306498291748195,0.271401549942449,0.572446386252435,1,0.0259854677565848,1,240,0,0
14,20,0,0,0.0211627771768365,0.0306498291748195,0.271401549942449,0.572446386252435,1,0.0259854677565848,1,240,0,0
15,20,0,0,0.0211627771768365,0.0306498291748195,0.271401549942449,0.572446386252435,1,0.0259854677565848,1,240,0,0
16,20,0,0,0.0211627771768365,0.0306498291748195,0.271401549942449,0.572446386252435,1,0.0259854677565848,1,240,0,0
17,20,0,0,0.0211627771768365,0.0306498291748195,0.271401549942449,0.572446386252435,1,0.0259854677565848,1,240,0,0
18,20,0,0,0.0211627771768365,0.0306498291748195,0.271401549942449,0.572446386252435,1,0.0259854677565848,1,240,0,0
19,20,0,0,0.0211627771768365,0.0306498291748195,0.271401549942449,0.572446386252435,1,0.0259854677565848,1,240,0,0
20,20,0,0,0.0211627771768365,0.0306498291748195,0.271401549942449,0.572446386252435,1,0.0259854677565848,1,240,0,0
1,5,0.2,0,0.100452709057863,0.143973876897323,0.262626268630207,0.47978923803574,0.783333333333333,0.15262791401756,0.783333333333333,60,0,1
2,5,0.2,0,0.109117540726834,0.192775051488096,0.266123873437079,0.456081665802368,0.79,0.157471995155919,0.79,60,0,1
3,5,0.2,0,0.108398685373051,0.165321993646575,0.259664377131202,0.439949613069474,0.783888888888889,0.159742658189525,0.783888888888889,60,0,1
4,5,0.2,0,0.0990220799305236,0.137643682984535,0.258539752351002,0.472497487732462,0.808333333333333,0.144937935210415,0.808333333333333,60,0,0
5,5,0.2,0,0.101431420292009,0.157859374109454,0.258447079278653,0.476809273862772,0.801111111111111,0.147783832879201,0.801111111111111,60,0,1
6,5,0.2,0,0.103101986648411,0.151477624752819,0.259298613617838,0.461502690426976,0.796666666666667,0.153097184377838,0.796666666666667,60,0,1
7,5,0.2,0,0.0994297448062174,0.14540805194532,0.265914506937156,0.462914158404753,0.810555555555556,0.144287011807448,0.810555555555556,60,0,0
8,5,0.2,0,0.101466153899192,0.137800307847102,0.259062364357453,0.464269448160573,0.788888888888889,0.151356342718741,0.788888888888889,60,0,1
9,5,0.2,0,0.103227991195809,0.145180657017885,0.259723405556829,0.469858680924298,0.800555555555556,0.152643051771117,0.800555555555556,60,0,1
10,5,0.2,0,0.106818049705003,0.157722806704996,0.23724682261241,0.444386134346401,0.792222222222222,0.156245837117772,0.792222222222222,60,0,1
11,5,0.2,0,0.101018242240288,0.14121580604177,0.26071678955981,0.463465935841033,0.791666666666667,0.150054495912807,0.791666666666667,60,0,1
12,5,0.2,0,0.0963497691919323,0.137812967907021,0.25972416681398,0.475913681741307,0.803333333333333,0.146042991220103,0.803333333333333,60,0,0
13,5,0.2,0,0.102493150381482,0.155769121927082,0.235823135818122,0.457748192694712,0.799444444444444,0.149494399031184,0.799444444444444,60,0,1
14,5,0.2,0,0.101488537162236,0.141889610497235,0.215045563092678,0.470349535903254,0.791111111111111,0.14899485316379,0.791111111111111,60,0,1
15,5,0.2,0,0.102238772154239,0.140690457678082,0.261511410993034,0.467865009253348,0.792222222222222,0.152900393581593,0.792222222222222,60,0,1
16,5,0.2,0,0.0977305830053625,0.13814816501957,0.25983093723992,0.472007412609814,0.82,0.144877384196185,0.82,60,0,0
17,5,0.2,0,0.098745791844344,0.150864961649926,0.266888386901276,0.474140698275119,0.808333333333333,0.149206781713594,0.808333333333333,60,0,0
18,5,0.2,0,0.0987615378288592,0.153758751950688,0.260489666477666,0.446521861158706,0.801666666666667,0.145709960641841,0.801666666666667,60,0,0
19,5,0.2,0,0.097240111634044,0.141135381139175,0.264549995456448,0.468632936027915,0.813888888888889,0.144287011807448,0.813888888888889,60,0,0
20,5,0.2,0,0.0969265170271469,0.146521967200751,0.219351570726654,0.458748824265596,0.801666666666667,0.144302149561005,0.801666666666667,60,0,0
1,10,0.2,0,0.0486509773252519,0.0696643421679097,0.264377609033572,0.53570781381069,0.803333333333333,0.0739721465334545,0.803333333333333,120,0,0
2,10,0.2,0,0.0483976885288053,0.0720715788188537,0.267612982528402,0.531721589435903,0.806111111111111,0.0740175597941266,0.806111111111111,120,0,0
3,10,0.2,0,0.050591583313255,0.0672117959686228,0.265525997006502,0.53592069027634,0.793055555555556,0.0767196488041176,0.793055555555556,120,0,0
4,10,0.2,0,0.0495113016981231,0.075483567970877,0.268184440871566,0.53722721823276,0.793888888888889,0.0767120799273389,0.793888888888889,120,0,0
5,10,0.2,0,0.0496580674039137,0.0696256440554586,0.267292194623516,0.530737035507514,0.796666666666667,0.0760006055101423,0.796666666666667,120,0,0
6,10,0.2,0,0.0496378529310146,0.0696447338245952,0.25911808801652,0.536292337059302,0.798333333333333,0.0752210112019377,0.798333333333333,120,0,0
7,10,0.2,0,0.0483519409081583,0.0693959412275537,0.266726925831976,0.534494022973192,0.808888888888889,0.0748879806236755,0.808888888888889,120,0,0
8,10,0.2,0,0.049622197054266,0.0701328932054632,0.26771484333165,0.530256952294959,0.790277777777778,0.0757054193157736,0.790277777777778,120,0,0
9,10,0.2,0,0.0504478617236517,0.073263499772846,0.263576195971345,0.532337690785185,0.805,0.0755237662730851,0.805,120,0,0
10,10,0.2,0,0.0486065440947333,0.0666413704457489,0.269162191988038,0.539428521166209,0.802222222222222,0.0745473811686346,0.802222222222222,120,0,0
11,10,0.2,0,0.0480447361581259,0.0658349924061443,0.262614393883838,0.53692886904822,0.81,0.0733136542537088,0.81,120,0,0
12,10,0.2,0,0.0492151740302638,0.0739640911857806,0.264010491744549,0.540798815388073,0.798055555555556,0.0761671207992735,0.798055555555556,120,0,0
13,10,0.2,0,0.0477662695407407,0.0676255737606267,0.253174026656799,0.5327907045337,0.810555555555556,0.0721404783530124,0.810555555555556,120,0,0
14,10,0.2,0,0.0497434465299932,0.0757301921071732,0.261520477356294,0.536590119374191,0.800555555555556,0.0751377535573722,0.800555555555556,120,0,0
15,10,0.2,0,0.0487475461028753,0.0698067112916754,0.262364777546816,0.537468788239161,0.800833333333333,0.074925825007569,0.800833333333333,120,0,0
16,10,0.2,0,0.0499539190116449,0.0707938082016641,0.262895053962799,0.535154829900158,0.798611111111111,0.0761973963063882,0.798611111111111,120,0,0
17,10,0.2,0,0.0491287431791075,0.0714089019485745,0.26540031586754,0.531673323419226,0.795277777777778,0.075887072358462,0.795277777777778,120,0,0
18,10,0.2,0,0.0492950651318604,0.0683872599244455,0.26501073327398,0.537445443442492,0.801666666666667,0.0741386618225856,0.801666666666667,120,0,0
19,10,0.2,0,0.0500810183044978,0.069777732955604,0.269958764499969,0.534409167715856,0.793611111111111,0.0764623069936421,0.793611111111111,120,0,0
20,10,0.2,0,0.0483838342558548,0.0701031364476373,0.270686223941023,0.530342372686789,0.805277777777778,0.0730487435664548,0.805277777777778,120,0,0
1,20,0.2,0,0.0267634535075609,0.0376022959310709,0.265732623049529,0.564543759855032,0.799305555555555,0.0379185588858613,0.799305555555556,240,0,0
2,20,0.2,0,0.0272904266417299,0.0382376459235304,0.266222155490641,0.564401134819451,0.795555555555556,0.0387359975779595,0.795555555555556,240,0,0
3,20,0.2,0,0.0271405052228635,0.0377385603135809,0.268346804809303,0.564206410975448,0.798333333333333,0.0390175597941266,0.798333333333333,240,0,0
4,20,0.2,0,0.0269435424446768,0.0376199268156573,0.271438571710442,0.563618538528957,0.804444444444444,0.0378716318498335,0.804444444444444,240,0,0
5,20,0.2,0,0.0271581489227588,0.0380225985803108,0.269476113385887,0.564735524689861,0.807638888888889,0.0381032394792613,0.807638888888889,240,0,0
6,20,0.2,0,0.0265714927088913,0.0373543926145034,0.269141357543107,0.563995054534328,0.808194444444444,0.0377172267635483,0.808194444444444,240,0,0
7,20,0.2,0,0.0270884341922562,0.0370811370900436,0.270430171341076,0.563832229859859,0.796805555555556,0.0383802603693612,0.796805555555556,240,0,0
8,20,0.2,0,0.0268708847525301,0.0368120180137611,0.27018786625187,0.564647619693816,0.800277777777778,0.0380638813200121,0.800277777777778,240,0,0
9,20,0.2,0,0.0271836522302881,0.0375287611166775,0.270343056673699,0.564100430243378,0.795694444444444,0.0386633363608841,0.795694444444444,240,0,0
10,20,0.2,0,0.0268416789386645,0.0367681772702787,0.268458959349423,0.565201298459707,0.800694444444444,0.0378262185891614,0.800694444444444,240,0,0
11,20,0.2,0,0.0263402385880272,0.0395660441416924,0.271443607638462,0.561087398275711,0.805833333333333,0.0370012110202846,0.805833333333333,240,0,0
12,20,0.2,0,0.0273449864975603,0.0390480634515918,0.272689318342777,0.564799042244535,0.802361111111111,0.0384741144414169,0.802361111111111,240,0,0
13,20,0.2,0,0.0272731434839803,0.0380002446827493,0.27180762013435,0.564658509284397,0.799444444444444,0.0387375113533152,0.799444444444444,240,0,0
14,20,0.2,0,0.0266878352423887,0.03721960796572,0.268987769648319,0.563613931745984,0.805,0.0376702997275204,0.805,240,0,0
15,20,0.2,0,0.0272120493892451,0.0378409588348424,0.268823190506492,0.56276012000851,0.797638888888889,0.0384589766878595,0.797638888888889,240,0,0
16,20,0.2,0,0.0267976183608936,0.0369907852145004,0.26927277104612,0.564577693314751,0.796111111111111,0.0383015440508629,0.796111111111111,240,0,0
17,20,0.2,0,0.0268054617751786,0.0367077578362145,0.271061378326672,0.565494386969071,0.801944444444444,0.038012412957917,0.801944444444444,240,0,0
18,20,0.2,0,0.0270760719165633,0.0375121758737968,0.260205206949696,0.563469831459983,0.798194444444444,0.0380593399939449,0.798194444444444,240,0,0
19,20,0.2,0,0.0266476807633652,0.0366221015615407,0.26963837709486,0.566859761260915,0.806944444444444,0.037494701786255,0.806944444444444,240,0,0
20,20,0.2,0,0.0270031514713024,0.0393973744045664,0.269290541669254,0.563832516226078,0.797638888888889,0.0387844383893431,0.797638888888889,240,0,0
1,5,0.4,0,0.152932860044261,0.220186125119775,0.226522119291323,0.392666405180954,0.596666666666667,0.240684226460793,0.596666666666667,60,0,1
2,5,0.4,0,0.151471853524576,0.220712050144676,0.258367750535492,0.380888394546065,0.605,0.231995155918862,0.605,60,0,1
3,5,0.4,0,0.141787485545549,0.214263721581182,0.268553802894377,0.434993630956196,0.607777777777778,0.218764759309718,0.607777777777778,60,0,1
4,5,0.4,0,0.160685037868083,0.248544940479059,0.193509651512615,0.393259886349185,0.581666666666667,0.23954889494399,0.581666666666667,60,0,1
5,5,0.4,0,0.146286376010323,0.195959900140895,0.255179667516431,0.416395602725412,0.603888888888889,0.230057523463518,0.603888888888889,60,0,1
6,5,0.4,0,0.154221188149424,0.23072411366995,0.249315977220055,0.379428413199706,0.588888888888889,0.23431123221314,0.588888888888889,60,0,1
7,5,0.4,0,0.149523086903131,0.228342683853876,0.238450611948051,0.378887882921325,0.603888888888889,0.225561610656979,0.603888888888889,60,0,1
8,5,0.4,0,0.143898887682578,0.227565035171723,0.221048941289045,0.406968785478304,0.608333333333333,0.236279140175598,0.608333333333333,60,0,1
9,5,0.4,0,0.14612173356636,0.222858115015747,0.257640096247667,0.402206000909753,0.602777777777778,0.232040569179534,0.602777777777778,60,0,1
10,5,0.4,0,0.158772598128489,0.248080356831567,0.191933252670799,0.383708145073831,0.581666666666667,0.247117771722676,0.581666666666667,60,0,1
11,5,0.4,0,0.148979353465801,0.225576807323943,0.228341674792105,0.425289355475735,0.588333333333333,0.235915834090221,0.588333333333333,60,0,1
12,5,0.4,0,0.15872689482637,0.239688091398663,0.240324263318092,0.406765904345567,0.580555555555555,0.24554344535271,0.580555555555556,60,0,1
13,5,0.4,0,0.145032010418332,0.209189307710884,0.200772966962877,0.390886882273999,0.622222222222222,0.225788676960339,0.622222222222222,60,0,1
14,5,0.4,0,0.153416953497198,0.24035461672042,0.229104418102545,0.364467861962476,0.597222222222222,0.230647895852256,0.597222222222222,60,0,1
15,5,0.4,0,0.149502672529291,0.212004504633161,0.223902224024086,0.404976646375352,0.595555555555556,0.230057523463518,0.595555555555556,60,0,1
16,5,0.4,0,0.15579332741713,0.246431997808467,0.210328811444958,0.398683758758782,0.597222222222222,0.232570390554042,0.597222222222222,60,0,1
17,5,0.4,0,0.153525482382096,0.224690507167116,0.241561879784324,0.384484686155069,0.582777777777778,0.235537390251287,0.582777777777778,60,0,1
18,5,0.4,0,0.147869089644417,0.28568173500843,0.225810511993919,0.38449565571681,0.612777777777778,0.210363306085377,0.612777777777778,60,0,1
19,5,0.4,0,0.156307589364775,0.240011424040655,0.237009513029758,0.391306757450389,0.584444444444444,0.244710868907054,0.584444444444444,60,0,1
20,5,0.4,0,0.155885088888307,0.24751325134082,0.260522724854221,0.361525767683558,0.595,0.24554344535271,0.595,60,0,1
1,10,0.4,0,0.0741931104240179,0.115682555002988,0.253056794517861,0.507291087155198,0.593611111111111,0.119120496518317,0.593611111111111,120,0,0
2,10,0.4,0,0.0779825740718532,0.116689016628355,0.24877866547803,0.490753663226116,0.593611111111111,0.12025582803512,0.593611111111111,120,0,0
3,10,0.4,0,0.0751632221872261,0.124760245482543,0.253054506212669,0.491081497419805,0.590833333333333,0.115865879503482,0.590833333333333,120,0,0
4,10,0.4,0,0.0716584118269926,0.103957098145963,0.252099986318542,0.513294213084171,0.605277777777778,0.112656675749319,0.605277777777778,120,0,0
5,10,0.4,0,0.0702376299247552,0.100018347357642,0.25420543106362,0.501693087715388,0.610833333333333,0.111377535573721,0.610833333333333,120,0,0
6,10,0.4,0,0.0729720638647337,0.103906538640554,0.255385926597981,0.498145923510552,0.613611111111111,0.11351195882531,0.613611111111111,120,0,0
7,10,0.4,0,0.0751511368231939,0.102045643155448,0.251606675056935,0.505442137184087,0.588888888888889,0.118477141992128,0.588888888888889,120,0,0
8,10,0.4,0,0.0728618313732678,0.0991086134606748,0.265692342870683,0.508292479960498,0.606111111111111,0.11374659400545,0.606111111111111,120,0,0
9,10,0.4,0,0.075231487403746,0.113998076131299,0.263360013173973,0.499297190312946,0.596111111111111,0.116759006963367,0.596111111111111,120,0,0
10,10,0.4,0,0.0757793334958657,0.107934611769317,0.253719418881887,0.495133012187194,0.5925,0.117508325764457,0.5925,120,0,0
11,10,0.4,0,0.072065749434514,0.103980336020682,0.247775141124404,0.496315583672927,0.613611111111111,0.114117468967605,0.613611111111111,120,0,0
12,10,0.4,0,0.073446882747576,0.122300732026265,0.263570518140005,0.513629833728384,0.603611111111111,0.118348471086891,0.603611111111111,120,0,0
13,10,0.4,0,0.07421073681452,0.102601671375318,0.258198084805901,0.503193232789678,0.586388888888889,0.120937026945201,0.586388888888889,120,0,0
14,10,0.4,0,0.0755894092716387,0.116310182055298,0.266767573757055,0.483950116535456,0.6,0.116039963669392,0.6,120,0,0
15,10,0.4,0,0.072681396084248,0.100451479250154,0.242618536018016,0.512423266396478,0.597222222222222,0.115214956100515,0.597222222222222,120,0,0
16,10,0.4,0,0.0769440255199906,0.117095177159817,0.260528266433833,0.507706164444657,0.596388888888889,0.121224644262791,0.596388888888889,120,0,0
17,10,0.4,0,0.0727429772018039,0.110111242734934,0.264464631079741,0.507728274655975,0.603611111111111,0.118719346049046,0.603611111111111,120,0,0
18,10,0.4,0,0.0756505013080907,0.11016754306175,0.2215347451094,0.490167687610205,0.594722222222222,0.119234029669997,0.594722222222222,120,0,0
19,10,0.4,0,0.0783576428390617,0.109378906664842,0.244632697623681,0.499553186574538,0.586111111111111,0.12319255222525,0.586111111111111,120,0,0
20,10,0.4,0,0.0728025287021219,0.116307473031094,0.214935643831123,0.512596408216303,0.606111111111111,0.112179836512262,0.606111111111111,120,0,0
1,20,0.4,0,0.0370722189581361,0.0530463290207406,0.267544545824179,0.549255241104289,0.6075,0.0574038752649106,0.6075,240,0,0
2,20,0.4,0,0.0389566926514813,0.055975834224797,0.256530312560588,0.548773098278018,0.592638888888889,0.060644868301544,0.592638888888889,240,0,0
3,20,0.4,0,0.0382725509581996,0.0560633393869923,0.2514739202805,0.549534140270337,0.603055555555556,0.0577444747199515,0.603055555555556,240,0,0
4,20,0.4,0,0.0393346430350275,0.0581954171287384,0.263694590882032,0.542735547161203,0.589305555555556,0.0603254617014835,0.589305555555556,240,0,0
5,20,0.4,0,0.0389523319798419,0.054786723605564,0.267720916448872,0.549182099936537,0.591944444444444,0.0598910081743869,0.591944444444444,240,0,0
6,20,0.4,0,0.0382363296715398,0.0515446771067761,0.26958419519223,0.54918774308959,0.595,0.0591235240690282,0.595,240,0,0
7,20,0.4,0,0.0373893992873851,0.0536731654953854,0.267630000198859,0.548865777158304,0.608194444444444,0.057338782924614,0.608194444444444,240,0,0
8,20,0.4,0,0.0369987323667753,0.0549007005177634,0.263816399836503,0.551939473614521,0.609583333333333,0.0564335452618831,0.609583333333333,240,0,0
9,20,0.4,0,0.0383302389714955,0.0561846536875982,0.255611698725309,0.550713668928284,0.604305555555556,0.0586376021798365,0.604305555555556,240,0,0
10,20,0.4,0,0.0399901363765833,0.058097693797679,0.262866863258909,0.552526230383738,0.58875,0.0613669391462307,0.58875,240,0,0
11,20,0.4,0,0.0387266407022939,0.0573625631202791,0.267608715918335,0.549786071070485,0.599027777777778,0.0598955495004541,0.599027777777778,240,0,0
12,20,0.4,0,0.0385356671160115,0.0534274686344931,0.257490490748414,0.548259418916778,0.594444444444444,0.0599666969421738,0.594444444444444,240,0,0
13,20,0.4,0,0.0376292781337964,0.0546362866893489,0.264866102526138,0.551921717057939,0.594166666666667,0.0583969118982743,0.594166666666667,240,0,0
14,20,0.4,0,0.0366831267889578,0.0537200832786603,0.239431162618428,0.551044930668497,0.596388888888889,0.0566500151377535,0.596388888888889,240,0,0
15,20,0.4,0,0.0375511508911389,0.0551643381181902,0.266080956134547,0.549865361404209,0.605138888888889,0.0587148047229791,0.605138888888889,240,0,0
16,20,0.4,0,0.0371131234762626,0.0552335072110827,0.246996157764355,0.550642163253056,0.604166666666667,0.0578216772630942,0.604166666666667,240,0,0
17,20,0.4,0,0.0385174043994521,0.0533493460112048,0.266027870349406,0.548612162420614,0.596666666666667,0.0594762337269149,0.596666666666667,240,0,0
18,20,0.4,0,0.038825175966243,0.063251834307841,0.260787177319778,0.541552636112166,0.600833333333333,0.0597426581895246,0.600833333333333,240,0,0
19,20,0.4,0,0.0391126698331854,0.0575507146687464,0.271838734066558,0.54747610565506,0.596805555555556,0.0592521949742658,0.596805555555556,240,0,0
20,20,0.4,0,0.0380635188624147,0.0544027830855923,0.256591980026904,0.547585005856789,0.605,0.0585346654556464,0.605,240,0,0
1,5,0,0.08,0.107940830273387,0.136685605663652,0.242863536342155,0.465261890788332,1,0.180027247956404,0.993333333333333,60,0,1
2,5,0,0.08,0.107940830273387,0.136685605663652,0.242863536342155,0.465261890788332,1,0.180027247956404,0.993333333333333,60,0,1
3,5,0,0.08,0.107940830273387,0.136685605663652,0.242863536342155,0.465261890788332,1,0.180027247956404,0.993333333333333,60,0,1
4,5,0,0.08,0.107940830273387,0.136685605663652,0.242863536342155,0.465261890788332,1,0.180027247956404,0.993333333333333,60,0,1
5,5,0,0.08,0.107940830273387,0.136685605663652,0.242863536342155,0.465261890788332,1,0.180027247956404,0.993333333333333,60,0,1
6,5,0,0.08,0.107940830273387,0.136685605663652,0.242863536342155,0.465261890788332,1,0.180027247956404,0.993333333333333,60,0,1
7,5,0,0.08,0.107940830273387,0.136685605663652,0.242863536342155,0.465261890788332,1,0.180027247956404,0.993333333333333,60,0,1
8,5,0,0.08,0.107940830273387,0.136685605663652,0.242863536342155,0.465261890788332,1,0.180027247956404,0.993333333333333,60,0,1
9,5,0,0.08,0.107940830273387,0.136685605663652,0.242863536342155,0.465261890788332,1,0.180027247956404,0.993333333333333,60,0,1
10,5,0,0.08,0.107940830273387,0.136685605663652,0.242863536342155,0.465261890788332,1,0.180027247956404,0.993333333333333,60,0,1
11,5,0,0.08,0.107940830273387,0.136685605663652,0.242863536342155,0.465261890788332,1,0.180027247956404,0.993333333333333,60,0,1
12,5,0,0.08,0.107940830273387,0.136685605663652,0.242863536342155,0.465261890788332,1,0.180027247956404,0.993333333333333,60,0,1
13,5,0,0.08,0.107940830273387,0.136685605663652,0.242863536342155,0.465261890788332,1,0.180027247956404,0.993333333333333,60,0,1
14,5,0,0.08,0.107940830273387,0.136685605663652,0.242863536342155,0.465261890788332,1,0.180027247956404,0.993333333333333,60,0,1
15,5,0,0.08,0.107940830273387,0.136685605663652,0.242863536342155,0.465261890788332,1,0.180027247956404,0.993333333333333,60,0,1
16,5,0,0.08,0.107940830273387,0.136685605663652,0.242863536342155,0.465261890788332,1,0.180027247956404,0.993333333333333,60,0,1
17,5,0,0.08,0.107940830273387,0.136685605663652,0.242863536342155,0.465261890788332,1,0.180027247956404,0.993333333333333,60,0,1
18,5,0,0.08,0.107940830273387,0.136685605663652,0.242863536342155,0.465261890788332,1,0.180027247956404,0.993333333333333,60,0,1
19,5,0,0.08,0.107940830273387,0.136685605663652,0.242863536342155,0.465261890788332,1,0.180027247956404,0.993333333333333,60,0,1
20,5,0,0.08,0.107940830273387,0.136685605663652,0.242863536342155,0.465261890788332,1,0.180027247956404,0.993333333333333,60,0,1
1,10,0,0.08,0.0802955028277136,0.101327341537748,0.254010216789875,0.499094905633904,1,0.129981834695732,0.996666666666667,120,0,0
2,10,0,0.08,0.0802955028277136,0.101327341537748,0.254010216789875,0.499094905633904,1,0.129981834695732,0.996666666666667,120,0,0
3,10,0,0.08,0.0802955028277136,0.101327341537748,0.254010216789875,0.499094905633904,1,0.129981834695732,0.996666666666667,120,0,0
4,10,0,0.08,0.0802955028277136,0.101327341537748,0.254010216789875,0.499094905633904,1,0.129981834695732,0.996666666666667,120,0,0
5,10,0,0.08,0.0802955028277136,0.101327341537748,0.254010216789875,0.499094905633904,1,0.129981834695732,0.996666666666667,120,0,0
6,10,0,0.08,0.0802955028277136,0.101327341537748,0.254010216789875,0.499094905633904,1,0.129981834695732,0.996666666666667,120,0,0
7,10,0,0.08,0.0802955028277136,0.101327341537748,0.254010216789875,0.499094905633904,1,0.129981834695732,0.996666666666667,120,0,0
8,10,0,0.08,0.0802955028277136,0.101327341537748,0.254010216789875,0.499094905633904,1,0.129981834695732,0.996666666666667,120,0,0
9,10,0,0.08,0.0802955028277136,0.101327341537748,0.254010216789875,0.499094905633904,1,0.129981834695732,0.996666666666667,120,0,0
10,10,0,0.08,0.0802955028277136,0.101327341537748,0.254010216789875,0.499094905633904,1,0.129981834695732,0.996666666666667,120,0,0
11,10,0,0.08,0.0802955028277136,0.101327341537748,0.254010216789875,0.499094905633904,1,0.129981834695732,0.996666666666667,120,0,0
12,10,0,0.08,0.0802955028277136,0.101327341537748,0.254010216789875,0.499094905633904,1,0.129981834695732,0.996666666666667,120,0,0
13,10,0,0.08,0.0802955028277136,0.101327341537748,0.254010216789875,0.499094905633904,1,0.129981834695732,0.996666666666667,120,0,0
14,10,0,0.08,0.0802955028277136,0.101327341537748,0.254010216789875,0.499094905633904,1,0.129981834695732,0.996666666666667,120,0,0
15,10,0,0.08,0.0802955028277136,0.101327341537748,0.254010216789875,0.499094905633904,1,0.129981834695732,0.996666666666667,120,0,0
16,10,0,0.08,0.0802955028277136,0.101327341537748,0.254010216789875,0.499094905633904,1,0.129981834695732,0.996666666666667,120,0,0
17,10,0,0.08,0.0802955028277136,0.101327341537748,0.254010216789875,0.499094905633904,1,0.129981834695732,0.996666666666667,120,0,0
18,10,0,0.08,0.0802955028277136,0.101327341537748,0.254010216789875,0.499094905633904,1,0.129981834695732,0.996666666666667,120,0,0
19,10,0,0.08,0.0802955028277136,0.101327341537748,0.254010216789875,0.499094905633904,1,0.129981834695732,0.996666666666667,120,0,0
20,10,0,0.08,0.0802955028277136,0.101327341537748,0.254010216789875,0.499094905633904,1,0.129981834695732,0.996666666666667,120,0,0
1,20,0,0.08,0.065417300084087,0.0825775562342023,0.257870077686883,0.517501764327284,1,0.106003633060854,0.996666666666667,240,0,0
2,20,0,0.08,0.065417300084087,0.0825775562342023,0.257870077686883,0.517501764327284,1,0.106003633060854,0.996666666666667,240,0,0
3,20,0,0.08,0.065417300084087,0.0825775562342023,0.257870077686883,0.517501764327284,1,0.106003633060854,0.996666666666667,240,0,0
4,20,0,0.08,0.065417300084087,0.0825775562342023,0.257870077686883,0.517501764327284,1,0.106003633060854,0.996666666666667,240,0,0
5,20,0,0.08,0.065417300084087,0.0825775562342023,0.257870077686883,0.517501764327284,1,0.106003633060854,0.996666666666667,240,0,0
6,20,0,0.08,0.065417300084087,0.0825775562342023,0.257870077686883,0.517501764327284,1,0.106003633060854,0.996666666666667,240,0,0
7,20,0,0.08,0.065417300084087,0.0825775562342023,0.257870077686883,0.517501764327284,1,0.106003633060854,0.996666666666667,240,0,0
8,20,0,0.08,0.065417300084087,0.0825775562342023,0.257870077686883,0.517501764327284,1,0.106003633060854,0.996666666666667,240,0,0
9,20,0,0.08,0.065417300084087,0.0825775562342023,0.257870077686883,0.517501764327284,1,0.106003633060854,0.996666666666667,240,0,0
10,20,0,0.08,0.065417300084087,0.0825775562342023,0.257870077686883,0.517501764327284,1,0.106003633060854,0.996666666666667,240,0,0
11,20,0,0.08,0.065417300084087,0.0825775562342023,0.257870077686883,0.517501764327284,1,0.106003633060854,0.996666666666667,240,0,0
12,20,0,0.08,0.065417300084087,0.0825775562342023,0.257870077686883,0.517501764327284,1,0.106003633060854,0.996666666666667,240,0,0
13,20,0,0.08,0.065417300084087,0.0825775562342023,0.257870077686883,0.517501764327284,1,0.106003633060854,0.996666666666667,240,0,0
14,20,0,0.08,0.065417300084087,0.0825775562342023,0.257870077686883,0.517501764327284,1,0.106003633060854,0.996666666666667,240,0,0
15,20,0,0.08,0.065417300084087,0.0825775562342023,0.257870077686883,0.517501764327284,1,0.106003633060854,0.996666666666667,240,0,0
16,20,0,0.08,0.065417300084087,0.0825775562342023,0.257870077686883,0.517501764327284,1,0.106003633060854,0.996666666666667,240,0,0
17,20,0,0.08,0.065417300084087,0.0825775562342023,0.257870077686883,0.517501764327284,1,0.106003633060854,0.996666666666667,240,0,0
18,20,0,0.08,0.065417300084087,0.0825775562342023,0.257870077686883,0.517501764327284,1,0.106003633060854,0.996666666666667,240,0,0
19,20,0,0.08,0.065417300084087,0.0825775562342023,0.257870077686883,0.517501764327284,1,0.106003633060854,0.996666666666667,240,0,0
20,20,0,0.08,0.065417300084087,0.0825775562342023,0.257870077686883,0.517501764327284,1,0.106003633060854,0.996666666666667,240,0,0
1,5,0.2,0.08,0.140415818034349,0.186697975075278,0.246106929389023,0.417452244520995,0.781111111111111,0.233342415985468,0.775555555555556,60,0,1
2,5,0.2,0.08,0.141704650875566,0.19649133032483,0.242863536342155,0.42273079956607,0.8,0.233054798667878,0.795555555555556,60,0,1
3,5,0.2,0.08,0.141422078608876,0.204058851441727,0.225050710902108,0.423341381640868,0.783888888888889,0.232888283378747,0.778333333333333,60,0,1
4,5,0.2,0.08,0.141672479435458,0.194683943562754,0.240459720425895,0.432389997360969,0.793333333333333,0.233872237359976,0.787222222222222,60,0,1
5,5,0.2,0.08,0.13588378747441,0.184624606628206,0.249023723623492,0.426484980684335,0.807222222222222,0.226394187102634,0.802777777777778,60,0,1
6,5,0.2,0.08,0.140405478848625,0.206211698001376,0.206075202887446,0.39854752739127,0.798888888888889,0.231238268240993,0.792777777777778,60,0,1
7,5,0.2,0.08,0.137211167077594,0.177882538897815,0.242014149924304,0.432002052614361,0.814444444444444,0.227438692098093,0.809444444444444,60,0,1
8,5,0.2,0.08,0.135419207293016,0.190110572589798,0.242860682989733,0.423720677750681,0.805555555555556,0.226091432031486,0.8,60,0,1
9,5,0.2,0.08,0.138637494513565,0.193546258672935,0.250059623423464,0.418892881417056,0.792777777777778,0.229391462306994,0.787222222222222,60,0,1
10,5,0.2,0.08,0.143319023132249,0.211473162967591,0.246500823165222,0.432085616393483,0.805,0.233463518013927,0.798333333333333,60,0,1
11,5,0.2,0.08,0.134898939693787,0.1884224865307,0.243315129274567,0.440517494112903,0.812777777777778,0.226333636088404,0.807222222222222,60,0,1
12,5,0.2,0.08,0.133331071035575,0.195451397809357,0.236644782151393,0.442239661047541,0.812777777777778,0.220899182561308,0.807222222222222,60,0,1
13,5,0.2,0.08,0.142080001816908,0.193043539710359,0.247826910370104,0.427903477749695,0.786666666666667,0.230254314259764,0.78,60,0,1
14,5,0.2,0.08,0.136528605748606,0.182592135647708,0.243836497390331,0.419562312582279,0.806111111111111,0.226409324856192,0.801111111111111,60,0,1
15,5,0.2,0.08,0.144410954600944,0.203737090684243,0.242662460186285,0.420545692132828,0.786111111111111,0.238610354223433,0.782222222222222,60,0,1
16,5,0.2,0.08,0.138111618934853,0.187684482579833,0.245903942693358,0.430736035918666,0.806666666666667,0.226182258552831,0.802222222222222,60,0,1
17,5,0.2,0.08,0.135545605796094,0.186771573535591,0.22273544006179,0.423129035469111,0.803888888888889,0.225682712685438,0.797777777777778,60,0,1
18,5,0.2,0.08,0.137381760235756,0.179977715853523,0.242174002755548,0.427001941237237,0.802777777777778,0.230814411141387,0.797777777777778,60,0,1
19,5,0.2,0.08,0.14100464163643,0.19065844258887,0.242439615366075,0.430883820831042,0.788888888888889,0.235855283075992,0.783888888888889,60,0,1
20,5,0.2,0.08,0.139529467201539,0.204567185591943,0.2042435836306,0.40515074750308,0.797222222222222,0.229255222524977,0.792222222222222,60,0,1
1,10,0.2,0.08,0.0970605416377113,0.131609933141666,0.248624199341357,0.4801693379651,0.793611111111111,0.156964880411747,0.791388888888889,120,0,0
2,10,0.2,0.08,0.0970201692002182,0.125870670304537,0.239572424578596,0.477604496777873,0.791388888888889,0.158493793521042,0.788055555555556,120,0,0
3,10,0.2,0.08,0.0964175069585742,0.130871624585982,0.25454401118839,0.481271110894141,0.792777777777778,0.156927036027854,0.790833333333333,120,0,0
4,10,0.2,0.08,0.095790525644637,0.130187548470594,0.234610033824134,0.480887167219604,0.791111111111111,0.15521646987587,0.788055555555556,120,0,0
5,10,0.2,0.08,0.0958222949555068,0.132145577564967,0.249665528628744,0.472356098597308,0.795833333333333,0.154754768392371,0.7925,120,0,0
6,10,0.2,0.08,0.0957852158143163,0.12285866096744,0.240246530848444,0.478710503914998,0.804722222222222,0.154504995458674,0.802222222222222,120,0,0
7,10,0.2,0.08,0.0970969440516102,0.129111823852855,0.238492412760915,0.478497573268546,0.790833333333333,0.157108689070542,0.788055555555556,120,0,0
8,10,0.2,0.08,0.0949200639741213,0.127450219969601,0.247193545175081,0.480547679616575,0.798055555555556,0.153785952164699,0.795833333333333,120,0,0
9,10,0.2,0.08,0.0961968662510838,0.129601656085739,0.255415863031473,0.481657103026875,0.803055555555556,0.15642749016046,0.801111111111111,120,0,0
10,10,0.2,0.08,0.0956500112190554,0.124472563342076,0.251534953872291,0.479647307982458,0.801388888888889,0.155299727520436,0.798611111111111,120,0,0
11,10,0.2,0.08,0.092457306376851,0.118285288128977,0.251797542611657,0.48318448450118,0.816388888888889,0.152007266121708,0.813611111111111,120,0,0
12,10,0.2,0.08,0.095603143257153,0.129460045511751,0.258373642212703,0.476470442041378,0.805277777777778,0.154618528610354,0.801944444444444,120,0,0
13,10,0.2,0.08,0.0970381757876179,0.12604306487606,0.248963362750271,0.47519851728666,0.792777777777778,0.155890099909174,0.790277777777778,120,0,0
14,10,0.2,0.08,0.0951140424532144,0.12489612604033,0.25190953502913,0.481364536625067,0.805,0.155239176506207,0.801944444444444,120,0,0
15,10,0.2,0.08,0.0943402216835735,0.124748587991751,0.246657566329911,0.485646307365398,0.808611111111111,0.15360429912201,0.806111111111111,120,0,0
16,10,0.2,0.08,0.0942487410832829,0.12356524680228,0.254193135666969,0.479810589943935,0.806666666666667,0.154338480169543,0.803888888888889,120,0,0
17,10,0.2,0.08,0.0947260383184794,0.125883222390985,0.243328908649583,0.480535707610818,0.8025,0.153536179231002,0.8,120,0,0
18,10,0.2,0.08,0.0950459377082272,0.127232994127293,0.255048727409346,0.483820746123889,0.8025,0.154482288828338,0.799722222222222,120,0,0
19,10,0.2,0.08,0.0974137971746673,0.128157161173909,0.250793723664449,0.472617462044623,0.788333333333333,0.157244928852558,0.785833333333333,120,0,0
20,10,0.2,0.08,0.0970169906373106,0.130670148414349,0.24912973557852,0.475923034106271,0.794166666666667,0.156472903421132,0.791666666666667,120,0,0
1,20,0.2,0.08,0.0731447217347279,0.0949911058281681,0.257540213942356,0.508756713694779,0.799305555555555,0.118502876173176,0.79625,240,0,0
2,20,0.2,0.08,0.073255892286685,0.0936081836015924,0.257036053154739,0.506847283178773,0.792361111111111,0.118717832273691,0.79,240,0,0
3,20,0.2,0.08,0.0728518263737884,0.0938959157530727,0.257832025230291,0.508332436489805,0.80375,0.118141083863155,0.800833333333333,240,0,0
4,20,0.2,0.08,0.0731950125460813,0.0946789378216818,0.256214682283809,0.507727677414813,0.79625,0.118790493490766,0.793333333333333,240,0,0
5,20,0.2,0.08,0.0733030604918784,0.094292767706294,0.256994103511148,0.507792245066254,0.796666666666667,0.118427187405389,0.794305555555556,240,0,0
6,20,0.2,0.08,0.0728015808850318,0.0936957096407365,0.255666815366653,0.508383077056933,0.799305555555555,0.118248561913412,0.796805555555556,240,0,0
7,20,0.2,0.08,0.0732738066490455,0.0942135197594188,0.256870381158914,0.505948663507282,0.791666666666667,0.118737511353315,0.789027777777778,240,0,0
8,20,0.2,0.08,0.0726375346982834,0.0929940038694216,0.251765717828611,0.508290104758151,0.803333333333333,0.117332727823191,0.801527777777778,240,0,0
9,20,0.2,0.08,0.0727677126391251,0.093556896425263,0.256243700156665,0.507538786243462,0.802916666666667,0.118218286406297,0.8,240,0,0
10,20,0.2,0.08,0.0732595265135338,0.0947461799412944,0.257419073249836,0.506822393883901,0.800555555555556,0.118489252194974,0.797916666666667,240,0,0
11,20,0.2,0.08,0.0726851193379777,0.0941091569645104,0.254066324359287,0.507599375468685,0.802361111111111,0.117744474719952,0.799583333333333,240,0,0
12,20,0.2,0.08,0.0732133742130454,0.0942152236673472,0.258280931263422,0.50767736110951,0.795416666666667,0.118437783832879,0.792361111111111,240,0,0
13,20,0.2,0.08,0.0732952405213122,0.0946349783759178,0.256604704515757,0.50767554688468,0.799166666666667,0.118574023614895,0.796666666666667,240,0,0
14,20,0.2,0.08,0.0730976359353635,0.0942046331018,0.258967075779434,0.506952507876928,0.793888888888889,0.118528610354223,0.791388888888889,240,0,0
15,20,0.2,0.08,0.073075424020193,0.0936876185672023,0.257982701381919,0.508697589624204,0.794583333333333,0.118764759309718,0.791527777777778,240,0,0
16,20,0.2,0.08,0.0730131387072322,0.0939443025697064,0.258518205842579,0.507736928412723,0.797361111111111,0.118348471086891,0.794305555555556,240,0,0
17,20,0.2,0.08,0.0734499614848066,0.0958903899734586,0.257269809585268,0.510046075834883,0.791944444444444,0.119150772025431,0.789305555555556,240,0,0
18,20,0.2,0.08,0.0731798470209879,0.0962468374085372,0.256848955406621,0.506241704172655,0.8,0.118268240993037,0.797222222222222,240,0,0
19,20,0.2,0.08,0.0727511813285674,0.0936006999668028,0.256423063864537,0.508187491113077,0.796805555555556,0.118154707841356,0.794027777777778,240,0,0
20,20,0.2,0.08,0.0732265027496846,0.0937875855515519,0.257151192110793,0.508143519282019,0.799583333333333,0.118483197093551,0.796805555555556,240,0,0
1,5,0.4,0.08,0.184279930734516,0.258023435427351,0.184507370909343,0.348103721959328,0.612777777777778,0.300735694822888,0.609444444444444,60,0,1
2,5,0.4,0.08,0.189140167028657,0.267467078559895,0.209685063937552,0.368135338510657,0.588888888888889,0.312633969118983,0.586111111111111,60,0,1
3,5,0.4,0.08,0.186186112454036,0.262247863464804,0.224018141291423,0.384342189451194,0.596111111111111,0.30613987284287,0.592222222222222,60,0,1
4,5,0.4,0.08,0.182798815798029,0.248413067859709,0.201601885872882,0.361981021289132,0.598888888888889,0.310105964274902,0.592222222222222,60,0,1
5,5,0.4,0.08,0.192168360894274,0.287720710453521,0.221743790923245,0.32050023482198,0.596111111111111,0.317901907356948,0.590555555555556,60,0,1
6,5,0.4,0.08,0.197565622170997,0.315759739485056,0.23727566231272,0.307124324807048,0.597222222222222,0.316842264607932,0.592777777777778,60,0,1
7,5,0.4,0.08,0.194570039316768,0.291733478890866,0.198067142951294,0.367386212505301,0.586666666666667,0.323412049651832,0.583333333333333,60,0,1
8,5,0.4,0.08,0.1807376402899,0.241993185571343,0.205886798370828,0.368414515900841,0.613333333333333,0.30878897971541,0.607777777777778,60,0,1
9,5,0.4,0.08,0.190590113778095,0.279595078855432,0.16443367577835,0.381445009845539,0.628888888888889,0.307396306388132,0.625555555555556,60,0,1
10,5,0.4,0.08,0.18481174412271,0.281125734800389,0.210764010303493,0.391052216090581,0.591666666666667,0.310469270360279,0.587222222222222,60,0,1
11,5,0.4,0.08,0.188157342434105,0.264023987148408,0.24815515491501,0.345685604769505,0.594444444444444,0.319809264305177,0.59,60,0,1
12,5,0.4,0.08,0.207448022434894,0.324250344031729,0.203166937367698,0.280531078498433,0.585,0.327907962458371,0.582222222222222,60,0,1
13,5,0.4,0.08,0.188021488438104,0.262786797673503,0.216132079494628,0.37339844133653,0.607222222222222,0.316751438086588,0.601666666666667,60,0,1
14,5,0.4,0.08,0.189537690289913,0.295035037142376,0.201444290164637,0.332321747319392,0.608333333333333,0.315949137148047,0.603888888888889,60,0,1
15,5,0.4,0.08,0.187575147586101,0.278456340572348,0.203740468668767,0.339012190062808,0.601666666666667,0.309651831668181,0.6,60,0,1
16,5,0.4,0.08,0.191540016634076,0.293531514682682,0.242934657832655,0.374550837996476,0.606666666666667,0.318477141992128,0.602777777777778,60,0,1
17,5,0.4,0.08,0.180975181341383,0.261668173458864,0.247154330568936,0.36981549737387,0.612222222222222,0.302643051771117,0.607777777777778,60,0,1
18,5,0.4,0.08,0.190141178144226,0.259668905149191,0.218367360425118,0.38276889617521,0.598888888888889,0.316615198304572,0.596111111111111,60,0,1
19,5,0.4,0.08,0.190908166038808,0.296694945370912,0.221170717495967,0.345328148571581,0.603888888888889,0.315252800484408,0.598888888888889,60,0,1
20,5,0.4,0.08,0.190814829440936,0.288392870758427,0.224208922006276,0.370356128458898,0.610555555555556,0.315283075991523,0.606111111111111,60,0,1
1,10,0.4,0.08,0.122064937182598,0.170271342997718,0.228928320159674,0.453677096042094,0.600277777777778,0.201151983045716,0.597777777777778,120,0,1
2,10,0.4,0.08,0.119725095375736,0.164344883235946,0.250422883709917,0.453669174993404,0.606388888888889,0.194287011807448,0.603888888888889,120,0,1
3,10,0.4,0.08,0.120698570943664,0.161129097259663,0.222265533921843,0.445008620676582,0.605277777777778,0.192894338480169,0.603888888888889,120,0,1
4,10,0.4,0.08,0.124220211341177,0.183983789444373,0.249711624775759,0.457056282657098,0.595277777777778,0.198124432334242,0.593333333333333,120,0,1
5,10,0.4,0.08,0.1240339601048,0.169837653345473,0.24834039886112,0.441750567054795,0.586944444444444,0.200531335149864,0.585,120,0,1
6,10,0.4,0.08,0.120982647110236,0.162847823571551,0.248505810920062,0.448644923759644,0.591111111111111,0.197125340599455,0.589166666666667,120,0,1
7,10,0.4,0.08,0.121298179334451,0.184420065290154,0.245909870494848,0.41628556310227,0.6,0.195747805025734,0.597777777777778,120,0,1
8,10,0.4,0.08,0.119695583089121,0.167557272840721,0.255005766518884,0.433655750053767,0.598333333333333,0.194120496518317,0.596666666666667,120,0,1
9,10,0.4,0.08,0.120360256113533,0.177705494844821,0.225488824471809,0.44792415849377,0.609722222222222,0.19455949137148,0.606944444444444,120,0,1
10,10,0.4,0.08,0.119668296372186,0.160139598111022,0.216457030355833,0.445259794285651,0.601666666666667,0.195551014229488,0.6,120,0,1
11,10,0.4,0.08,0.118945091948455,0.157754912232968,0.254300266488084,0.453855093943679,0.615,0.193333333333333,0.6125,120,0,1
12,10,0.4,0.08,0.119492765573851,0.161080161612547,0.213498178397883,0.439391943724798,0.618333333333333,0.193287920072661,0.616388888888889,120,0,1
13,10,0.4,0.08,0.120560794418177,0.157243879084183,0.254010355003398,0.453109032624089,0.601388888888889,0.195051468362095,0.6,120,0,1
14,10,0.4,0.08,0.11794260326345,0.158662312689442,0.256642032856328,0.448325966664911,0.612777777777778,0.192076899788071,0.610277777777778,120,0,1
15,10,0.4,0.08,0.122721946121053,0.166503164168196,0.241672014278254,0.456026929536823,0.598888888888889,0.199577656675749,0.595833333333333,120,0,1
16,10,0.4,0.08,0.121063236326774,0.169706816930718,0.235504298995884,0.434274185977074,0.616111111111111,0.196928549803209,0.613611111111111,120,0,1
17,10,0.4,0.08,0.120051701287235,0.163693080941363,0.249160027207842,0.445786819914176,0.591388888888889,0.198094156827127,0.589722222222222,120,0,1
18,10,0.4,0.08,0.120619746507646,0.170388967031372,0.237586585856809,0.448777268082455,0.5975,0.196777172267636,0.595555555555556,120,0,1
19,10,0.4,0.08,0.119337753601199,0.170342344681999,0.226214278423351,0.451648458202653,0.6075,0.192886769603391,0.605,120,0,1
20,10,0.4,0.08,0.12545076306921,0.186577082339392,0.240493367670678,0.438998161261698,0.596944444444444,0.200077202543143,0.595277777777778,120,0,1
1,20,0.4,0.08,0.0859474585243667,0.115011491806886,0.253843467703089,0.491790748568149,0.605833333333333,0.139550408719346,0.603611111111111,240,0,0
2,20,0.4,0.08,0.0863324976800768,0.113494206153585,0.244029085628362,0.491354603956561,0.591666666666667,0.139741144414169,0.589305555555556,240,0,0
3,20,0.4,0.08,0.0860758928656217,0.114129509590153,0.252920185563592,0.492695043037325,0.594722222222222,0.139433848016954,0.592777777777778,240,0,0
4,20,0.4,0.08,0.0844135877711395,0.111668007856597,0.252241568076101,0.492043485222947,0.601666666666667,0.137465940054496,0.600277777777778,240,0,0
5,20,0.4,0.08,0.0854007564704351,0.110877756859748,0.260418683408064,0.489765601701769,0.595972222222222,0.138620950650923,0.594305555555556,240,0,0
6,20,0.4,0.08,0.0849546008762541,0.11184391765358,0.257737550646831,0.490168006608944,0.60375,0.137599152285801,0.601527777777778,240,0,0
7,20,0.4,0.08,0.0851209962533745,0.11323935323603,0.258161227503751,0.491614809002645,0.601527777777778,0.138471086890705,0.599861111111111,240,0,0
8,20,0.4,0.08,0.0847375823326208,0.114150996352354,0.249022016445795,0.494280264184598,0.607916666666667,0.136734786557675,0.605833333333333,240,0,0
9,20,0.4,0.08,0.085546771271281,0.114929591517739,0.257281175741103,0.490988198206154,0.599166666666667,0.138820768997881,0.5975,240,0,0
10,20,0.4,0.08,0.0852081480820227,0.114008766685766,0.257734190126734,0.492415867206117,0.601388888888889,0.139000908265213,0.599305555555556,240,0,0
11,20,0.4,0.08,0.0866945021730674,0.115275489741195,0.257143302234594,0.496362325464062,0.604166666666667,0.140006055101423,0.601944444444444,240,0,0
12,20,0.4,0.08,0.0865211291769748,0.114519035480999,0.252467456573002,0.493257785282986,0.590833333333333,0.141127762640024,0.588888888888889,240,0,0
13,20,0.4,0.08,0.0852126133698665,0.113889941727602,0.258307538737059,0.493435728089033,0.601944444444444,0.137960944595822,0.599861111111111,240,0,0
14,20,0.4,0.08,0.0839762274036379,0.110407634356539,0.248298536609785,0.490638543980952,0.610555555555556,0.136740841659098,0.608472222222222,240,0,0
15,20,0.4,0.08,0.0854816691440366,0.112355061637938,0.25660597860234,0.492662273628826,0.609027777777778,0.137938237965486,0.607361111111111,240,0,0
16,20,0.4,0.08,0.0851213659701773,0.112796154301489,0.253498815799677,0.493642088720337,0.601388888888889,0.138935815924917,0.599444444444444,240,0,0
17,20,0.4,0.08,0.0860901094552636,0.113455139676089,0.256991234005874,0.494082982425626,0.598888888888889,0.139473206176203,0.596944444444444,240,0,0
18,20,0.4,0.08,0.0856416892503313,0.115789390534495,0.249691360022096,0.493459660063848,0.599305555555556,0.138138056312443,0.596944444444444,240,0,0
19,20,0.4,0.08,0.0853353368681255,0.112982581064875,0.252287790076515,0.497144620272709,0.595,0.138923705722071,0.5925,240,0,0
20,20,0.4,0.08,0.0860826970783024,0.119308814401981,0.254021265630694,0.491381436525577,0.60125,0.139022101120194,0.599027777777778,240,0,0
1,5,0,0.12,0.131730752747085,0.16780541061636,0.233979792186804,0.435980199979819,1,0.219990917347866,0.993333333333333,60,0,1
2,5,0,0.12,0.131730752747085,0.16780541061636,0.233979792186804,0.435980199979819,1,0.219990917347866,0.993333333333333,60,0,1
3,5,0,0.12,0.131730752747085,0.16780541061636,0.233979792186804,0.435980199979819,1,0.219990917347866,0.993333333333333,60,0,1
4,5,0,0.12,0.131730752747085,0.16780541061636,0.233979792186804,0.435980199979819,1,0.219990917347866,0.993333333333333,60,0,1
5,5,0,0.12,0.131730752747085,0.16780541061636,0.233979792186804,0.435980199979819,1,0.219990917347866,0.993333333333333,60,0,1
6,5,0,0.12,0.131730752747085,0.16780541061636,0.233979792186804,0.435980199979819,1,0.219990917347866,0.993333333333333,60,0,1
7,5,0,0.12,0.131730752747085,0.16780541061636,0.233979792186804,0.435980199979819,1,0.219990917347866,0.993333333333333,60,0,1
8,5,0,0.12,0.131730752747085,0.16780541061636,0.233979792186804,0.435980199979819,1,0.219990917347866,0.993333333333333,60,0,1
9,5,0,0.12,0.131730752747085,0.16780541061636,0.233979792186804,0.435980199979819,1,0.219990917347866,0.993333333333333,60,0,1
10,5,0,0.12,0.131730752747085,0.16780541061636,0.233979792186804,0.435980199979819,1,0.219990917347866,0.993333333333333,60,0,1
11,5,0,0.12,0.131730752747085,0.16780541061636,0.233979792186804,0.435980199979819,1,0.219990917347866,0.993333333333333,60,0,1
12,5,0,0.12,0.131730752747085,0.16780541061636,0.233979792186804,0.435980199979819,1,0.219990917347866,0.993333333333333,60,0,1
13,5,0,0.12,0.131730752747085,0.16780541061636,0.233979792186804,0.435980199979819,1,0.219990917347866,0.993333333333333,60,0,1
14,5,0,0.12,0.131730752747085,0.16780541061636,0.233979792186804,0.435980199979819,1,0.219990917347866,0.993333333333333,60,0,1
15,5,0,0.12,0.131730752747085,0.16780541061636,0.233979792186804,0.435980199979819,1,0.219990917347866,0.993333333333333,60,0,1
16,5,0,0.12,0.131730752747085,0.16780541061636,0.233979792186804,0.435980199979819,1,0.219990917347866,0.993333333333333,60,0,1
17,5,0,0.12,0.131730752747085,0.16780541061636,0.233979792186804,0.435980199979819,1,0.219990917347866,0.993333333333333,60,0,1
18,5,0,0.12,0.131730752747085,0.16780541061636,0.233979792186804,0.435980199979819,1,0.219990917347866,0.993333333333333,60,0,1
19,5,0,0.12,0.131730752747085,0.16780541061636,0.233979792186804,0.435980199979819,1,0.219990917347866,0.993333333333333,60,0,1
20,5,0,0.12,0.131730752747085,0.16780541061636,0.233979792186804,0.435980199979819,1,0.219990917347866,0.993333333333333,60,0,1
1,10,0,0.12,0.105038567554341,0.133380612290599,0.247479567816624,0.468449539169445,1,0.170036330608538,0.993333333333333,120,0,1
2,10,0,0.12,0.105038567554341,0.133380612290599,0.247479567816624,0.468449539169445,1,0.170036330608538,0.993333333333333,120,0,1
3,10,0,0.12,0.105038567554341,0.133380612290599,0.247479567816624,0.468449539169445,1,0.170036330608538,0.993333333333333,120,0,1
4,10,0,0.12,0.105038567554341,0.133380612290599,0.247479567816624,0.468449539169445,1,0.170036330608538,0.993333333333333,120,0,1
5,10,0,0.12,0.105038567554341,0.133380612290599,0.247479567816624,0.468449539169445,1,0.170036330608538,0.993333333333333,120,0,1
6,10,0,0.12,0.105038567554341,0.133380612290599,0.247479567816624,0.468449539169445,1,0.170036330608538,0.993333333333333,120,0,1
7,10,0,0.12,0.105038567554341,0.133380612290599,0.247479567816624,0.468449539169445,1,0.170036330608538,0.993333333333333,120,0,1
8,10,0,0.12,0.105038567554341,0.133380612290599,0.247479567816624,0.468449539169445,1,0.170036330608538,0.993333333333333,120,0,1
9,10,0,0.12,0.105038567554341,0.133380612290599,0.247479567816624,0.468449539169445,1,0.170036330608538,0.993333333333333,120,0,1
10,10,0,0.12,0.105038567554341,0.133380612290599,0.247479567816624,0.468449539169445,1,0.170036330608538,0.993333333333333,120,0,1
11,10,0,0.12,0.105038567554341,0.133380612290599,0.247479567816624,0.468449539169445,1,0.170036330608538,0.993333333333333,120,0,1
12,10,0,0.12,0.105038567554341,0.133380612290599,0.247479567816624,0.468449539169445,1,0.170036330608538,0.993333333333333,120,0,1
13,10,0,0.12,0.105038567554341,0.133380612290599,0.247479567816624,0.468449539169445,1,0.170036330608538,0.993333333333333,120,0,1
14,10,0,0.12,0.105038567554341,0.133380612290599,0.247479567816624,0.468449539169445,1,0.170036330608538,0.993333333333333,120,0,1
15,10,0,0.12,0.105038567554341,0.133380612290599,0.247479567816624,0.468449539169445,1,0.170036330608538,0.993333333333333,120,0,1
16,10,0,0.12,0.105038567554341,0.133380612290599,0.247479567816624,0.468449539169445,1,0.170036330608538,0.993333333333333,120,0,1
17,10,0,0.12,0.105038567554341,0.133380612290599,0.247479567816624,0.468449539169445,1,0.170036330608538,0.993333333333333,120,0,1
18,10,0,0.12,0.105038567554341,0.133380612290599,0.247479567816624,0.468449539169445,1,0.170036330608538,0.993333333333333,120,0,1
19,10,0,0.12,0.105038567554341,0.133380612290599,0.247479567816624,0.468449539169445,1,0.170036330608538,0.993333333333333,120,0,1
20,10,0,0.12,0.105038567554341,0.133380612290599,0.247479567816624,0.468449539169445,1,0.170036330608538,0.993333333333333,120,0,1
1,20,0,0.12,0.0900603313868825,0.113849748555396,0.251776832860609,0.487024980619231,1,0.146003633060854,0.995,240,0,0
2,20,0,0.12,0.0900603313868825,0.113849748555396,0.251776832860609,0.487024980619231,1,0.146003633060854,0.995,240,0,0
3,20,0,0.12,0.0900603313868825,0.113849748555396,0.251776832860609,0.487024980619231,1,0.146003633060854,0.995,240,0,0
4,20,0,0.12,0.0900603313868825,0.113849748555396,0.251776832860609,0.487024980619231,1,0.146003633060854,0.995,240,0,0
5,20,0,0.12,0.0900603313868825,0.113849748555396,0.251776832860609,0.487024980619231,1,0.146003633060854,0.995,240,0,0
6,20,0,0.12,0.0900603313868825,0.113849748555396,0.251776832860609,0.487024980619231,1,0.146003633060854,0.995,240,0,0
7,20,0,0.12,0.0900603313868825,0.113849748555396,0.251776832860609,0.487024980619231,1,0.146003633060854,0.995,240,0,0
8,20,0,0.12,0.0900603313868825,0.113849748555396,0.251776832860609,0.487024980619231,1,0.146003633060854,0.995,240,0,0
9,20,0,0.12,0.0900603313868825,0.113849748555396,0.251776832860609,0.487024980619231,1,0.146003633060854,0.995,240,0,0
10,20,0,0.12,0.0900603313868825,0.113849748555396,0.251776832860609,0.487024980619231,1,0.146003633060854,0.995,240,0,0
11,20,0,0.12,0.0900603313868825,0.113849748555396,0.251776832860609,0.487024980619231,1,0.146003633060854,0.995,240,0,0
12,20,0,0.12,0.0900603313868825,0.113849748555396,0.251776832860609,0.487024980619231,1,0.146003633060854,0.995,240,0,0
13,20,0,0.12,0.0900603313868825,0.113849748555396,0.251776832860609,0.487024980619231,1,0.146003633060854,0.995,240,0,0
14,20,0,0.12,0.0900603313868825,0.113849748555396,0.251776832860609,0.487024980619231,1,0.146003633060854,0.995,240,0,0
15,20,0,0.12,0.0900603313868825,0.113849748555396,0.251776832860609,0.487024980619231,1,0.146003633060854,0.995,240,0,0
16,20,0,0.12,0.0900603313868825,0.113849748555396,0.251776832860609,0.487024980619231,1,0.146003633060854,0.995,240,0,0
17,20,0,0.12,0.0900603313868825,0.113849748555396,0.251776832860609,0.487024980619231,1,0.146003633060854,0.995,240,0,0
18,20,0,0.12,0.0900603313868825,0.113849748555396,0.251776832860609,0.487024980619231,1,0.146003633060854,0.995,240,0,0
19,20,0,0.12,0.0900603313868825,0.113849748555396,0.251776832860609,0.487024980619231,1,0.146003633060854,0.995,240,0,0
20,20,0,0.12,0.0900603313868825,0.113849748555396,0.251776832860609,0.487024980619231,1,0.146003633060854,0.995,240,0,0
1,5,0.2,0.12,0.162643736163865,0.211951982847763,0.234030209499903,0.388197622162519,0.811111111111111,0.268159249167424,0.805555555555556,60,0,1
2,5,0.2,0.12,0.164127377418515,0.226480911155726,0.232037017201171,0.400071669780606,0.790555555555556,0.273063881320012,0.785555555555556,60,0,1
3,5,0.2,0.12,0.164196337730802,0.219275518842333,0.234705351430095,0.386836316700354,0.785555555555556,0.271595519224947,0.779444444444444,60,0,1
4,5,0.2,0.12,0.163414117988618,0.22544340837526,0.233979792186804,0.397980035637099,0.798888888888889,0.268507417499243,0.794444444444444,60,0,1
5,5,0.2,0.12,0.162984000891107,0.23038786639439,0.236657756650653,0.385668023227506,0.801666666666667,0.266948228882834,0.796666666666667,60,0,1
6,5,0.2,0.12,0.157853896758764,0.21116238586928,0.211995829924047,0.41161395880737,0.803333333333333,0.265797759612473,0.797777777777778,60,0,1
7,5,0.2,0.12,0.168839220353803,0.226893592065761,0.231647160719976,0.403596948778492,0.778888888888889,0.279224947017862,0.773888888888889,60,0,1
8,5,0.2,0.12,0.162385411978833,0.225572807624031,0.234781384041474,0.395904738998691,0.803888888888889,0.274214350590372,0.798333333333333,60,0,1
9,5,0.2,0.12,0.159950762227403,0.220332337954463,0.232765125926304,0.396286089798442,0.804444444444444,0.262755071147442,0.799444444444444,60,0,1
10,5,0.2,0.12,0.15981946696074,0.211536335659811,0.235760914634291,0.399991651602055,0.813333333333333,0.263663336360884,0.807777777777778,60,0,1
11,5,0.2,0.12,0.160957047369926,0.217383889138465,0.236656203442136,0.406043700287619,0.804444444444444,0.269309718437784,0.797777777777778,60,0,1
12,5,0.2,0.12,0.161443125816114,0.215152417072727,0.214893567335996,0.398464962486729,0.802222222222222,0.267099606418408,0.796111111111111,60,0,1
13,5,0.2,0.12,0.160710490954945,0.214747810787071,0.234558682077648,0.400509123015517,0.797222222222222,0.26737208598244,0.792222222222222,60,0,1
14,5,0.2,0.12,0.160520713678896,0.224777713718392,0.215335651733891,0.401622312142407,0.811666666666667,0.267538601271572,0.805555555555556,60,0,1
15,5,0.2,0.12,0.165414166833745,0.234738083908286,0.216433995604981,0.378391677364681,0.798333333333333,0.272761126248865,0.792777777777778,60,0,1
16,5,0.2,0.12,0.170552202679405,0.229240114161532,0.230586810135202,0.39397314151326,0.782222222222222,0.279497426581895,0.776666666666667,60,0,1
17,5,0.2,0.12,0.165446021854732,0.233729006191074,0.236594265185598,0.397391444345512,0.782777777777778,0.275637299424766,0.776666666666667,60,0,1
18,5,0.2,0.12,0.161959353082325,0.230830277956069,0.229827605245445,0.39579343881786,0.809444444444444,0.266933091129276,0.804444444444444,60,0,1
19,5,0.2,0.12,0.161651986468004,0.220096791261954,0.230163702614348,0.382681768140061,0.785555555555556,0.274002422040569,0.78,60,0,1
20,5,0.2,0.12,0.162093906372807,0.221784342040967,0.23586785488239,0.39923353188431,0.801111111111111,0.269582198001817,0.796666666666667,60,0,1
1,10,0.2,0.12,0.12188191361737,0.161096026116231,0.243290680283796,0.448149739900935,0.787777777777778,0.197776264002422,0.781944444444444,120,0,1
2,10,0.2,0.12,0.119714660990909,0.155224497847645,0.23312876656629,0.448026984077809,0.801111111111111,0.192803511958825,0.796111111111111,120,0,1
3,10,0.2,0.12,0.120437894229756,0.160260547583434,0.239505702507015,0.451085598840388,0.804722222222222,0.194831970935513,0.8,120,0,1
4,10,0.2,0.12,0.120723321166725,0.161590642952357,0.234734587943095,0.447640224938973,0.801944444444444,0.195551014229488,0.797222222222222,120,0,1
5,10,0.2,0.12,0.119207594082814,0.15364230725597,0.247788187584528,0.451738006399136,0.810277777777778,0.19340902210112,0.804722222222222,120,0,1
6,10,0.2,0.12,0.120183764028361,0.158506804104706,0.239880102923778,0.450723946009911,0.8025,0.193961550105964,0.797222222222222,120,0,1
7,10,0.2,0.12,0.119591803348538,0.155882111437536,0.24260223617311,0.45249097592463,0.800833333333333,0.194415682712685,0.795833333333333,120,0,1
8,10,0.2,0.12,0.121319752267192,0.157285930183044,0.232257584740535,0.4494973056916,0.79,0.196368452921587,0.785,120,0,1
9,10,0.2,0.12,0.120433835759339,0.156056013743238,0.246748692359591,0.447897927370569,0.790277777777778,0.195959733575537,0.785555555555556,120,0,1
10,10,0.2,0.12,0.121860931475497,0.172993973565149,0.250391758113678,0.430306180794605,0.803333333333333,0.195384498940357,0.7975,120,0,1
11,10,0.2,0.12,0.120192385053512,0.15835364995091,0.23868830218165,0.445870508238596,0.799444444444444,0.193779897063276,0.794444444444444,120,0,1
12,10,0.2,0.12,0.121183728516964,0.15951999015411,0.250888812073187,0.444947353808051,0.797777777777778,0.195838631547079,0.791944444444444,120,0,1
13,10,0.2,0.12,0.120792429567671,0.159909606572371,0.242169813568395,0.443033337297048,0.790833333333333,0.193953981229186,0.786111111111111,120,0,1
14,10,0.2,0.12,0.119775010616893,0.157666645955463,0.247261429649053,0.450273208895531,0.811944444444444,0.193045716015743,0.806666666666667,120,0,1
15,10,0.2,0.12,0.121900531651063,0.173685731133721,0.249057779412109,0.453788262169579,0.788333333333333,0.197670299727521,0.783888888888889,120,0,1
16,10,0.2,0.12,0.120700997453332,0.160622631183814,0.242425075695948,0.449747492893215,0.8025,0.193795034816833,0.796666666666667,120,0,1
17,10,0.2,0.12,0.120203076667216,0.156904312517531,0.240431234142196,0.443200687160879,0.800277777777778,0.19455949137148,0.795,120,0,1
18,10,0.2,0.12,0.119729923435988,0.158480777210042,0.239784449204719,0.444912929619903,0.801111111111111,0.194112927641538,0.796111111111111,120,0,1
19,10,0.2,0.12,0.118901188490259,0.155390830184511,0.23816345307901,0.449476353333435,0.8075,0.193462004238571,0.8025,120,0,1
20,10,0.2,0.12,0.121072203711681,0.160720181732775,0.243365788486755,0.451418743004058,0.7975,0.196148955495005,0.791666666666667,120,0,1
1,20,0.2,0.12,0.0976615842965803,0.1245778413035,0.250592488450283,0.478547955956843,0.802222222222222,0.158356039963669,0.798055555555556,240,0,0
2,20,0.2,0.12,0.0972936152501585,0.124412916538582,0.251415068506147,0.47635671632519,0.804861111111111,0.15776264002422,0.80125,240,0,0
3,20,0.2,0.12,0.0968720768178885,0.124083043217957,0.25247042701714,0.477839716111992,0.802777777777778,0.157876173175901,0.798472222222222,240,0,0
4,20,0.2,0.12,0.0974102577395772,0.124637017439903,0.246803838554092,0.475530586643082,0.805694444444444,0.158019981834696,0.801944444444444,240,0,0
5,20,0.2,0.12,0.0976988488813907,0.124860917500684,0.248908429544651,0.476884154186234,0.799722222222222,0.158318195579776,0.795416666666667,240,0,0
6,20,0.2,0.12,0.0979155452603749,0.126995515102309,0.248785079441156,0.477795054451961,0.799305555555555,0.158521041477445,0.794583333333333,240,0,0
7,20,0.2,0.12,0.0970828830421599,0.12348070251558,0.250737878332871,0.478842992458723,0.801666666666667,0.157620345140781,0.797361111111111,240,0,0
8,20,0.2,0.12,0.0972871412064397,0.125632342713556,0.247602600207105,0.477771444717994,0.8025,0.157818649712383,0.798888888888889,240,0,0
9,20,0.2,0.12,0.097677646623307,0.124843847734585,0.251359948396086,0.478274533141833,0.795,0.158841961852861,0.790694444444444,240,0,0
10,20,0.2,0.12,0.0977375186697707,0.124571093516869,0.245921288061358,0.477820552858806,0.799305555555555,0.15840902210112,0.796388888888889,240,0,0
11,20,0.2,0.12,0.0972752726754159,0.123723584465228,0.250760773780509,0.476819671253129,0.806666666666667,0.158112322131396,0.802777777777778,240,0,0
12,20,0.2,0.12,0.0985221752515514,0.128119883231412,0.250041808501211,0.475444925132274,0.791944444444444,0.158852558280351,0.7875,240,0,0
13,20,0.2,0.12,0.0970711605881142,0.123126637238429,0.250268099046197,0.480186088195774,0.801944444444444,0.15763851044505,0.797638888888889,240,0,0
14,20,0.2,0.12,0.0969614812070152,0.123875710100784,0.248674058564676,0.476972098246475,0.806666666666667,0.15756736300333,0.802361111111111,240,0,0
15,20,0.2,0.12,0.097244665576636,0.123797844003381,0.250352362447307,0.477545224892962,0.799722222222222,0.157755071147442,0.795416666666667,240,0,0
16,20,0.2,0.12,0.0978201066978325,0.124678692108481,0.250197760871218,0.477551823482909,0.799166666666667,0.158402966999697,0.794861111111111,240,0,0
17,20,0.2,0.12,0.0972782323868949,0.124136846092677,0.252796633255208,0.476206102496663,0.804166666666667,0.157773236451711,0.8,240,0,0
18,20,0.2,0.12,0.0970275258380644,0.123454668618492,0.251573277907539,0.478747968098266,0.805555555555556,0.157411444141689,0.802222222222222,240,0,0
19,20,0.2,0.12,0.0973746759724964,0.127143038278232,0.2513826258805,0.478384841917602,0.798611111111111,0.157721768089615,0.794861111111111,240,0,0
20,20,0.2,0.12,0.0972982182587471,0.123704321511969,0.244310128146422,0.480199446109151,0.8,0.157827732364517,0.796111111111111,240,0,0
1,5,0.4,0.12,0.21101464035074,0.292753141940508,0.232426790772655,0.336544497666373,0.603333333333333,0.345437481077808,0.599444444444444,60,0,1
2,5,0.4,0.12,0.212458468069062,0.325894600903096,0.196222576571935,0.324392497072479,0.608333333333333,0.347662730850742,0.605555555555556,60,0,1
3,5,0.4,0.12,0.213821011496006,0.282377476074673,0.227891168871574,0.323628230821503,0.591111111111111,0.360938540720557,0.587222222222222,60,0,1
4,5,0.4,0.12,0.209480621607028,0.28078021577957,0.217302777709638,0.334532213400007,0.583888888888889,0.359818346957312,0.579444444444444,60,0,1
5,5,0.4,0.12,0.209096779797139,0.304390175666771,0.215797362606631,0.343755350700686,0.587777777777778,0.358698153194066,0.584444444444444,60,0,1
6,5,0.4,0.12,0.210534349837287,0.276658354162187,0.236059122300872,0.338610700864729,0.595555555555556,0.354792612776264,0.590555555555556,60,0,1
7,5,0.4,0.12,0.221241245241072,0.313458503048328,0.235267246500474,0.339243936306976,0.586666666666667,0.369022101120194,0.582222222222222,60,0,1
8,5,0.4,0.12,0.210873023329042,0.293215362046397,0.238561554968708,0.343202284451674,0.607222222222222,0.348359067514381,0.603333333333333,60,0,1
9,5,0.4,0.12,0.211502734735379,0.304235790340013,0.192792079732371,0.316867072801878,0.617222222222222,0.348934302149561,0.612777777777778,60,0,1
10,5,0.4,0.12,0.218337200160882,0.31383499222668,0.162625098366768,0.289096133845722,0.579444444444444,0.368961550105964,0.575,60,0,1
11,5,0.4,0.12,0.211670836680989,0.291433133903077,0.174985691428342,0.316977378231355,0.591666666666667,0.352098092643052,0.588333333333333,60,0,1
12,5,0.4,0.12,0.217230845636306,0.317911402311765,0.201506712288259,0.320763075626915,0.591666666666667,0.358440811383591,0.587777777777778,60,0,1
13,5,0.4,0.12,0.212279385547527,0.316612705142372,0.228384629765209,0.300355368583542,0.595555555555556,0.354535270965789,0.591111111111111,60,0,1
14,5,0.4,0.12,0.213669122461828,0.301076550390781,0.160885683537799,0.355698865623637,0.592222222222222,0.353732970027248,0.588333333333333,60,0,1
15,5,0.4,0.12,0.211836573554149,0.291168126258701,0.18067676678262,0.330221508388859,0.602777777777778,0.350675143808659,0.598333333333333,60,0,1
16,5,0.4,0.12,0.206535817754082,0.301127358422407,0.21539258341775,0.333450219635217,0.608333333333333,0.344771419921284,0.603888888888889,60,0,1
17,5,0.4,0.12,0.20385462749143,0.297685570864312,0.228059825423106,0.315170029830727,0.606666666666667,0.341668180442023,0.602777777777778,60,0,1
18,5,0.4,0.12,0.207533925063125,0.288256226094687,0.234579624754113,0.32968465547247,0.622222222222222,0.347284287011807,0.618333333333333,60,0,1
19,5,0.4,0.12,0.201887072769059,0.284314902728872,0.217961838424811,0.319435531064655,0.593888888888889,0.345180139267333,0.588888888888889,60,0,1
20,5,0.4,0.12,0.203822587982004,0.306536244203154,0.213416869107617,0.354784191285283,0.603888888888889,0.345997577959431,0.601111111111111,60,0,1
1,10,0.4,0.12,0.145147910590281,0.196930671179078,0.254018874696583,0.41980471684622,0.606388888888889,0.235234635180139,0.602222222222222,120,0,1
2,10,0.4,0.12,0.147129553876711,0.203235940702647,0.233393280410432,0.418648515093212,0.593888888888889,0.237989706327581,0.588333333333333,120,0,1
3,10,0.4,0.12,0.14199117076902,0.185104904862914,0.218250252255007,0.414949985267591,0.613888888888889,0.231563729942477,0.61,120,0,1
4,10,0.4,0.12,0.145306490623993,0.210972800769007,0.249213060789347,0.389061437252761,0.593611111111111,0.239617014834999,0.589444444444444,120,0,1
5,10,0.4,0.12,0.146322679525929,0.2085490966198,0.241067784663675,0.405923765620031,0.611666666666667,0.235870420829549,0.606111111111111,120,0,1
6,10,0.4,0.12,0.145831479945118,0.202509492192062,0.238934068729273,0.422301246966943,0.596944444444444,0.238057826218589,0.592222222222222,120,0,1
7,10,0.4,0.12,0.146066940093388,0.194532017301528,0.236061147931975,0.41353273589037,0.602222222222222,0.234046321525886,0.596944444444444,120,0,1
8,10,0.4,0.12,0.150323869244416,0.219875821450967,0.217722159216506,0.398977398691736,0.587222222222222,0.240517711171662,0.583611111111111,120,0,1
9,10,0.4,0.12,0.146684691847818,0.19395859627109,0.240391430822793,0.410271584098614,0.601666666666667,0.237808053284892,0.598333333333333,120,0,1
10,10,0.4,0.12,0.14533635230091,0.196101970396772,0.232078138639329,0.418828646147991,0.609444444444444,0.235386012715713,0.605277777777778,120,0,1
11,10,0.4,0.12,0.146802103521407,0.201495344727004,0.249107854903448,0.402562829600659,0.598611111111111,0.23603693611868,0.595,120,0,1
12,10,0.4,0.12,0.148375251634086,0.19331160221978,0.245968935620941,0.4114349592336,0.596666666666667,0.241834695731153,0.591944444444444,120,0,1
13,10,0.4,0.12,0.147973955863396,0.220228361644685,0.231953531788088,0.425482625237072,0.607222222222222,0.236506206478958,0.602222222222222,120,0,1
14,10,0.4,0.12,0.148203933171973,0.209166132861736,0.230201314680862,0.416928787571911,0.606111111111111,0.238943384801695,0.601944444444444,120,0,1
15,10,0.4,0.12,0.147726392267712,0.197044695670112,0.243779583541841,0.421286165377539,0.605833333333333,0.238852558280351,0.603055555555556,120,0,1
16,10,0.4,0.12,0.149688499086401,0.203045318796822,0.248937517865605,0.41601821995861,0.586944444444444,0.242016348773842,0.582777777777778,120,0,1
17,10,0.4,0.12,0.144085324202365,0.189708581285773,0.239813412409732,0.411453620377201,0.604166666666667,0.236089918256131,0.600277777777778,120,0,1
18,10,0.4,0.12,0.146221899007906,0.232947441343034,0.248558940856702,0.420862962663233,0.605277777777778,0.235885558583106,0.600277777777778,120,0,1
19,10,0.4,0.12,0.148024416434779,0.204523778652225,0.242664044722539,0.416529031550339,0.5975,0.237285800787163,0.593888888888889,120,0,1
20,10,0.4,0.12,0.1477167413663,0.197837611037631,0.24318864744452,0.403587148491698,0.589444444444444,0.239352104147745,0.585555555555556,120,0,1
1,20,0.4,0.12,0.109582910474629,0.143305884514093,0.25011600407184,0.460263776094592,0.607916666666667,0.178418104753255,0.605416666666667,240,0,1
2,20,0.4,0.12,0.111460332254479,0.149629892161598,0.247778964452757,0.456505328079757,0.594027777777778,0.179887980623675,0.590833333333333,240,0,1
3,20,0.4,0.12,0.110307138391485,0.146774509310621,0.247744457199324,0.463573717439857,0.596805555555556,0.179530729639721,0.593333333333333,240,0,1
4,20,0.4,0.12,0.110213436685658,0.141213908279547,0.236139208155393,0.463439981453345,0.591527777777778,0.180128670905238,0.588888888888889,240,0,1
5,20,0.4,0.12,0.109281397423188,0.13876045348136,0.251422773097682,0.464123324161811,0.599583333333333,0.178693611867999,0.596111111111111,240,0,1
6,20,0.4,0.12,0.110177587121066,0.144470430050673,0.245285460851352,0.464301773469118,0.598055555555556,0.179831970935513,0.594305555555556,240,0,1
7,20,0.4,0.12,0.110061070561047,0.141731347451788,0.247335870856904,0.460199212547028,0.6025,0.178522555252801,0.599027777777778,240,0,1
8,20,0.4,0.12,0.110133565702197,0.141248145649779,0.248115340476396,0.46016584430564,0.600277777777778,0.179073569482289,0.597777777777778,240,0,1
9,20,0.4,0.12,0.109614723420795,0.143298511187257,0.249712388239711,0.460884468587719,0.608194444444444,0.178819255222525,0.605,240,0,1
10,20,0.4,0.12,0.110964968713462,0.143779438800252,0.235412232706344,0.462400517764083,0.592222222222222,0.180891613684529,0.588888888888889,240,0,1
11,20,0.4,0.12,0.109961894172681,0.14381803279812,0.240473184654772,0.465066018287864,0.607083333333333,0.177696033908568,0.604027777777778,240,0,1
12,20,0.4,0.12,0.108884135475566,0.143666800100464,0.244594110484677,0.465226161229837,0.606666666666667,0.176746896760521,0.603194444444444,240,0,1
13,20,0.4,0.12,0.11002491467134,0.140721903452826,0.251834294932455,0.46313044482932,0.602083333333333,0.178325764456555,0.599166666666667,240,0,1
14,20,0.4,0.12,0.109903450546078,0.140137827487916,0.245932036112336,0.463352484933238,0.600277777777778,0.178345443536179,0.596805555555556,240,0,1
15,20,0.4,0.12,0.109541393728491,0.14255181377409,0.251044417648065,0.460519288745011,0.605416666666667,0.177867090523766,0.6025,240,0,1
16,20,0.4,0.12,0.110232697839212,0.143300284701043,0.252081995206895,0.465457182077991,0.60625,0.177906448683016,0.603333333333333,240,0,1
17,20,0.4,0.12,0.11017737444974,0.143579680418503,0.247063882856483,0.46083848354696,0.603055555555556,0.17782319103845,0.6,240,0,1
18,20,0.4,0.12,0.11016321516481,0.142553699748954,0.244484536586205,0.463480973934377,0.606111111111111,0.1785225552528,0.603055555555556,240,0,1
19,20,0.4,0.12,0.111225415585457,0.145586842818426,0.247703595322251,0.454526828275534,0.586666666666667,0.181706024825916,0.584027777777778,240,0,1
20,20,0.4,0.12,0.109815302577954,0.142607293702615,0.246015004435365,0.464780002672668,0.60125,0.178536179231002,0.598472222222222,240,0,1
