seed,method,dt,scenario,RMSE,MINSEP,SAFEFAIL,DIVERGED,DATARATE,TRUEAOI,TRACEHASH
1,P10,dt0.01,Moderate,0.100646133551785,0.478166649708628,0,0,100,0.155258973194003,6.63884160091006e+15
2,P10,dt0.01,Moderate,0.101242912055166,0.468789004726531,0,0,100,0.155013630168105,5.44216672980869e+15
3,P10,dt0.01,Moderate,0.102029580805396,0.459327564856103,0,0,100,0.156349386642435,6.40973405544958e+15
4,P10,dt0.01,Moderate,0.101756293801926,0.47297470263588,0,0,100,0.156054066333485,5.91304422929579e+15
5,P10,dt0.01,Moderate,0.100321172572053,0.471235206582321,0,0,100,0.154872785097683,6.671972215566e+15
6,P10,dt0.01,Moderate,0.0989831540830829,0.47703739434629,0,0,100,0.152605633802817,6.50893428681541e+15
7,P10,dt0.01,Moderate,0.100193708355868,0.471725627978515,0,0,100,0.1539913675602,6.15394177105829e+15
8,P10,dt0.01,Moderate,0.100753506575293,0.472796111994961,0,0,100,0.154159472966833,6.41189213746763e+15
9,P10,dt0.01,Moderate,0.0999075590924215,0.468638091706276,0,0,100,0.154041344843253,6.31058640982258e+15
10,P10,dt0.01,Moderate,0.101553127972595,0.4722781227645,0,0,100,0.156367560199909,6.93194730557842e+15
11,P10,dt0.01,Moderate,0.101877302204545,0.474538280326164,0,0,100,0.156749204906861,6.50772390779358e+15
12,P10,dt0.01,Moderate,0.100049678971117,0.470855425641905,0,0,100,0.153446160835984,6.19803067110814e+15
13,P10,dt0.01,Moderate,0.100016216667054,0.470355157508435,0,0,100,0.153409813721036,4.72854253624632e+15
14,P10,dt0.01,Moderate,0.101466207904438,0.474189157484164,0,0,100,0.156144934120854,6.17312528455909e+15
15,P10,dt0.01,Moderate,0.100873480879935,0.473991808508227,0,0,100,0.154931849159473,6.50583199509432e+15
16,P10,dt0.01,Moderate,0.100327530072869,0.467650552405128,0,0,100,0.154082235347569,5.41326038430853e+15
17,P10,dt0.01,Moderate,0.102202472888653,0.474704169522155,0,0,100,0.156971830985915,5.8408749848005e+15
18,P10,dt0.01,Moderate,0.100237249654958,0.477372530129333,0,0,100,0.154568378009995,6.81657400245682e+15
19,P10,dt0.01,Moderate,0.099586396507091,0.472463871457653,0,0,100,0.152582916855975,6.41334221594136e+15
20,P10,dt0.01,Moderate,0.101089130572123,0.476772914287924,0,0,100,0.15505906406179,5.93451380336683e+15
1,P20,dt0.01,Moderate,0.0781698413602719,0.500833572555025,0,0,200,0.117903225806452,6.63884160091006e+15
2,P20,dt0.01,Moderate,0.0780718458414182,0.500935045069374,0,0,200,0.117887323943662,5.44216672980869e+15
3,P20,dt0.01,Moderate,0.0779701580613463,0.501292152202958,0,0,200,0.117412539754657,6.40973405544958e+15
4,P20,dt0.01,Moderate,0.0786912112583516,0.501015441052659,0,0,200,0.118573375738301,5.91304422929579e+15
5,P20,dt0.01,Moderate,0.0777907746670451,0.501897968365229,0,0,200,0.117273966378919,6.671972215566e+15
6,P20,dt0.01,Moderate,0.077106947197301,0.5018181570736,0,0,200,0.115974557019537,6.50893428681541e+15
7,P20,dt0.01,Moderate,0.0779587047752877,0.501581707051052,0,0,200,0.117467060427079,6.15394177105829e+15
8,P20,dt0.01,Moderate,0.0781910915198488,0.502744885288867,0,0,200,0.118089504770559,6.41189213746763e+15
9,P20,dt0.01,Moderate,0.0776966522013072,0.50176583168796,0,0,200,0.117280781462971,6.31058640982258e+15
10,P20,dt0.01,Moderate,0.0783030181316298,0.499126192846114,0,0,200,0.117757837346661,6.93194730557842e+15
11,P20,dt0.01,Moderate,0.0783176837981293,0.50134974614919,0,0,200,0.118141753748296,6.50772390779358e+15
12,P20,dt0.01,Moderate,0.0777207575387566,0.501339043018742,0,0,200,0.117342117219446,6.19803067110814e+15
13,P20,dt0.01,Moderate,0.077643913767436,0.501556570979337,0,0,200,0.117035438437074,4.72854253624632e+15
14,P20,dt0.01,Moderate,0.0779225934756891,0.501746206388242,0,0,200,0.117289868241708,6.17312528455909e+15
15,P20,dt0.01,Moderate,0.0782062412408152,0.500931685056797,0,0,200,0.117392094502499,6.50583199509432e+15
16,P20,dt0.01,Moderate,0.0777049017837698,0.499428030862116,0,0,200,0.11694229895502,5.41326038430853e+15
17,P20,dt0.01,Moderate,0.0779932940204548,0.501878326561428,0,0,200,0.117601090413448,5.8408749848005e+15
18,P20,dt0.01,Moderate,0.0780577985519999,0.501554621531571,0,0,200,0.117975920036347,6.81657400245682e+15
19,P20,dt0.01,Moderate,0.0774286745783925,0.501383504961577,0,0,200,0.116506133575647,6.41334221594136e+15
20,P20,dt0.01,Moderate,0.0777228748198188,0.501494478793644,0,0,200,0.117133121308496,5.93451380336683e+15
1,Causal-v3,dt0.01,Moderate,0.0864869943139741,0.49144319946577,0,0,155.666666666667,0.132081781008632,6.63884160091006e+15
2,Causal-v3,dt0.01,Moderate,0.0868958679950637,0.489477972115418,0,0,155.766666666667,0.1325129486597,5.44216672980869e+15
3,Causal-v3,dt0.01,Moderate,0.0872175063056929,0.491803377178034,0,0,155.533333333333,0.133141299409359,6.40973405544958e+15
4,Causal-v3,dt0.01,Moderate,0.0871463421405477,0.490615945392613,0,0,155.8,0.13244525215811,5.91304422929579e+15
5,Causal-v3,dt0.01,Moderate,0.0867736255216362,0.490669692402728,0,0,155.8,0.132477510222626,6.671972215566e+15
6,Causal-v3,dt0.01,Moderate,0.0864787357996861,0.491218511493428,0,0,155.766666666667,0.131511131303953,6.50893428681541e+15
7,Causal-v3,dt0.01,Moderate,0.0864221248901748,0.487026259609922,0,0,155.533333333333,0.131343934575193,6.15394177105829e+15
8,Causal-v3,dt0.01,Moderate,0.0866535058302658,0.491134348778101,0,0,155.233333333333,0.131873693775556,6.41189213746763e+15
9,Causal-v3,dt0.01,Moderate,0.0865193143091099,0.492742145389329,0,0,155.233333333333,0.131642435256701,6.31058640982258e+15
10,Causal-v3,dt0.01,Moderate,0.0874726757791433,0.488760186132346,0,0,155.833333333333,0.132762835074966,6.93194730557842e+15
11,Causal-v3,dt0.01,Moderate,0.0859566018963474,0.492329430336187,0,0,155.133333333333,0.130839164016356,6.50772390779358e+15
12,Causal-v3,dt0.01,Moderate,0.0869789965924327,0.486865234247102,0,0,155.633333333333,0.132353475692867,6.19803067110814e+15
13,Causal-v3,dt0.01,Moderate,0.087364120265935,0.486844779605049,0,0,155.766666666667,0.13322762380736,4.72854253624632e+15
14,Causal-v3,dt0.01,Moderate,0.0868249400784593,0.490717363088907,0,0,155.6,0.132646524307133,6.17312528455909e+15
15,Causal-v3,dt0.01,Moderate,0.0878703448846765,0.492622323374533,0,0,155.8,0.133736029077692,6.50583199509432e+15
16,Causal-v3,dt0.01,Moderate,0.086904131155394,0.48393827508034,0,0,155.5,0.132222626079055,5.41326038430853e+15
17,Causal-v3,dt0.01,Moderate,0.086943301064233,0.491748009126255,0,0,155.533333333333,0.132208541572013,5.8408749848005e+15
18,Causal-v3,dt0.01,Moderate,0.0864315022182408,0.490902799870947,0,0,155.6,0.13148841435711,6.81657400245682e+15
19,Causal-v3,dt0.01,Moderate,0.0872480265588791,0.492453328605479,0,0,155.7,0.133218537028623,6.41334221594136e+15
20,Causal-v3,dt0.01,Moderate,0.0876270888373833,0.490155625802636,0,0,155.766666666667,0.133323034984098,5.93451380336683e+15
1,P10,dt0.02,Moderate,0.0975249998350758,0.481858578039432,0,0,100,0.155249772933697,6.63884160091006e+15
2,P10,dt0.02,Moderate,0.0981150840144619,0.472474359249278,0,0,100,0.155013623978202,5.44216672980869e+15
3,P10,dt0.02,Moderate,0.0989047654568811,0.463122784979659,0,0,100,0.156339691189828,6.40973405544958e+15
4,P10,dt0.02,Moderate,0.0986221079104417,0.476794275484436,0,0,100,0.156039963669392,5.91304422929579e+15
5,P10,dt0.02,Moderate,0.0971966209256949,0.475140887328262,0,0,100,0.154868301544051,6.671972215566e+15
6,P10,dt0.02,Moderate,0.0958616977306172,0.480954808093978,0,0,100,0.15260672116258,6.50893428681541e+15
7,P10,dt0.02,Moderate,0.0970660006464763,0.475551522764309,0,0,100,0.153978201634878,6.15394177105829e+15
8,P10,dt0.02,Moderate,0.0976123365362733,0.476617236494599,0,0,100,0.154159854677566,6.41189213746763e+15
9,P10,dt0.02,Moderate,0.0967800229120061,0.472442521659505,0,0,100,0.15402361489555,6.31058640982258e+15
10,P10,dt0.02,Moderate,0.0984352619888079,0.476070219802687,0,0,100,0.156366939146231,6.93194730557842e+15
11,P10,dt0.02,Moderate,0.0987509756787803,0.478405250504558,0,0,100,0.156739327883742,6.50772390779358e+15
12,P10,dt0.02,Moderate,0.096918425724565,0.474536228402877,0,0,100,0.153442325158947,6.19803067110814e+15
13,P10,dt0.02,Moderate,0.0968919169704035,0.474217312725263,0,0,100,0.153405994550409,4.72854253624632e+15
14,P10,dt0.02,Moderate,0.0983309540962178,0.478040035368646,0,0,100,0.156130790190736,6.17312528455909e+15
15,P10,dt0.02,Moderate,0.0977474343525038,0.477552005665758,0,0,100,0.154922797456858,6.50583199509432e+15
16,P10,dt0.02,Moderate,0.0972021307924454,0.471423969540598,0,0,100,0.154087193460491,5.41326038430853e+15
17,P10,dt0.02,Moderate,0.0990730400636478,0.47871085013178,0,0,100,0.156957311534968,5.8408749848005e+15
18,P10,dt0.02,Moderate,0.0971166292170531,0.481380011393376,0,0,100,0.154568574023615,6.81657400245682e+15
19,P10,dt0.02,Moderate,0.0964616860243474,0.476210392274622,0,0,100,0.152570390554042,6.41334221594136e+15
20,P10,dt0.02,Moderate,0.0979577826072933,0.480578471368322,0,0,100,0.155059037238874,5.93451380336683e+15
1,P20,dt0.02,Moderate,0.0750494019002641,0.506313950638779,0,0,200,0.117851044504996,6.63884160091006e+15
2,P20,dt0.02,Moderate,0.0755515659583893,0.501023869831783,0,0,200,0.118199818346957,5.44216672980869e+15
3,P20,dt0.02,Moderate,0.0761057710926438,0.503176960799663,0,0,200,0.119453224341508,6.40973405544958e+15
4,P20,dt0.02,Moderate,0.0754207001953083,0.503147058419733,0,0,200,0.118336058128974,5.91304422929579e+15
5,P20,dt0.02,Moderate,0.0751691020578172,0.50580766081589,0,0,200,0.118317892824705,6.671972215566e+15
6,P20,dt0.02,Moderate,0.0749526320476505,0.50545657463609,0,0,200,0.11786012715713,6.50893428681541e+15
7,P20,dt0.02,Moderate,0.0756712336980168,0.502607955449507,0,0,200,0.118630336058129,6.15394177105829e+15
8,P20,dt0.02,Moderate,0.0752682147672784,0.504233677024688,0,0,200,0.11772025431426,6.41189213746763e+15
9,P20,dt0.02,Moderate,0.0749277982071879,0.504650221779426,0,0,200,0.117547683923706,6.31058640982258e+15
10,P20,dt0.02,Moderate,0.0755861223631135,0.504700555921428,0,0,200,0.118401453224342,6.93194730557842e+15
11,P20,dt0.02,Moderate,0.0754143352689783,0.504502887635259,0,0,200,0.118030881017257,6.50772390779358e+15
12,P20,dt0.02,Moderate,0.0749464721347419,0.502954658795779,0,0,200,0.11758038147139,6.19803067110814e+15
13,P20,dt0.02,Moderate,0.0754147964054575,0.503919121473694,0,0,200,0.118426884650318,4.72854253624632e+15
14,P20,dt0.02,Moderate,0.0756015454662198,0.504272355488374,0,0,200,0.118937329700273,6.17312528455909e+15
15,P20,dt0.02,Moderate,0.0755451491593651,0.502940712207799,0,0,200,0.118138056312443,6.50583199509432e+15
16,P20,dt0.02,Moderate,0.0749731175407208,0.503648752295937,0,0,200,0.117413260672116,5.41326038430853e+15
17,P20,dt0.02,Moderate,0.0757476020748766,0.504433996719889,0,0,200,0.118762942779292,5.8408749848005e+15
18,P20,dt0.02,Moderate,0.0749058571882734,0.505921696047385,0,0,200,0.117683923705722,6.81657400245682e+15
19,P20,dt0.02,Moderate,0.0751146021057847,0.503340151502544,0,0,200,0.117340599455041,6.41334221594136e+15
20,P20,dt0.02,Moderate,0.0752655229160792,0.505410913308755,0,0,200,0.118018165304269,5.93451380336683e+15
1,Causal-v3,dt0.02,Moderate,0.0882873016006942,0.492377549881283,0,0,134.833333333333,0.140933696639419,6.63884160091006e+15
2,Causal-v3,dt0.02,Moderate,0.0895688395634796,0.488147598836981,0,0,135.2,0.141905540417802,5.44216672980869e+15
3,Causal-v3,dt0.02,Moderate,0.0896652391362615,0.491935205758122,0,0,134.4,0.14241961852861,6.40973405544958e+15
4,Causal-v3,dt0.02,Moderate,0.0895179081826797,0.486186157908314,0,0,134.533333333333,0.141562216167121,5.91304422929579e+15
5,Causal-v3,dt0.02,Moderate,0.0898884743129128,0.485929123046379,0,0,135.533333333333,0.142428701180745,6.671972215566e+15
6,Causal-v3,dt0.02,Moderate,0.089205514753846,0.487053466824768,0,0,134.966666666667,0.141847411444142,6.50893428681541e+15
7,Causal-v3,dt0.02,Moderate,0.089474639554387,0.486097198503817,0,0,134.433333333333,0.141489554950045,6.15394177105829e+15
8,Causal-v3,dt0.02,Moderate,0.0901334737409476,0.478156909201734,0,0,135.2,0.142732061762034,6.41189213746763e+15
9,Causal-v3,dt0.02,Moderate,0.0892390023923371,0.485798436006336,0,0,134.433333333333,0.141465940054496,6.31058640982258e+15
10,Causal-v3,dt0.02,Moderate,0.0894462685189032,0.487702518855362,0,0,134.266666666667,0.141950953678474,6.93194730557842e+15
11,Causal-v3,dt0.02,Moderate,0.0897200698768122,0.487965276327666,0,0,134.866666666667,0.141794732061762,6.50772390779358e+15
12,Causal-v3,dt0.02,Moderate,0.0894776056475946,0.483764704381418,0,0,134.866666666667,0.141658492279746,6.19803067110814e+15
13,Causal-v3,dt0.02,Moderate,0.0895775630392118,0.48528522976373,0,0,134.866666666667,0.142735694822888,4.72854253624632e+15
14,Causal-v3,dt0.02,Moderate,0.0889962020428995,0.491239413778057,0,0,134.933333333333,0.141255222524977,6.17312528455909e+15
15,Causal-v3,dt0.02,Moderate,0.0895645301115708,0.48744918986346,0,0,134.633333333333,0.141427792915531,6.50583199509432e+15
16,Causal-v3,dt0.02,Moderate,0.0886620446789478,0.490164866556948,0,0,133.5,0.140236148955495,5.41326038430853e+15
17,Causal-v3,dt0.02,Moderate,0.0899482257588173,0.486746667118508,0,0,134.966666666667,0.142673932788374,5.8408749848005e+15
18,Causal-v3,dt0.02,Moderate,0.0895074237733176,0.488163499593081,0,0,135.066666666667,0.141758401453224,6.81657400245682e+15
19,Causal-v3,dt0.02,Moderate,0.089566016272243,0.484319129397679,0,0,134.7,0.141102633969119,6.41334221594136e+15
20,Causal-v3,dt0.02,Moderate,0.0891919411142597,0.490186049161301,0,0,134.666666666667,0.141594913714805,5.93451380336683e+15
1,P10,dt0.04,Moderate,0.0911119132983122,0.489016062534633,0,0,100,0.154990925589837,6.63884160091006e+15
2,P10,dt0.04,Moderate,0.0926029968511621,0.481948166863985,0,0,100,0.157676950998185,5.44216672980869e+15
3,P10,dt0.04,Moderate,0.0925899934611726,0.480450085922837,0,0,100,0.157001814882033,6.40973405544958e+15
4,P10,dt0.04,Moderate,0.0921103507425985,0.482827917713879,0,0,100,0.156675136116152,5.91304422929579e+15
5,P10,dt0.04,Moderate,0.0922608712489808,0.480721021335621,0,0,100,0.155978221415608,6.671972215566e+15
6,P10,dt0.04,Moderate,0.0909091064999202,0.486635917769688,0,0,100,0.15448275862069,6.50893428681541e+15
7,P10,dt0.04,Moderate,0.0916251645502057,0.483016058815252,0,0,100,0.154867513611615,6.15394177105829e+15
8,P10,dt0.04,Moderate,0.0927979120299703,0.479205012943632,0,0,100,0.156421052631579,6.41189213746763e+15
9,P10,dt0.04,Moderate,0.0916096201070274,0.480332708096306,0,0,100,0.155542649727768,6.31058640982258e+15
10,P10,dt0.04,Moderate,0.0930324060758406,0.484174417353092,0,0,100,0.157901996370236,6.93194730557842e+15
11,P10,dt0.04,Moderate,0.0923393414192125,0.48077757850732,0,0,100,0.156181488203267,6.50772390779358e+15
12,P10,dt0.04,Moderate,0.0923735241311904,0.484110192123831,0,0,100,0.156733212341198,6.19803067110814e+15
13,P10,dt0.04,Moderate,0.0916480074596013,0.483475873706546,0,0,100,0.156348457350272,4.72854253624632e+15
14,P10,dt0.04,Moderate,0.0903335555191349,0.491677324167883,0,0,100,0.153829401088929,6.17312528455909e+15
15,P10,dt0.04,Moderate,0.0917273371454936,0.477872719491767,0,0,100,0.156050816696915,6.50583199509432e+15
16,P10,dt0.04,Moderate,0.0918407739496786,0.477331149302451,0,0,100,0.154911070780399,5.41326038430853e+15
17,P10,dt0.04,Moderate,0.0916938056161594,0.480378598985023,0,0,100,0.154969147005445,5.8408749848005e+15
18,P10,dt0.04,Moderate,0.0906912500782121,0.485956417082664,0,0,100,0.154613430127042,6.81657400245682e+15
19,P10,dt0.04,Moderate,0.0915928212132418,0.484478454360887,0,0,100,0.15470780399274,6.41334221594136e+15
20,P10,dt0.04,Moderate,0.091277163484519,0.489984746750106,0,0,100,0.154889292196007,5.93451380336683e+15
1,P20,dt0.04,Moderate,0.0701464791495341,0.513080212657968,0,0,200,0.120413793103448,6.63884160091006e+15
2,P20,dt0.04,Moderate,0.0710826355014048,0.508715373850827,0,0,200,0.12140108892922,5.44216672980869e+15
3,P20,dt0.04,Moderate,0.0706162509851926,0.511209765728954,0,0,200,0.120696914700544,6.40973405544958e+15
4,P20,dt0.04,Moderate,0.0704020475181812,0.509074352887906,0,0,200,0.120733212341198,5.91304422929579e+15
5,P20,dt0.04,Moderate,0.0706564910093996,0.507474038552188,0,0,200,0.1205444646098,6.671972215566e+15
6,P20,dt0.04,Moderate,0.0696455644146099,0.512142319502237,0,0,200,0.119252268602541,6.50893428681541e+15
7,P20,dt0.04,Moderate,0.0702228390548863,0.511889557535974,0,0,200,0.120159709618875,6.15394177105829e+15
8,P20,dt0.04,Moderate,0.0701333206657462,0.510540979910091,0,0,200,0.119753176043557,6.41189213746763e+15
9,P20,dt0.04,Moderate,0.0697101238623722,0.509354386818406,0,0,200,0.118911070780399,6.31058640982258e+15
10,P20,dt0.04,Moderate,0.0706162626418091,0.510228829796344,0,0,200,0.120479128856624,6.93194730557842e+15
11,P20,dt0.04,Moderate,0.0703956954183336,0.510558490700145,0,0,200,0.120159709618875,6.50772390779358e+15
12,P20,dt0.04,Moderate,0.0697483965731861,0.510479860113459,0,0,200,0.11924500907441,6.19803067110814e+15
13,P20,dt0.04,Moderate,0.070099960143359,0.510250052801931,0,0,200,0.120050816696915,4.72854253624632e+15
14,P20,dt0.04,Moderate,0.0700808475082864,0.512090048210085,0,0,200,0.119883847549909,6.17312528455909e+15
15,P20,dt0.04,Moderate,0.0704656619279711,0.507809564417106,0,0,200,0.12042831215971,6.50583199509432e+15
16,P20,dt0.04,Moderate,0.0699741630352448,0.510333331775995,0,0,200,0.119303085299456,5.41326038430853e+15
17,P20,dt0.04,Moderate,0.0702351723381668,0.511400200959315,0,0,200,0.119927404718693,5.8408749848005e+15
18,P20,dt0.04,Moderate,0.069979553169727,0.512424691397736,0,0,200,0.11967332123412,6.81657400245682e+15
19,P20,dt0.04,Moderate,0.0702973341483095,0.509756301969218,0,0,200,0.11968058076225,6.41334221594136e+15
20,P20,dt0.04,Moderate,0.0698183346746517,0.513191681939555,0,0,200,0.11935390199637,5.93451380336683e+15
1,Causal-v3,dt0.04,Moderate,0.0907089575554713,0.488238639880592,0,0,111.5,0.154896551724138,6.63884160091006e+15
2,Causal-v3,dt0.04,Moderate,0.0914468602921168,0.480326424664183,0,0,111.6,0.155411978221416,5.44216672980869e+15
3,Causal-v3,dt0.04,Moderate,0.0900131335658014,0.487788412507221,0,0,111.333333333333,0.152813067150635,6.40973405544958e+15
4,Causal-v3,dt0.04,Moderate,0.0915128567803201,0.487276697654104,0,0,111.533333333333,0.155121597096189,5.91304422929579e+15
5,Causal-v3,dt0.04,Moderate,0.090869501398771,0.484150616942187,0,0,111.766666666667,0.154664246823956,6.671972215566e+15
6,Causal-v3,dt0.04,Moderate,0.0896836288181745,0.489491356656716,0,0,111.733333333333,0.15329945553539,6.50893428681541e+15
7,Causal-v3,dt0.04,Moderate,0.0903182418549343,0.489006750836279,0,0,111.433333333333,0.154315789473684,6.15394177105829e+15
8,Causal-v3,dt0.04,Moderate,0.0913406870916708,0.480895753793069,0,0,111.733333333333,0.154366606170599,6.41189213746763e+15
9,Causal-v3,dt0.04,Moderate,0.0898455706384197,0.482555069440731,0,0,110.966666666667,0.151491833030853,6.31058640982258e+15
10,Causal-v3,dt0.04,Moderate,0.0923947711030939,0.485387451389034,0,0,111.866666666667,0.156696914700545,6.93194730557842e+15
11,Causal-v3,dt0.04,Moderate,0.0897316357772588,0.48184204229526,0,0,111.366666666667,0.152036297640653,6.50772390779358e+15
12,Causal-v3,dt0.04,Moderate,0.0903333418313348,0.487400231641778,0,0,111.466666666667,0.153205081669692,6.19803067110814e+15
13,Causal-v3,dt0.04,Moderate,0.0905460294651489,0.485746349445882,0,0,111.566666666667,0.154823956442831,4.72854253624632e+15
14,Causal-v3,dt0.04,Moderate,0.0894481533158837,0.492127932615773,0,0,111.5,0.152232304900182,6.17312528455909e+15
15,Causal-v3,dt0.04,Moderate,0.0906794050812464,0.481062418488747,0,0,111.566666666667,0.153756805807623,6.50583199509432e+15
16,Causal-v3,dt0.04,Moderate,0.0912376787130099,0.477069192255893,0,0,111.633333333333,0.153778584392014,5.41326038430853e+15
17,Causal-v3,dt0.04,Moderate,0.0921423436645264,0.486069964913915,0,0,111.766666666667,0.156196007259528,5.8408749848005e+15
18,Causal-v3,dt0.04,Moderate,0.0890532094127694,0.489438032086931,0,0,111.433333333333,0.151382940108893,6.81657400245682e+15
19,Causal-v3,dt0.04,Moderate,0.0921156510135495,0.479488303265459,0,0,111.733333333333,0.155513611615245,6.41334221594136e+15
20,Causal-v3,dt0.04,Moderate,0.0891134261960498,0.49220904857636,0,0,111.266666666667,0.151586206896552,5.93451380336683e+15
1,P10,dt0.01,Stressed,0.14883025443876,0.419012600069887,0,0,100,0.233805088596093,6.60074120008728e+15
2,P10,dt0.01,Stressed,0.147859512932655,0.413833080536841,0,0,100,0.233328032712403,6.0058897573283e+15
3,P10,dt0.01,Stressed,0.152403789163439,0.412730436693193,0,0,100,0.237939572921399,6.06510886312216e+15
4,P10,dt0.01,Stressed,0.151647817866605,0.419983378388827,0,0,100,0.237703316674239,5.56321731082443e+15
5,P10,dt0.01,Stressed,0.154309783161172,0.405134661605467,0,0,100,0.241433439345752,6.04923404358808e+15
6,P10,dt0.01,Stressed,0.15122647963819,0.408868231811761,0,0,100,0.237094502498864,7.43288246277259e+15
7,P10,dt0.01,Stressed,0.153881588874467,0.413513355832911,0,0,100,0.240302135393003,6.24917942171736e+15
8,P10,dt0.01,Stressed,0.147007575459827,0.418131152785614,0,0,100,0.232383007723762,6.21570474740133e+15
9,P10,dt0.01,Stressed,0.149907844842161,0.413494930672864,0,0,100,0.237721490231713,6.40656310326392e+15
10,P10,dt0.01,Stressed,0.149647134949507,0.391311106624159,0,0,100,0.236176737846433,7.75185521845874e+15
11,P10,dt0.01,Stressed,0.147540086903646,0.410392754789455,0,0,100,0.228866424352567,6.79923521062104e+15
12,P10,dt0.01,Stressed,0.153429727030717,0.397637078265469,0,0,100,0.242214902317129,6.14524292652203e+15
13,P10,dt0.01,Stressed,0.152635594807936,0.405207571847541,0,0,100,0.240024988641527,5.62416186995704e+15
14,P10,dt0.01,Stressed,0.151693310107236,0.407115634779405,0,0,100,0.239847796456156,6.85939095320722e+15
15,P10,dt0.01,Stressed,0.154066775407069,0.407540977853355,0,0,100,0.239734211721945,5.52069252860882e+15
16,P10,dt0.01,Stressed,0.148862360102424,0.418943530854098,0,0,100,0.233418900499773,6.87720670649618e+15
17,P10,dt0.01,Stressed,0.148301385962916,0.413509234300879,0,0,100,0.232782825988187,6.10472824714194e+15
18,P10,dt0.01,Stressed,0.149566683272496,0.418396395447581,0,0,100,0.236331213084961,6.23840382766437e+15
19,P10,dt0.01,Stressed,0.151669637133241,0.398607367034591,0,0,100,0.238430258973194,5.60663667866846e+15
20,P10,dt0.01,Stressed,0.155984879499341,0.413699258007356,0,0,100,0.243600636074512,6.14857590668094e+15
1,P20,dt0.01,Stressed,0.115182176419542,0.456335476762658,0,0,200,0.178225806451613,6.60074120008728e+15
2,P20,dt0.01,Stressed,0.114102315117893,0.456841080808681,0,0,200,0.177219445706497,6.0058897573283e+15
3,P20,dt0.01,Stressed,0.115396735666398,0.455152208032274,0,0,200,0.178355293048614,6.06510886312216e+15
4,P20,dt0.01,Stressed,0.115799344633608,0.45751158724215,0,0,200,0.179300318037256,5.56321731082443e+15
5,P20,dt0.01,Stressed,0.115099296888919,0.455885898198297,0,0,200,0.178752839618355,6.04923404358808e+15
6,P20,dt0.01,Stressed,0.114511546279885,0.454192126648345,0,0,200,0.177096774193548,7.43288246277259e+15
7,P20,dt0.01,Stressed,0.116558521662452,0.453296696150288,0,0,200,0.179745570195366,6.24917942171736e+15
8,P20,dt0.01,Stressed,0.113936375073531,0.458032974933038,0,0,200,0.177124034529759,6.21570474740133e+15
9,P20,dt0.01,Stressed,0.114667421443785,0.458197581737441,0,0,200,0.178134938664243,6.40656310326392e+15
10,P20,dt0.01,Stressed,0.114800228212668,0.452521981654821,0,0,200,0.178393911858246,7.75185521845874e+15
11,P20,dt0.01,Stressed,0.113777962230524,0.455242195111996,0,0,200,0.17525215810995,6.79923521062104e+15
12,P20,dt0.01,Stressed,0.115874649258271,0.449636036543564,0,0,200,0.179263970922308,6.14524292652203e+15
13,P20,dt0.01,Stressed,0.115253853345068,0.455775838956415,0,0,200,0.178618809631985,5.62416186995704e+15
14,P20,dt0.01,Stressed,0.115873431929619,0.451551562734903,0,0,200,0.179118582462517,6.85939095320722e+15
15,P20,dt0.01,Stressed,0.115578285114837,0.456601349689494,0,0,200,0.178555202180827,5.52069252860882e+15
16,P20,dt0.01,Stressed,0.115261195900093,0.454250742118087,0,0,200,0.178502953203089,6.87720670649618e+15
17,P20,dt0.01,Stressed,0.113693600534908,0.456928364804254,0,0,200,0.176367560199909,6.10472824714194e+15
18,P20,dt0.01,Stressed,0.113905243314113,0.455111518396409,0,0,200,0.176933212176283,6.23840382766437e+15
19,P20,dt0.01,Stressed,0.114361330725168,0.454299885002742,0,0,200,0.177158109950023,5.60663667866846e+15
20,P20,dt0.01,Stressed,0.115416553525918,0.45691162683994,0,0,200,0.179064061790095,6.14857590668094e+15
1,Causal-v3,dt0.01,Stressed,0.119494913773371,0.452414313226471,0,0,202.466666666667,0.18551158564289,6.60074120008728e+15
2,Causal-v3,dt0.01,Stressed,0.117731306714178,0.450306996362383,0,0,202.833333333333,0.183089504770559,6.0058897573283e+15
3,Causal-v3,dt0.01,Stressed,0.118462088333442,0.450954935858287,0,0,202.7,0.184549750113585,6.06510886312216e+15
4,Causal-v3,dt0.01,Stressed,0.119310351508507,0.444388672722336,0,0,202.633333333333,0.186323489323035,5.56321731082443e+15
5,Causal-v3,dt0.01,Stressed,0.116124697615615,0.450237962604769,0,0,203.4,0.181610177192185,6.04923404358808e+15
6,Causal-v3,dt0.01,Stressed,0.116495205010423,0.454714514333308,0,0,203.333333333333,0.182561562925943,7.43288246277259e+15
7,Causal-v3,dt0.01,Stressed,0.11640128311531,0.449015846952393,0,0,203.4,0.181749659245797,6.24917942171736e+15
8,Causal-v3,dt0.01,Stressed,0.116293285650272,0.457373620334755,0,0,203.133333333333,0.182240799636529,6.21570474740133e+15
9,Causal-v3,dt0.01,Stressed,0.116122123023146,0.45456861022885,0,0,203.1,0.180766924125398,6.40656310326392e+15
10,Causal-v3,dt0.01,Stressed,0.119112920010169,0.448621641954568,0,0,202.966666666667,0.185801908223535,7.75185521845874e+15
11,Causal-v3,dt0.01,Stressed,0.118427803234979,0.451269568819402,0,0,203.4,0.184779191276692,6.79923521062104e+15
12,Causal-v3,dt0.01,Stressed,0.11844483960298,0.44857907999687,0,0,202.533333333333,0.185033621081327,6.14524292652203e+15
13,Causal-v3,dt0.01,Stressed,0.119387111238083,0.454407854870644,0,0,202.133333333333,0.18657201272149,5.62416186995704e+15
14,Causal-v3,dt0.01,Stressed,0.11951941207698,0.445866211073833,0,0,202.633333333333,0.186802816901409,6.85939095320722e+15
15,Causal-v3,dt0.01,Stressed,0.118442114903103,0.45689967670096,0,0,202.766666666667,0.18367287596547,5.52069252860882e+15
16,Causal-v3,dt0.01,Stressed,0.117688096613494,0.457396617972135,0,0,202.666666666667,0.183612903225806,6.87720670649618e+15
17,Causal-v3,dt0.01,Stressed,0.116428062986735,0.455383810321147,0,0,202.766666666667,0.182451158564289,6.10472824714194e+15
18,Causal-v3,dt0.01,Stressed,0.11729870103844,0.452753385895434,0,0,203.366666666667,0.182751022262608,6.23840382766437e+15
19,Causal-v3,dt0.01,Stressed,0.117229733233498,0.455888007135361,0,0,203.033333333333,0.182919127669241,5.60663667866846e+15
20,Causal-v3,dt0.01,Stressed,0.119250582232776,0.451225518501587,0,0,202.5,0.185910040890504,6.14857590668094e+15
1,P10,dt0.02,Stressed,0.145698579527397,0.422953896912225,0,0,100,0.233832879200727,6.60074120008728e+15
2,P10,dt0.02,Stressed,0.14474576374474,0.417611527493177,0,0,100,0.233351498637602,6.0058897573283e+15
3,P10,dt0.02,Stressed,0.149248790037942,0.41664256999761,0,0,100,0.237992733878293,6.06510886312216e+15
4,P10,dt0.02,Stressed,0.148518521153625,0.423834769516019,0,0,100,0.237729336966394,5.56321731082443e+15
5,P10,dt0.02,Stressed,0.151180669795267,0.408950429617675,0,0,100,0.241462306993642,6.04923404358808e+15
6,P10,dt0.02,Stressed,0.148085506621833,0.41249771553985,0,0,100,0.237111716621253,7.43288246277259e+15
7,P10,dt0.02,Stressed,0.150811538923118,0.417177205253226,0,0,100,0.240290644868302,6.24917942171736e+15
8,P10,dt0.02,Stressed,0.143870592624539,0.422011772542569,0,0,100,0.232406902815622,6.21570474740133e+15
9,P10,dt0.02,Stressed,0.146769602977274,0.417138676215468,0,0,100,0.237756584922797,6.40656310326392e+15
10,P10,dt0.02,Stressed,0.14652479303764,0.39473893457766,0,0,100,0.236194368755677,7.75185521845874e+15
11,P10,dt0.02,Stressed,0.144429269715724,0.414378801069563,0,0,100,0.228882833787466,6.79923521062104e+15
12,P10,dt0.02,Stressed,0.150306738612355,0.401477323895367,0,0,100,0.242234332425068,6.14524292652203e+15
13,P10,dt0.02,Stressed,0.149521136255658,0.408901696629454,0,0,100,0.240072661217075,5.62416186995704e+15
14,P10,dt0.02,Stressed,0.148545992033073,0.411004355516641,0,0,100,0.239881925522253,6.85939095320722e+15
15,P10,dt0.02,Stressed,0.15095747168754,0.411445243987714,0,0,100,0.239745685740236,5.52069252860882e+15
16,P10,dt0.02,Stressed,0.145729430720037,0.422813018156921,0,0,100,0.233433242506812,6.87720670649618e+15
17,P10,dt0.02,Stressed,0.145174903493644,0.416959757521554,0,0,100,0.232788374205268,6.10472824714194e+15
18,P10,dt0.02,Stressed,0.146438637453559,0.422284420393216,0,0,100,0.236403269754769,6.23840382766437e+15
19,P10,dt0.02,Stressed,0.148557241290028,0.402294638468458,0,0,100,0.238455949137148,5.60663667866846e+15
20,P10,dt0.02,Stressed,0.152864905230848,0.417626938304281,0,0,100,0.243623978201635,6.14857590668094e+15
1,P20,dt0.02,Stressed,0.111964311070292,0.45906181026222,0,0,200,0.178672116257947,6.60074120008728e+15
2,P20,dt0.02,Stressed,0.112210982365245,0.458488980004258,0,0,200,0.178999091734787,6.0058897573283e+15
3,P20,dt0.02,Stressed,0.113085179598647,0.457576073065964,0,0,200,0.180663033605813,6.06510886312216e+15
4,P20,dt0.02,Stressed,0.112564024351435,0.46043996819644,0,0,200,0.179636693914623,5.56321731082443e+15
5,P20,dt0.02,Stressed,0.112735599556443,0.455547038723943,0,0,200,0.17994187102634,6.04923404358808e+15
6,P20,dt0.02,Stressed,0.112219999769138,0.456979829888939,0,0,200,0.177992733878292,7.43288246277259e+15
7,P20,dt0.02,Stressed,0.112827114436954,0.460523757015251,0,0,200,0.179525885558583,6.24917942171736e+15
8,P20,dt0.02,Stressed,0.111180380547407,0.457150473779925,0,0,200,0.177765667574932,6.21570474740133e+15
9,P20,dt0.02,Stressed,0.111341045420966,0.460527044016786,0,0,200,0.177611262488647,6.40656310326392e+15
10,P20,dt0.02,Stressed,0.112736221088878,0.456396658197511,0,0,200,0.179803814713897,7.75185521845874e+15
11,P20,dt0.02,Stressed,0.111746128017348,0.455375050342971,0,0,200,0.176795640326976,6.79923521062104e+15
12,P20,dt0.02,Stressed,0.111422160354265,0.45934006989608,0,0,200,0.177930971843778,6.14524292652203e+15
13,P20,dt0.02,Stressed,0.112011837373388,0.456324758009019,0,0,200,0.17952770208901,5.62416186995704e+15
14,P20,dt0.02,Stressed,0.113018166070291,0.46076035086247,0,0,200,0.18022706630336,6.85939095320722e+15
15,P20,dt0.02,Stressed,0.112838415384039,0.453862223015223,0,0,200,0.179331516802906,5.52069252860882e+15
16,P20,dt0.02,Stressed,0.111544019095852,0.462793731391086,0,0,200,0.178261580381471,6.87720670649618e+15
17,P20,dt0.02,Stressed,0.111504017414283,0.459004372044506,0,0,200,0.177634877384196,6.10472824714194e+15
18,P20,dt0.02,Stressed,0.112499112737289,0.461138477724948,0,0,200,0.179338782924614,6.23840382766437e+15
19,P20,dt0.02,Stressed,0.111273259579565,0.460025880684604,0,0,200,0.177618528610354,5.60663667866846e+15
20,P20,dt0.02,Stressed,0.112623205718001,0.455699767799374,0,0,200,0.179771117166212,6.14857590668094e+15
1,Causal-v3,dt0.02,Stressed,0.119656939230396,0.444054656117966,0,0,182.9,0.189869209809264,6.60074120008728e+15
2,Causal-v3,dt0.02,Stressed,0.120104933614181,0.446595687457923,0,0,183.133333333333,0.192032697547684,6.0058897573283e+15
3,Causal-v3,dt0.02,Stressed,0.121257113822266,0.446032088950724,0,0,182.866666666667,0.193782016348774,6.06510886312216e+15
4,Causal-v3,dt0.02,Stressed,0.120519079271724,0.446962240495395,0,0,182.666666666667,0.192076294277929,5.56321731082443e+15
5,Causal-v3,dt0.02,Stressed,0.119666508831992,0.449751257578899,0,0,182.9,0.19132970027248,6.04923404358808e+15
6,Causal-v3,dt0.02,Stressed,0.118723698171743,0.445559860163123,0,0,183.033333333333,0.189122615803815,7.43288246277259e+15
7,Causal-v3,dt0.02,Stressed,0.120031495100124,0.443926078578471,0,0,183.2,0.191732970027248,6.24917942171736e+15
8,Causal-v3,dt0.02,Stressed,0.11772093651953,0.447894991951117,0,0,182.933333333333,0.188114441416894,6.21570474740133e+15
9,Causal-v3,dt0.02,Stressed,0.118161313638248,0.444717917033053,0,0,182.9,0.189907356948229,6.40656310326392e+15
10,Causal-v3,dt0.02,Stressed,0.11995998764233,0.447259079081031,0,0,182.933333333333,0.190686648501362,7.75185521845874e+15
11,Causal-v3,dt0.02,Stressed,0.117650098506619,0.45016097583096,0,0,183,0.188054495912806,6.79923521062104e+15
12,Causal-v3,dt0.02,Stressed,0.118150204073303,0.452376918269289,0,0,182.833333333333,0.187945504087193,6.14524292652203e+15
13,Causal-v3,dt0.02,Stressed,0.118674122763074,0.448809548960576,0,0,182.933333333333,0.191013623978202,5.62416186995704e+15
14,Causal-v3,dt0.02,Stressed,0.119910980540607,0.453966906844359,0,0,182.966666666667,0.191035422343324,6.85939095320722e+15
15,Causal-v3,dt0.02,Stressed,0.12113670397823,0.454776638423383,0,0,182.9,0.192174386920981,5.52069252860882e+15
16,Causal-v3,dt0.02,Stressed,0.119838734704546,0.445997693192799,0,0,182.866666666667,0.192141689373297,6.87720670649618e+15
17,Causal-v3,dt0.02,Stressed,0.118201675856071,0.452204769130768,0,0,182.933333333333,0.187743869209809,6.10472824714194e+15
18,Causal-v3,dt0.02,Stressed,0.12080680962707,0.445755147238594,0,0,182.8,0.193700272479564,6.23840382766437e+15
19,Causal-v3,dt0.02,Stressed,0.117571942972048,0.457406028548299,0,0,182.966666666667,0.188108991825613,5.60663667866846e+15
20,Causal-v3,dt0.02,Stressed,0.119868552528897,0.444666861394653,0,0,182.566666666667,0.189613079019074,6.14857590668094e+15
1,P10,dt0.04,Stressed,0.140660434126408,0.411318175829654,0,0,100,0.235716878402904,6.60074120008728e+15
2,P10,dt0.04,Stressed,0.13966727243439,0.422210127884061,0,0,100,0.234838475499093,6.0058897573283e+15
3,P10,dt0.04,Stressed,0.144396758094111,0.42465361045616,0,0,100,0.240958257713249,6.06510886312216e+15
4,P10,dt0.04,Stressed,0.14376376832447,0.424607971192194,0,0,100,0.24064609800363,5.56321731082443e+15
5,P10,dt0.04,Stressed,0.143779537353036,0.411564581074632,0,0,100,0.241110707803993,6.04923404358808e+15
6,P10,dt0.04,Stressed,0.141647195092145,0.423575711139236,0,0,100,0.236842105263158,7.43288246277259e+15
7,P10,dt0.04,Stressed,0.143498768161549,0.424773658815397,0,0,100,0.237691470054446,6.24917942171736e+15
8,P10,dt0.04,Stressed,0.138674790175369,0.424799447199617,0,0,100,0.233009074410163,6.21570474740133e+15
9,P10,dt0.04,Stressed,0.14128436683607,0.421989380295856,0,0,100,0.23783666061706,6.40656310326392e+15
10,P10,dt0.04,Stressed,0.14292845932278,0.412562720916512,0,0,100,0.240392014519056,7.75185521845874e+15
11,P10,dt0.04,Stressed,0.136863237371822,0.424639425973329,0,0,100,0.228914700544465,6.79923521062104e+15
12,P10,dt0.04,Stressed,0.138715881408133,0.425553391143982,0,0,100,0.23243557168784,6.14524292652203e+15
13,P10,dt0.04,Stressed,0.1424668304648,0.422349539045768,0,0,100,0.238678765880218,5.62416186995704e+15
14,P10,dt0.04,Stressed,0.145483694231024,0.421807170739216,0,0,100,0.24519056261343,6.85939095320722e+15
15,P10,dt0.04,Stressed,0.140964606077764,0.415566321743184,0,0,100,0.237560798548094,5.52069252860882e+15
16,P10,dt0.04,Stressed,0.140901700627197,0.429174199529599,0,0,100,0.240450090744102,6.87720670649618e+15
17,P10,dt0.04,Stressed,0.14141336739911,0.426489097820672,0,0,100,0.235963702359347,6.10472824714194e+15
18,P10,dt0.04,Stressed,0.138537015335441,0.421440078796043,0,0,100,0.231223230490018,6.23840382766437e+15
19,P10,dt0.04,Stressed,0.145067834183934,0.421654455255156,0,0,100,0.241168784029038,5.60663667866846e+15
20,P10,dt0.04,Stressed,0.140735137599675,0.428829189226076,0,0,100,0.236457350272232,6.14857590668094e+15
1,P20,dt0.04,Stressed,0.106188852900173,0.465534120452066,0,0,200,0.179738656987296,6.60074120008728e+15
2,P20,dt0.04,Stressed,0.105831222647321,0.466079918505921,0,0,200,0.178736842105263,6.0058897573283e+15
3,P20,dt0.04,Stressed,0.107292932402589,0.46649861878358,0,0,200,0.181705989110708,6.06510886312216e+15
4,P20,dt0.04,Stressed,0.106862018597719,0.468724500441732,0,0,200,0.181110707803993,5.56321731082443e+15
5,P20,dt0.04,Stressed,0.107743776548466,0.453962080144566,0,0,200,0.182039927404719,6.04923404358808e+15
6,P20,dt0.04,Stressed,0.106386433999018,0.464607693548751,0,0,200,0.179963702359347,7.43288246277259e+15
7,P20,dt0.04,Stressed,0.105932736840841,0.466735415046528,0,0,200,0.178787658802178,6.24917942171736e+15
8,P20,dt0.04,Stressed,0.105239039711436,0.467999069105886,0,0,200,0.177843920145191,6.21570474740133e+15
9,P20,dt0.04,Stressed,0.106133140027508,0.467065322511376,0,0,200,0.179898366606171,6.40656310326392e+15
10,P20,dt0.04,Stressed,0.108360090071285,0.45964188219476,0,0,200,0.183281306715064,7.75185521845874e+15
11,P20,dt0.04,Stressed,0.105228660875603,0.467057628654345,0,0,200,0.178083484573503,6.79923521062104e+15
12,P20,dt0.04,Stressed,0.106643154986691,0.467906009528501,0,0,200,0.180021778584392,6.14524292652203e+15
13,P20,dt0.04,Stressed,0.106720226655488,0.462850892166878,0,0,200,0.180529945553539,5.62416186995704e+15
14,P20,dt0.04,Stressed,0.107123453360336,0.46475778041604,0,0,200,0.180842105263158,6.85939095320722e+15
15,P20,dt0.04,Stressed,0.107749008960731,0.459359427582101,0,0,200,0.181219600725953,5.52069252860882e+15
16,P20,dt0.04,Stressed,0.106244800912257,0.465371724752271,0,0,200,0.180784029038113,6.87720670649618e+15
17,P20,dt0.04,Stressed,0.10678656428053,0.467333259025919,0,0,200,0.179600725952813,6.10472824714194e+15
18,P20,dt0.04,Stressed,0.106147270071082,0.466733180466694,0,0,200,0.179470054446461,6.23840382766437e+15
19,P20,dt0.04,Stressed,0.106704409344451,0.466428732213053,0,0,200,0.180123411978222,5.60663667866846e+15
20,P20,dt0.04,Stressed,0.105883108743669,0.469590311401205,0,0,200,0.178620689655172,6.14857590668094e+15
1,Causal-v3,dt0.04,Stressed,0.127806775652833,0.441641392135254,0,0,133.1,0.214787658802178,6.60074120008728e+15
2,Causal-v3,dt0.04,Stressed,0.12793230721705,0.433134459870745,0,0,133.066666666667,0.214018148820327,6.0058897573283e+15
3,Causal-v3,dt0.04,Stressed,0.127941549081495,0.435495903574083,0,0,132.966666666667,0.215092558983666,6.06510886312216e+15
4,Causal-v3,dt0.04,Stressed,0.127708269278722,0.440654362365672,0,0,132.966666666667,0.215361161524501,5.56321731082443e+15
5,Causal-v3,dt0.04,Stressed,0.129325563732586,0.431953909317117,0,0,133.1,0.217023593466425,6.04923404358808e+15
6,Causal-v3,dt0.04,Stressed,0.126584994821459,0.440618089944201,0,0,133.033333333333,0.213059891107078,7.43288246277259e+15
7,Causal-v3,dt0.04,Stressed,0.126825136825331,0.438240847358674,0,0,133.133333333333,0.212275862068966,6.24917942171736e+15
8,Causal-v3,dt0.04,Stressed,0.124028773021965,0.444822391795232,0,0,133.133333333333,0.209843920145191,6.21570474740133e+15
9,Causal-v3,dt0.04,Stressed,0.126915212826297,0.444041418459384,0,0,132.966666666667,0.214359346642468,6.40656310326392e+15
10,Causal-v3,dt0.04,Stressed,0.130110601219065,0.434617510285374,0,0,132.833333333333,0.216304900181488,7.75185521845874e+15
11,Causal-v3,dt0.04,Stressed,0.124139864620488,0.44111595493938,0,0,133.066666666667,0.209125226860254,6.79923521062104e+15
12,Causal-v3,dt0.04,Stressed,0.12673730753098,0.44236822845345,0,0,132.866666666667,0.212101633393829,6.14524292652203e+15
13,Causal-v3,dt0.04,Stressed,0.127147442203151,0.443927963212377,0,0,133.133333333333,0.213226860254084,5.62416186995704e+15
14,Causal-v3,dt0.04,Stressed,0.128707919455572,0.441893992816928,0,0,132.9,0.216413793103448,6.85939095320722e+15
15,Causal-v3,dt0.04,Stressed,0.126170929345424,0.442568587728456,0,0,133.1,0.211426497277677,5.52069252860882e+15
16,Causal-v3,dt0.04,Stressed,0.123375388967184,0.443070650569187,0,0,133,0.208711433756806,6.87720670649618e+15
17,Causal-v3,dt0.04,Stressed,0.12721333081004,0.432616086966362,0,0,133.033333333333,0.211854809437387,6.10472824714194e+15
18,Causal-v3,dt0.04,Stressed,0.125772443428973,0.43984804788101,0,0,133.066666666667,0.210715063520871,6.23840382766437e+15
19,Causal-v3,dt0.04,Stressed,0.124830184715241,0.441533348068221,0,0,133.1,0.210010889292196,5.60663667866846e+15
20,Causal-v3,dt0.04,Stressed,0.125070840162191,0.441140140353322,0,0,133.1,0.209248638838475,6.14857590668094e+15
