seed,method,topology,N,scenario,RMSE,AOI,MINEVAL,NDATA,NACK,MISSION,VIOL,FORMFAIL,SAFEFAIL,numEdges,meanDegree,minDegree,lambda2,nChannels
1,P10,ring2,10,Moderate,0.151242943995515,0.155768668799115,0.408756224135627,6900,0,30,0,1,0,13,2.6,2,0.644325706021918,23
2,P10,ring2,10,Moderate,0.150679448743525,0.155448801484816,0.413241189637332,6900,0,30,0,1,0,13,2.6,2,0.644325706021918,23
3,P10,ring2,10,Moderate,0.150535049062256,0.154627413813529,0.411502226069741,6900,0,30,0,1,0,13,2.6,2,0.644325706021918,23
1,P20,ring2,10,Moderate,0.114865649712807,0.118381313430478,0.453018564702923,13800,0,30,0,1,0,13,2.6,2,0.644325706021918,23
2,P20,ring2,10,Moderate,0.115068439763291,0.118468980768471,0.45361950771746,13800,0,30,0,1,0,13,2.6,2,0.644325706021918,23
3,P20,ring2,10,Moderate,0.114723691241135,0.118368676697074,0.455569545860116,13800,0,30,0,1,0,13,2.6,2,0.644325706021918,23
1,State-event,ring2,10,Moderate,0.25881866109334,0.270233779567982,0.253831968678742,2844,0,30,0,1,0,13,2.6,2,0.644325706021918,23
2,State-event,ring2,10,Moderate,0.260647906831986,0.27483670971054,0.248900764435864,2835,0,30,0,1,1,13,2.6,2,0.644325706021918,23
3,State-event,ring2,10,Moderate,0.265130565854335,0.276026932038068,0.272061886492702,2829,0,30,0,1,0,13,2.6,2,0.644325706021918,23
1,Causal-v3,ring2,10,Moderate,0.13624724167547,0.140719109110295,0.428871534451812,9103,7332,30,0,1,0,13,2.6,2,0.644325706021918,23
2,Causal-v3,ring2,10,Moderate,0.137508166479977,0.141671602890653,0.426012325046535,9115,7276,30,0,1,0,13,2.6,2,0.644325706021918,23
3,Causal-v3,ring2,10,Moderate,0.137675203829287,0.142053864076136,0.426034544400479,9128,7279,30,0,1,0,13,2.6,2,0.644325706021918,23
1,P10,sparse4,10,Moderate,0.169022726201943,0.154117321282204,0.394107922500917,12300,0,30,0,1,0,23,4.6,4,2.06456766802997,41
2,P10,sparse4,10,Moderate,0.170566215870972,0.155085399082874,0.385628347471441,12300,0,30,0,1,0,23,4.6,4,2.06456766802997,41
3,P10,sparse4,10,Moderate,0.170805975585645,0.155253760439512,0.388306226447768,12300,0,30,0,1,0,23,4.6,4,2.06456766802997,41
1,P20,sparse4,10,Moderate,0.127864898007117,0.118057863139939,0.440263932112241,24600,0,30,0,1,0,23,4.6,4,2.06456766802997,41
2,P20,sparse4,10,Moderate,0.128437762052458,0.118428258124543,0.439386029038363,24600,0,30,0,1,0,23,4.6,4,2.06456766802997,41
3,P20,sparse4,10,Moderate,0.128360629740445,0.118367116368711,0.440698760356483,24600,0,30,0,1,0,23,4.6,4,2.06456766802997,41
1,State-event,sparse4,10,Moderate,0.302794945628574,0.278868655989012,0.228954402359069,4925,0,30,0,1,1,23,4.6,4,2.06456766802997,41
2,State-event,sparse4,10,Moderate,0.306880380523147,0.28244855009858,0.208982490970246,4928,0,30,0,1,1,23,4.6,4,2.06456766802997,41
3,State-event,sparse4,10,Moderate,0.30808235261931,0.28169668372433,0.228481085599467,4932,0,30,0,1,1,23,4.6,4,2.06456766802997,41
1,Causal-v3,sparse4,10,Moderate,0.157073879666331,0.142807868678142,0.406647748860742,15908,12751,30,0,1,0,23,4.6,4,2.06456766802997,41
2,Causal-v3,sparse4,10,Moderate,0.157822113978398,0.143301433286812,0.400131373069549,15989,12724,30,0,1,0,23,4.6,4,2.06456766802997,41
3,Causal-v3,sparse4,10,Moderate,0.157266588840616,0.142863693759553,0.405245151366119,15904,12693,30,0,1,0,23,4.6,4,2.06456766802997,41
1,P10,sparse6,10,Moderate,0.177908173679335,0.154432642128111,0.394354992141362,17700,0,30,0,1,0,31,6.2,6,4.38196601125011,59
2,P10,sparse6,10,Moderate,0.179320444561344,0.155260856848166,0.392199731874089,17700,0,30,0,1,0,31,6.2,6,4.38196601125011,59
3,P10,sparse6,10,Moderate,0.179274776897696,0.155601071445065,0.39212007399867,17700,0,30,0,1,0,31,6.2,6,4.38196601125011,59
1,P20,sparse6,10,Moderate,0.134232730243877,0.118146677134808,0.444884287626616,35400,0,30,0,1,0,31,6.2,6,4.38196601125011,59
2,P20,sparse6,10,Moderate,0.134223650091541,0.118106344001601,0.445344277244245,35400,0,30,0,1,0,31,6.2,6,4.38196601125011,59
3,P20,sparse6,10,Moderate,0.134042979458962,0.118119583121661,0.444639706066287,35400,0,30,0,1,0,31,6.2,6,4.38196601125011,59
1,State-event,sparse6,10,Moderate,0.321809421974446,0.278182084083807,0.224007413779801,7035,0,30,0,1,1,31,6.2,6,4.38196601125011,59
2,State-event,sparse6,10,Moderate,0.326772898310195,0.280994319493834,0.227444616713522,7033,0,30,0,1,1,31,6.2,6,4.38196601125011,59
3,State-event,sparse6,10,Moderate,0.324389029406369,0.279743376591388,0.227657591906737,7050,0,30,0,1,1,31,6.2,6,4.38196601125011,59
1,Causal-v3,sparse6,10,Moderate,0.167497270773482,0.143987900060038,0.406291932112824,22725,18065,30,0,1,0,31,6.2,6,4.38196601125011,59
2,Causal-v3,sparse6,10,Moderate,0.167366562713638,0.143898305084746,0.406463667467504,22728,18088,30,0,1,0,31,6.2,6,4.38196601125011,59
3,Causal-v3,sparse6,10,Moderate,0.167405118165081,0.144116596622485,0.408345145453001,22775,18094,30,0,1,0,31,6.2,6,4.38196601125011,59
1,P10,geometric,10,Moderate,0.101305508710084,0.155977964696126,0.47036141246848,6900,0,30,0,1,0,14,2.8,1,0.925007400072462,23
2,P10,geometric,10,Moderate,0.0998323058004017,0.154643209730285,0.477682122063116,6900,0,30,0,0,0,14,2.8,1,0.925007400072462,23
3,P10,geometric,10,Moderate,0.100025339995272,0.154311495478419,0.474854001844179,6900,0,30,0,1,0,14,2.8,1,0.925007400072462,23
1,P20,geometric,10,Moderate,0.0764849099071643,0.118247837933894,0.504068820615584,13800,0,30,0,0,0,14,2.8,1,0.925007400072462,23
2,P20,geometric,10,Moderate,0.0758789860753031,0.117634166567942,0.505689991108183,13800,0,30,0,0,0,14,2.8,1,0.925007400072462,23
3,P20,geometric,10,Moderate,0.076194588693756,0.118039331832721,0.504966488008507,13800,0,30,0,0,0,14,2.8,1,0.925007400072462,23
1,State-event,geometric,10,Moderate,0.175440977774517,0.270903526438416,0.384685893142685,2928,0,30,0,1,0,14,2.8,1,0.925007400072462,23
2,State-event,geometric,10,Moderate,0.176005623585739,0.275498558622596,0.367530589412336,2924,0,30,0,1,0,14,2.8,1,0.925007400072462,23
3,State-event,geometric,10,Moderate,0.182023023038379,0.277598625755242,0.373606200405898,2927,0,30,0,1,0,14,2.8,1,0.925007400072462,23
1,Causal-v3,geometric,10,Moderate,0.0925751777753274,0.143165896615725,0.481905636246958,9173,7273,30,0,0,0,14,2.8,1,0.925007400072462,23
2,Causal-v3,geometric,10,Moderate,0.0917842869593354,0.142317655885953,0.485661677770737,9092,7288,30,0,0,0,14,2.8,1,0.925007400072462,23
3,Causal-v3,geometric,10,Moderate,0.0921247201256948,0.142497729336966,0.48581436511667,9102,7284,30,0,0,0,14,2.8,1,0.925007400072462,23
1,P10,ring2,20,Moderate,0.180134527560362,0.156323418104753,0.402304076594204,14400,0,30,0,1,0,28,2.8,2,0.498132719947257,48
2,P10,ring2,20,Moderate,0.17904397110599,0.155150242204057,0.403532523844607,14400,0,30,0,1,0,28,2.8,2,0.498132719947257,48
3,P10,ring2,20,Moderate,0.178115588782607,0.154991295791705,0.403467755430382,14400,0,30,0,1,0,28,2.8,2,0.498132719947257,48
1,P20,ring2,20,Moderate,0.137373084057296,0.118732591583409,0.450613283145412,28800,0,30,0,1,0,28,2.8,2,0.498132719947257,48
2,P20,ring2,20,Moderate,0.137050011674721,0.118575537390251,0.448995245856497,28800,0,30,0,1,0,28,2.8,2,0.498132719947257,48
3,P20,ring2,20,Moderate,0.13675588408951,0.118382152588556,0.447031078377484,28800,0,30,0,1,0,28,2.8,2,0.498132719947257,48
1,State-event,ring2,20,Moderate,0.312457153270655,0.280487057220708,0.2254050735023,5767,0,30,0,1,1,28,2.8,2,0.498132719947257,48
2,State-event,ring2,20,Moderate,0.309889480314881,0.276972449288526,0.264095190011272,5774,0,30,0,1,0,28,2.8,2,0.498132719947257,48
3,State-event,ring2,20,Moderate,0.308247543949099,0.275275507114744,0.267045678564998,5781,0,30,0,1,0,28,2.8,2,0.498132719947257,48
1,Causal-v3,ring2,20,Moderate,0.162786812270869,0.141004389948532,0.424120683133461,18968,15146,30,0,1,0,28,2.8,2,0.498132719947257,48
2,Causal-v3,ring2,20,Moderate,0.162530286959244,0.141165607023918,0.426150181683921,19037,15124,30,0,1,0,28,2.8,2,0.498132719947257,48
3,Causal-v3,ring2,20,Moderate,0.162357506837989,0.140852633969119,0.419029969687125,18956,15170,30,0,1,0,28,2.8,2,0.498132719947257,48
1,P10,sparse4,20,Moderate,0.257347891399741,0.155212597427286,0.333887154184391,25800,0,30,0,1,0,48,4.8,4,0.89697385380051,86
2,P10,sparse4,20,Moderate,0.256351055276765,0.154538791373593,0.342872310847864,25800,0,30,0,1,0,48,4.8,4,0.89697385380051,86
3,P10,sparse4,20,Moderate,0.258556292154911,0.15561709228397,0.340448312905769,25800,0,30,0,1,0,48,4.8,4,0.89697385380051,86
1,P20,sparse4,20,Moderate,0.195737813049175,0.118267748135944,0.40103742560882,51600,0,30,0,1,0,48,4.8,4,0.89697385380051,86
2,P20,sparse4,20,Moderate,0.195621380242168,0.118155799167776,0.401645038361749,51600,0,30,0,1,0,48,4.8,4,0.89697385380051,86
3,P20,sparse4,20,Moderate,0.195630984093005,0.118060748157066,0.401629142033751,51600,0,30,0,1,0,48,4.8,4,0.89697385380051,86
1,State-event,sparse4,20,Moderate,0.460790379460178,0.292928204803244,0.154004984847258,9522,0,30,0,1,1,48,4.8,4,0.89697385380051,86
2,State-event,sparse4,20,Moderate,0.447313511941026,0.287860507361173,0.163024073771148,9561,0,30,0,1,1,48,4.8,4,0.89697385380051,86
3,State-event,sparse4,20,Moderate,0.455790008951004,0.291008174386921,0.154174233972819,9530,0,30,0,1,1,48,4.8,4,0.89697385380051,86
1,Causal-v3,sparse4,20,Moderate,0.239629508094671,0.143533574129227,0.358067254846213,32520,25937,30,0,1,0,48,4.8,4,0.89697385380051,86
2,Causal-v3,sparse4,20,Moderate,0.240616418235896,0.144163867942462,0.35244078169043,32537,25819,30,0,1,0,48,4.8,4,0.89697385380051,86
3,Causal-v3,sparse4,20,Moderate,0.239853988896588,0.143428806792979,0.353783781771285,32507,25997,30,0,1,0,48,4.8,4,0.89697385380051,86
1,P10,sparse6,20,Moderate,0.288990356608504,0.154835340306466,0.308403460574038,37200,0,30,0,1,0,66,6.6,6,1.61242402873909,124
2,P10,sparse6,20,Moderate,0.28887387130633,0.154907855029152,0.313913323669097,37200,0,30,0,1,0,66,6.6,6,1.61242402873909,124
3,P10,sparse6,20,Moderate,0.289859713477233,0.155650581582725,0.310185316187807,37200,0,30,0,1,0,66,6.6,6,1.61242402873909,124
1,P20,sparse6,20,Moderate,0.219845451802021,0.118124285839852,0.379257924548945,74400,0,30,0,1,0,66,6.6,6,1.61242402873909,124
2,P20,sparse6,20,Moderate,0.220034635569856,0.118233277665465,0.381416516602084,74400,0,30,0,1,0,66,6.6,6,1.61242402873909,124
3,P20,sparse6,20,Moderate,0.219996219724611,0.118253640385573,0.381279121839235,74400,0,30,0,1,0,66,6.6,6,1.61242402873909,124
1,State-event,sparse6,20,Moderate,0.513193454347651,0.294699540007617,0.0857357164084389,13177,0,30,0,1,1,66,6.6,6,1.61242402873909,124
2,State-event,sparse6,20,Moderate,0.516912037882475,0.297286044944478,0.0795103223960353,13167,0,30,0,1,1,66,6.6,6,1.61242402873909,124
3,State-event,sparse6,20,Moderate,0.511951327882449,0.295824323928393,0.0812705710105923,13150,0,30,0,1,1,66,6.6,6,1.61242402873909,124
1,Causal-v3,sparse6,20,Moderate,0.272287807655387,0.144096276112625,0.327019553910925,46217,37087,30,0,1,0,66,6.6,6,1.61242402873909,124
2,Causal-v3,sparse6,20,Moderate,0.273051544459878,0.144330813629838,0.325975175466819,46207,36903,30,0,1,0,66,6.6,6,1.61242402873909,124
3,Causal-v3,sparse6,20,Moderate,0.273062310095743,0.144281445020656,0.32636028931671,46343,36994,30,0,1,0,66,6.6,6,1.61242402873909,124
1,P10,geometric,20,Moderate,0.16985125163465,0.155864365728126,0.421076197790623,18000,0,30,0,1,0,35,3.5,1,0.696473718148361,60
2,P10,geometric,20,Moderate,0.168835609128527,0.15540115046927,0.418707003524521,18000,0,30,0,1,0,35,3.5,1,0.696473718148361,60
3,P10,geometric,20,Moderate,0.169017418539866,0.154922797456857,0.417148689761237,18000,0,30,0,1,0,35,3.5,1,0.696473718148361,60
1,P20,geometric,20,Moderate,0.128745452489153,0.118499545867393,0.463496778197877,36000,0,30,0,1,0,35,3.5,1,0.696473718148361,60
2,P20,geometric,20,Moderate,0.128454001390161,0.118232515894641,0.464003738907047,36000,0,30,0,1,0,35,3.5,1,0.696473718148361,60
3,P20,geometric,20,Moderate,0.128548738871849,0.11827974568574,0.46211376370999,36000,0,30,0,1,0,35,3.5,1,0.696473718148361,60
1,State-event,geometric,20,Moderate,0.297314451371768,0.278363003330306,0.286115878502264,7241,0,30,0,1,0,35,3.5,1,0.696473718148361,60
2,State-event,geometric,20,Moderate,0.297798739433853,0.277447471995156,0.287959243240581,7249,0,30,0,1,0,35,3.5,1,0.696473718148361,60
3,State-event,geometric,20,Moderate,0.298790406899197,0.281361792310021,0.268319738688702,7247,0,30,0,1,0,35,3.5,1,0.696473718148361,60
1,Causal-v3,geometric,20,Moderate,0.155225520809925,0.142462912503784,0.436667170761112,23706,18815,30,0,1,0,35,3.5,1,0.696473718148361,60
2,Causal-v3,geometric,20,Moderate,0.154679617225185,0.141700272479564,0.437028296147214,23656,18821,30,0,1,0,35,3.5,1,0.696473718148361,60
3,Causal-v3,geometric,20,Moderate,0.155490473494541,0.142098092643052,0.434088378238554,23787,18841,30,0,1,0,35,3.5,1,0.696473718148361,60
1,P10,ring2,50,Moderate,0.19297998760892,0.154967989189429,0.400218166072865,36900,0,30,0,1,0,73,2.92,2,0.450388976413079,123
2,P10,ring2,50,Moderate,0.193022212773295,0.154942882671333,0.403142604039905,36900,0,30,0,1,0,73,2.92,2,0.450388976413079,123
3,P10,ring2,50,Moderate,0.19331172496714,0.155337202690828,0.404713471451079,36900,0,30,0,1,0,73,2.92,2,0.450388976413079,123
1,P20,ring2,50,Moderate,0.14781072294406,0.118200231866079,0.447433278500262,73800,0,30,0,1,0,73,2.92,2,0.450388976413079,123
2,P20,ring2,50,Moderate,0.147581643534245,0.118093603006875,0.448731221380649,73800,0,30,0,1,0,73,2.92,2,0.450388976413079,123
3,P20,ring2,50,Moderate,0.147736214933174,0.118305236185877,0.449840116834547,73800,0,30,0,1,0,73,2.92,2,0.450388976413079,123
1,State-event,ring2,50,Moderate,0.331290586429255,0.275001956831557,0.26556332988358,14544,0,30,0,1,0,73,2.92,2,0.450388976413079,123
2,State-event,ring2,50,Moderate,0.333146420242312,0.277581577723134,0.248819362950092,14554,0,30,0,1,1,73,2.92,2,0.450388976413079,123
3,State-event,ring2,50,Moderate,0.334285605690547,0.277898658278136,0.285489670662916,14530,0,30,0,1,0,73,2.92,2,0.450388976413079,123
1,Causal-v3,ring2,50,Moderate,0.175852844914002,0.140903760808725,0.421277675808667,48522,38696,30,0,1,0,73,2.92,2,0.450388976413079,123
2,Causal-v3,ring2,50,Moderate,0.175456711751472,0.140622863176861,0.420404526355999,48543,38723,30,0,1,0,73,2.92,2,0.450388976413079,123
3,Causal-v3,ring2,50,Moderate,0.175197891673116,0.140652252571572,0.420882315464036,48507,38803,30,0,1,0,73,2.92,2,0.450388976413079,123
1,P10,sparse4,50,Moderate,0.311831594044356,0.154701854751542,0.336131166360579,66300,0,30,0,1,0,123,4.92,4,0.515342416053559,221
2,P10,sparse4,50,Moderate,0.3129196661266,0.154922139889282,0.336554384310918,66300,0,30,0,1,0,123,4.92,4,0.515342416053559,221
3,P10,sparse4,50,Moderate,0.312655340456881,0.155255855433768,0.332458836167996,66300,0,30,0,1,0,123,4.92,4,0.515342416053559,221
1,P20,sparse4,50,Moderate,0.239983777745623,0.118096218575462,0.399247270921614,132600,0,30,0,1,0,123,4.92,4,0.515342416053559,221
2,P20,sparse4,50,Moderate,0.240325570605688,0.118209813374102,0.3992373836901,132600,0,30,0,1,0,123,4.92,4,0.515342416053559,221
3,P20,sparse4,50,Moderate,0.240095528175824,0.118224773036441,0.397018743944892,132600,0,30,0,1,0,123,4.92,4,0.515342416053559,221
1,State-event,sparse4,50,Moderate,0.547084890070975,0.299980807246395,0.143345968766697,22995,0,30,0,1,1,123,4.92,4,0.515342416053559,221
2,State-event,sparse4,50,Moderate,0.551555651009116,0.303013344511982,0.115805841999303,22953,0,30,0,1,1,123,4.92,4,0.515342416053559,221
3,State-event,sparse4,50,Moderate,0.548330939935331,0.303112390628018,0.135024126391229,22904,0,30,0,1,1,123,4.92,4,0.515342416053559,221
1,Causal-v3,sparse4,50,Moderate,0.292959812273314,0.143770122595255,0.352378019322764,81894,65757,30,0,1,0,123,4.92,4,0.515342416053559,221
2,Causal-v3,sparse4,50,Moderate,0.294233269323576,0.144264202432178,0.353157597812775,82208,65622,30,0,1,0,123,4.92,4,0.515342416053559,221
3,Causal-v3,sparse4,50,Moderate,0.293868250509787,0.144231406249358,0.352956204203718,82070,65619,30,0,1,0,123,4.92,4,0.515342416053559,221
1,P10,sparse6,50,Moderate,0.3864997639084,0.154850648740529,0.292430693477187,95700,0,30,0,1,0,171,6.84,6,0.672690653244867,319
2,P10,sparse6,50,Moderate,0.387740009235672,0.155366281436938,0.29322305706018,95700,0,30,0,1,0,171,6.84,6,0.672690653244867,319
3,P10,sparse6,50,Moderate,0.386218633918259,0.154567919161549,0.298136670077354,95700,0,30,0,1,0,171,6.84,6,0.672690653244867,319
1,P20,sparse6,50,Moderate,0.300043150171826,0.118075132609568,0.365739864441659,191400,0,30,0,1,0,171,6.84,6,0.672690653244867,319
2,P20,sparse6,50,Moderate,0.300156853732748,0.118169717469727,0.366305845832801,191400,0,30,0,1,0,171,6.84,6,0.672690653244867,319
3,P20,sparse6,50,Moderate,0.299704232967773,0.11804130756024,0.366858790552168,191400,0,30,0,1,0,171,6.84,6,0.672690653244867,319
1,State-event,sparse6,50,Moderate,0.687902812183033,0.327477243543203,0.0438145919331207,29451,0,30,0,1,1,171,6.84,6,0.672690653244867,319
2,State-event,sparse6,50,Moderate,0.681056801503699,0.326279016795789,0.0508259425551796,29663,0,30,0,1,1,171,6.84,6,0.672690653244867,319
3,State-event,sparse6,50,Moderate,0.693196481677294,0.329717669032712,0.0318598902288335,29390,0,30,0,1,1,171,6.84,6,0.672690653244867,319
1,Causal-v3,sparse6,50,Moderate,0.367476883427069,0.14436778761969,0.310574825109402,117133,93509,30,0,1,0,171,6.84,6,0.672690653244867,319
2,Causal-v3,sparse6,50,Moderate,0.367296342318595,0.144186020687947,0.31154061293868,116946,93379,30,0,1,0,171,6.84,6,0.672690653244867,319
3,Causal-v3,sparse6,50,Moderate,0.36754424227495,0.144423023811354,0.309519830350766,117046,93345,30,0,1,0,171,6.84,6,0.672690653244867,319
1,P10,geometric,50,Moderate,0.252237403553334,0.155064506902314,0.372198459545237,54300,0,30,0,1,0,103,4.12,1,0.551304567801108,181
2,P10,geometric,50,Moderate,0.251528010974042,0.154721774780335,0.375408777850381,54300,0,30,0,1,0,103,4.12,1,0.551304567801108,181
3,P10,geometric,50,Moderate,0.251621461155582,0.154895900763244,0.377477376192448,54300,0,30,0,1,0,103,4.12,1,0.551304567801108,181
1,P20,geometric,50,Moderate,0.192307098987356,0.118199677841841,0.428201527028668,108600,0,30,0,1,0,103,4.12,1,0.551304567801108,181
2,P20,geometric,50,Moderate,0.192146111547496,0.118110356732453,0.428431409067747,108600,0,30,0,1,0,103,4.12,1,0.551304567801108,181
3,P20,geometric,50,Moderate,0.192201398663408,0.118167863469172,0.428443724501091,108600,0,30,0,1,0,103,4.12,1,0.551304567801108,181
1,State-event,geometric,50,Moderate,0.440309775047029,0.289734846774153,0.212816356966028,20189,0,30,0,1,1,103,4.12,1,0.551304567801108,181
2,State-event,geometric,50,Moderate,0.439971324961793,0.285645545736924,0.1988638772611,20155,0,30,0,1,1,103,4.12,1,0.551304567801108,181
3,State-event,geometric,50,Moderate,0.446263827112162,0.291704929220548,0.202108810442453,20159,0,30,0,1,1,103,4.12,1,0.551304567801108,181
1,Causal-v3,geometric,50,Moderate,0.233577897249921,0.142896563144504,0.396254822267741,69244,55258,30,0,1,0,103,4.12,1,0.551304567801108,181
2,Causal-v3,geometric,50,Moderate,0.232941622524442,0.142491205885157,0.395697748806397,69157,55246,30,0,1,0,103,4.12,1,0.551304567801108,181
3,Causal-v3,geometric,50,Moderate,0.232759563078494,0.142450359040751,0.397393621525017,69081,55270,30,0,1,0,103,4.12,1,0.551304567801108,181
1,P10,ring2,10,Stressed,0.225676685763561,0.237109742131659,0.310307393186793,6900,0,30,0,1,0,13,2.6,2,0.644325706021918,23
2,P10,ring2,10,Stressed,0.229682621688728,0.237161078861114,0.303051530389962,6900,0,30,0,1,0,13,2.6,2,0.644325706021918,23
3,P10,ring2,10,Stressed,0.228843642252748,0.237011017651937,0.302718904759847,6900,0,30,0,1,0,13,2.6,2,0.644325706021918,23
1,P20,ring2,10,Stressed,0.173064742075697,0.179152154168148,0.38239461347156,13800,0,30,0,1,0,13,2.6,2,0.644325706021918,23
2,P20,ring2,10,Stressed,0.17376188678506,0.17923666232279,0.384047392450915,13800,0,30,0,1,0,13,2.6,2,0.644325706021918,23
3,P20,ring2,10,Stressed,0.17344933155654,0.179292737827272,0.381486051095962,13800,0,30,0,1,0,13,2.6,2,0.644325706021918,23
1,State-event,ring2,10,Stressed,0.406825185191581,0.43972633574221,0.0173059780435551,2696,0,30,0,1,1,13,2.6,2,0.644325706021918,23
2,State-event,ring2,10,Stressed,0.395512414593198,0.432769024207242,0.126926557427052,2713,0,30,0,1,1,13,2.6,2,0.644325706021918,23
3,State-event,ring2,10,Stressed,0.400315868394093,0.44815345733128,0.0833285526386465,2718,0,30,0,1,1,13,2.6,2,0.644325706021918,23
1,Causal-v3,ring2,10,Stressed,0.184179719327157,0.189876791849307,0.366224640878504,12182,7269,30,0,1,0,13,2.6,2,0.644325706021918,23
2,Causal-v3,ring2,10,Stressed,0.184585220263129,0.190521265252932,0.357394508580692,12191,7305,30,0,1,0,13,2.6,2,0.644325706021918,23
3,Causal-v3,ring2,10,Stressed,0.184436423083692,0.189696718398294,0.363324630628585,12183,7336,30,0,1,0,13,2.6,2,0.644325706021918,23
1,P10,sparse4,10,Stressed,0.259564932092581,0.236765025143439,0.28530246816351,12300,0,30,0,1,0,23,4.6,4,2.06456766802997,41
2,P10,sparse4,10,Stressed,0.260594438540811,0.234986154493697,0.275924613639981,12300,0,30,0,1,0,23,4.6,4,2.06456766802997,41
3,P10,sparse4,10,Stressed,0.2611090726774,0.235422564852351,0.279284875426583,12300,0,30,0,1,0,23,4.6,4,2.06456766802997,41
1,P20,sparse4,10,Stressed,0.196902163759016,0.179660397421413,0.357257447990838,24600,0,30,0,1,0,23,4.6,4,2.06456766802997,41
2,P20,sparse4,10,Stressed,0.195897819400401,0.17789437540152,0.357681265950899,24600,0,30,0,1,0,23,4.6,4,2.06456766802997,41
3,P20,sparse4,10,Stressed,0.196005245390346,0.177781396070091,0.355322352009008,24600,0,30,0,1,0,23,4.6,4,2.06456766802997,41
1,State-event,sparse4,10,Stressed,0.463433302061971,0.45854345273698,0.0443770469262494,4632,0,30,0,1,1,23,4.6,4,2.06456766802997,41
2,State-event,sparse4,10,Stressed,0.455857684497273,0.452972907113268,0.0261885376902663,4667,0,30,0,1,1,23,4.6,4,2.06456766802997,41
3,State-event,sparse4,10,Stressed,0.46117449377024,0.447293369663942,0.00216119725818872,4634,0,30,0,1,1,23,4.6,4,2.06456766802997,41
1,Causal-v3,sparse4,10,Stressed,0.211618779459856,0.190998205622383,0.33692707735426,21553,12824,30,0,1,0,23,4.6,4,2.06456766802997,41
2,Causal-v3,sparse4,10,Stressed,0.209475699026827,0.189423140825414,0.341511808356268,21560,12930,30,0,1,0,23,4.6,4,2.06456766802997,41
3,Causal-v3,sparse4,10,Stressed,0.210302720573762,0.190983584767728,0.337779148285629,21569,12826,30,0,1,0,23,4.6,4,2.06456766802997,41
1,P10,sparse6,10,Stressed,0.278341585168437,0.23724795640327,0.279728318463112,17700,0,30,0,1,0,31,6.2,6,4.38196601125011,59
2,P10,sparse6,10,Stressed,0.275163077333579,0.234355362613341,0.283036903186876,17700,0,30,0,1,0,31,6.2,6,4.38196601125011,59
3,P10,sparse6,10,Stressed,0.277576859934291,0.237381887036438,0.28106276400486,17700,0,30,0,1,0,31,6.2,6,4.38196601125011,59
1,P20,sparse6,10,Stressed,0.207682848172341,0.178483504980064,0.360019719026286,35400,0,30,0,1,0,31,6.2,6,4.38196601125011,59
2,P20,sparse6,10,Stressed,0.208307381922806,0.179099278006127,0.359481957299515,35400,0,30,0,1,0,31,6.2,6,4.38196601125011,59
3,P20,sparse6,10,Stressed,0.208392339667322,0.179185486229776,0.35933756575449,35400,0,30,0,1,0,31,6.2,6,4.38196601125011,59
1,State-event,sparse6,10,Stressed,0.485076318871248,0.447673609507535,0.0347689272457068,6551,0,30,0,1,1,31,6.2,6,4.38196601125011,59
2,State-event,sparse6,10,Stressed,0.49498632714136,0.459648547545375,0.0585078995352667,6557,0,30,0,1,1,31,6.2,6,4.38196601125011,59
3,State-event,sparse6,10,Stressed,0.488420565802851,0.454990224603211,0.0445471294486829,6530,0,30,0,1,1,31,6.2,6,4.38196601125011,59
1,Causal-v3,sparse6,10,Stressed,0.22226501939978,0.190539417170831,0.345127063134208,30953,18505,30,0,1,0,31,6.2,6,4.38196601125011,59
2,Causal-v3,sparse6,10,Stressed,0.222304984064281,0.190474761003094,0.341124511734145,30972,18516,30,0,1,0,31,6.2,6,4.38196601125011,59
3,Causal-v3,sparse6,10,Stressed,0.22232454078764,0.190822056989793,0.340752253755867,30976,18358,30,0,1,0,31,6.2,6,4.38196601125011,59
1,P10,geometric,10,Stressed,0.156417150209695,0.239937211230897,0.405817325363429,6900,0,30,0,1,0,14,2.8,1,0.925007400072462,23
2,P10,geometric,10,Stressed,0.154249222509606,0.236533191170082,0.413224225359503,6900,0,30,0,1,0,14,2.8,1,0.925007400072462,23
3,P10,geometric,10,Stressed,0.150183453206734,0.231671997788572,0.409577960285102,6900,0,30,0,1,0,14,2.8,1,0.925007400072462,23
1,P20,geometric,10,Stressed,0.115143983016632,0.177968250207321,0.454118504104883,13800,0,30,0,1,0,14,2.8,1,0.925007400072462,23
2,P20,geometric,10,Stressed,0.115767585958468,0.178768313390988,0.457713092956768,13800,0,30,0,1,0,14,2.8,1,0.925007400072462,23
3,P20,geometric,10,Stressed,0.115477426211878,0.178243099158867,0.456270490767051,13800,0,30,0,1,0,14,2.8,1,0.925007400072462,23
1,State-event,geometric,10,Stressed,0.275844023653455,0.438241519567192,0.278418044999826,2860,0,30,0,1,0,14,2.8,1,0.925007400072462,23
2,State-event,geometric,10,Stressed,0.273352318181052,0.437193460490463,0.249000419114569,2852,0,30,0,1,1,14,2.8,1,0.925007400072462,23
3,State-event,geometric,10,Stressed,0.2720439009191,0.431209177427635,0.265882343563819,2856,0,30,0,1,0,14,2.8,1,0.925007400072462,23
1,Causal-v3,geometric,10,Stressed,0.122991721668857,0.189763061248667,0.442606081159118,12452,7457,30,0,1,0,14,2.8,1,0.925007400072462,23
2,Causal-v3,geometric,10,Stressed,0.123680023719892,0.190030802037673,0.447698064780352,12450,7455,30,0,1,0,14,2.8,1,0.925007400072462,23
3,Causal-v3,geometric,10,Stressed,0.122778703465693,0.189488212297121,0.44767464116946,12459,7432,30,0,1,0,14,2.8,1,0.925007400072462,23
1,P10,ring2,20,Stressed,0.267669423776743,0.234483424159855,0.307166663859881,14400,0,30,0,1,0,28,2.8,2,0.498132719947257,48
2,P10,ring2,20,Stressed,0.266494620220406,0.236226158038147,0.297858980358848,14400,0,30,0,1,0,28,2.8,2,0.498132719947257,48
3,P10,ring2,20,Stressed,0.266831046324109,0.235181653042689,0.294609539948479,14400,0,30,0,1,0,28,2.8,2,0.498132719947257,48
1,P20,ring2,20,Stressed,0.205857367491934,0.17915115046927,0.37112594275756,28800,0,30,0,1,0,28,2.8,2,0.498132719947257,48
2,P20,ring2,20,Stressed,0.204389611255527,0.179085301241296,0.37462915408807,28800,0,30,0,1,0,28,2.8,2,0.498132719947257,48
3,P20,ring2,20,Stressed,0.204835097339806,0.17877497729337,0.370208406135289,28800,0,30,0,1,0,28,2.8,2,0.498132719947257,48
1,State-event,ring2,20,Stressed,0.462937497530359,0.451649636693914,0.0880000913078447,5416,0,30,0,1,1,28,2.8,2,0.498132719947257,48
2,State-event,ring2,20,Stressed,0.481548500373157,0.467213896457766,0.112261785380147,5365,0,30,0,1,1,28,2.8,2,0.498132719947257,48
3,State-event,ring2,20,Stressed,0.455981046296244,0.439333938843476,0.101556079970887,5423,0,30,0,1,1,28,2.8,2,0.498132719947257,48
1,Causal-v3,ring2,20,Stressed,0.218726876037114,0.189951559188616,0.361881734201858,25192,15090,30,0,1,0,28,2.8,2,0.498132719947257,48
2,Causal-v3,ring2,20,Stressed,0.218445838804518,0.191089918256131,0.355054772632199,25172,14985,30,0,1,0,28,2.8,2,0.498132719947257,48
3,Causal-v3,ring2,20,Stressed,0.21748428317747,0.19083446866485,0.358845455916927,25182,15005,30,0,1,0,28,2.8,2,0.498132719947257,48
1,P10,sparse4,20,Stressed,0.381379260302579,0.236937456434953,0.209537333903913,25800,0,30,0,1,1,48,4.8,4,0.89697385380051,86
2,P10,sparse4,20,Stressed,0.384455690197609,0.238518471579748,0.196769818029746,25800,0,30,0,1,1,48,4.8,4,0.89697385380051,86
3,P10,sparse4,20,Stressed,0.380992943064161,0.236189721817375,0.210057826506799,25800,0,30,0,1,1,48,4.8,4,0.89697385380051,86
1,P20,sparse4,20,Stressed,0.29414986296386,0.178862767462983,0.301862132218864,51600,0,30,0,1,0,48,4.8,4,0.89697385380051,86
2,P20,sparse4,20,Stressed,0.295811038119681,0.179306761295228,0.297785451036673,51600,0,30,0,1,0,48,4.8,4,0.89697385380051,86
3,P20,sparse4,20,Stressed,0.294633990843785,0.178586908307458,0.300103055492913,51600,0,30,0,1,0,48,4.8,4,0.89697385380051,86
1,State-event,sparse4,20,Stressed,0.64683893798094,0.483403671081258,0.0238996921487101,8518,0,30,0,1,1,48,4.8,4,0.89697385380051,86
2,State-event,sparse4,20,Stressed,0.666758031965481,0.502805694611664,0.0122528407323058,8397,0,30,0,1,1,48,4.8,4,0.89697385380051,86
3,State-event,sparse4,20,Stressed,0.652900579904742,0.482342690577276,0.00414577804319201,8460,0,30,0,1,1,48,4.8,4,0.89697385380051,86
1,Causal-v3,sparse4,20,Stressed,0.314051517318801,0.190762942779291,0.285369723695357,44397,26365,30,0,1,0,48,4.8,4,0.89697385380051,86
2,Causal-v3,sparse4,20,Stressed,0.31273390111106,0.189387237817629,0.284213982260717,44437,26531,30,0,1,0,48,4.8,4,0.89697385380051,86
3,Causal-v3,sparse4,20,Stressed,0.312588904083647,0.190211646917179,0.282636363752113,44456,26680,30,0,1,0,48,4.8,4,0.89697385380051,86
1,P10,sparse6,20,Stressed,0.431256430912565,0.236627552664733,0.160904060490173,37200,0,30,0,1,1,66,6.6,6,1.61242402873909,124
2,P10,sparse6,20,Stressed,0.431914218921619,0.237499194280859,0.16675033612332,37200,0,30,0,1,1,66,6.6,6,1.61242402873909,124
3,P10,sparse6,20,Stressed,0.431483282689263,0.236975476839237,0.170805147200423,37200,0,30,0,1,1,66,6.6,6,1.61242402873909,124
1,P20,sparse6,20,Stressed,0.333249945468596,0.178892648911547,0.266072639509769,74400,0,30,0,1,0,66,6.6,6,1.61242402873909,124
2,P20,sparse6,20,Stressed,0.331519013039577,0.17797530104597,0.267511075802373,74400,0,30,0,1,0,66,6.6,6,1.61242402873909,124
3,P20,sparse6,20,Stressed,0.332987449106622,0.178813981424511,0.268154484949414,74400,0,30,0,1,0,66,6.6,6,1.61242402873909,124
1,State-event,sparse6,20,Stressed,0.745752975041589,0.52277196683367,0.0155764853613746,11238,0,30,0,1,1,66,6.6,6,1.61242402873909,124
2,State-event,sparse6,20,Stressed,0.742449421516832,0.519324953854267,0.0280825858778594,11276,0,30,0,1,1,66,6.6,6,1.61242402873909,124
3,State-event,sparse6,20,Stressed,0.745966327387062,0.530587003017785,0.0272336826474828,11154,0,30,0,1,1,66,6.6,6,1.61242402873909,124
1,Causal-v3,sparse6,20,Stressed,0.355150392979023,0.190573525533972,0.24528938028238,63833,37999,30,0,1,1,66,6.6,6,1.61242402873909,124
2,Causal-v3,sparse6,20,Stressed,0.35394255500863,0.189330667135449,0.239079150075763,63739,38327,30,0,1,1,66,6.6,6,1.61242402873909,124
3,Causal-v3,sparse6,20,Stressed,0.352578811366995,0.189407576689813,0.246937400613762,63808,38167,30,0,1,1,66,6.6,6,1.61242402873909,124
1,P10,geometric,20,Stressed,0.255257076185109,0.235879503481683,0.338785730719746,18000,0,30,0,1,0,35,3.5,1,0.696473718148361,60
2,P10,geometric,20,Stressed,0.256492861744411,0.236819557977596,0.331326952753331,18000,0,30,0,1,0,35,3.5,1,0.696473718148361,60
3,P10,geometric,20,Stressed,0.254565744624947,0.235066606115652,0.335856269979537,18000,0,30,0,1,0,35,3.5,1,0.696473718148361,60
1,P20,geometric,20,Stressed,0.193548327225366,0.178016954283984,0.398957500960595,36000,0,30,0,1,0,35,3.5,1,0.696473718148361,60
2,P20,geometric,20,Stressed,0.195170387563507,0.179049349076597,0.394142517063119,36000,0,30,0,1,0,35,3.5,1,0.696473718148361,60
3,P20,geometric,20,Stressed,0.193859829096979,0.178577353920678,0.397285864660024,36000,0,30,0,1,0,35,3.5,1,0.696473718148361,60
1,State-event,geometric,20,Stressed,0.43584245152951,0.443421132303966,0.0935226557731554,6851,0,30,0,1,1,35,3.5,1,0.696473718148361,60
2,State-event,geometric,20,Stressed,0.445476420760196,0.445153194066,0.134716838979842,6841,0,30,0,1,1,35,3.5,1,0.696473718148361,60
3,State-event,geometric,20,Stressed,0.451227363302589,0.456429912201029,0.105311777730606,6830,0,30,0,1,1,35,3.5,1,0.696473718148361,60
1,Causal-v3,geometric,20,Stressed,0.206192684586198,0.189603088101726,0.38603658802759,31505,18876,30,0,1,0,35,3.5,1,0.696473718148361,60
2,Causal-v3,geometric,20,Stressed,0.207769580734164,0.190419013018468,0.382468899817472,31489,18886,30,0,1,0,35,3.5,1,0.696473718148361,60
3,Causal-v3,geometric,20,Stressed,0.207445164668355,0.18997366030881,0.379271849723891,31518,18766,30,0,1,0,35,3.5,1,0.696473718148361,60
1,P10,ring2,50,Stressed,0.287136043801679,0.235850852513974,0.299552472758865,36900,0,30,0,1,0,73,2.92,2,0.450388976413079,123
2,P10,ring2,50,Stressed,0.288914658796576,0.236962185153187,0.305861930394424,36900,0,30,0,1,0,73,2.92,2,0.450388976413079,123
3,P10,ring2,50,Stressed,0.28731301034995,0.235798424196776,0.30426325801334,36900,0,30,0,1,0,73,2.92,2,0.450388976413079,123
1,P20,ring2,50,Stressed,0.221285975420962,0.178926400980631,0.378840214090733,73800,0,30,0,1,0,73,2.92,2,0.450388976413079,123
2,P20,ring2,50,Stressed,0.221769099521987,0.17922694077077,0.371175013895155,73800,0,30,0,1,0,73,2.92,2,0.450388976413079,123
3,P20,ring2,50,Stressed,0.22054167411459,0.178138942424846,0.37375112130871,73800,0,30,0,1,0,73,2.92,2,0.450388976413079,123
1,State-event,ring2,50,Stressed,0.502142223481316,0.457553074440826,0.0277496462970514,13533,0,30,0,1,1,73,2.92,2,0.450388976413079,123
2,State-event,ring2,50,Stressed,0.495673762023467,0.452629833927767,0.0529888177477496,13550,0,30,0,1,1,73,2.92,2,0.450388976413079,123
3,State-event,ring2,50,Stressed,0.491361726511378,0.45017677942447,0.0614632152039132,13533,0,30,0,1,1,73,2.92,2,0.450388976413079,123
1,Causal-v3,ring2,50,Stressed,0.234714455408406,0.189490928424271,0.361656725966134,64191,38588,30,0,1,0,73,2.92,2,0.450388976413079,123
2,Causal-v3,ring2,50,Stressed,0.235153186506557,0.190199375290756,0.352548849324689,64213,38264,30,0,1,0,73,2.92,2,0.450388976413079,123
3,Causal-v3,ring2,50,Stressed,0.234541655869273,0.189880817881748,0.360432178469297,64189,38446,30,0,1,0,73,2.92,2,0.450388976413079,123
1,P10,sparse4,50,Stressed,0.456816507024652,0.237504818737388,0.201867461059426,66300,0,30,0,1,1,123,4.92,4,0.515342416053559,221
2,P10,sparse4,50,Stressed,0.455147671469836,0.237126306401831,0.203869915557791,66300,0,30,0,1,1,123,4.92,4,0.515342416053559,221
3,P10,sparse4,50,Stressed,0.455113137817869,0.23698205251499,0.198595528513143,66300,0,30,0,1,1,123,4.92,4,0.515342416053559,221
1,P20,sparse4,50,Stressed,0.357598600743142,0.179191232980302,0.294521321634255,132600,0,30,0,1,0,123,4.92,4,0.515342416053559,221
2,P20,sparse4,50,Stressed,0.356890142131792,0.179049855951603,0.293158104786497,132600,0,30,0,1,0,123,4.92,4,0.515342416053559,221
3,P20,sparse4,50,Stressed,0.356313146503418,0.178873956625199,0.301170918794813,132600,0,30,0,1,0,123,4.92,4,0.515342416053559,221
1,State-event,sparse4,50,Stressed,0.773387691490694,0.531376288935193,0.0117179097885927,19413,0,30,0,1,1,123,4.92,4,0.515342416053559,221
2,State-event,sparse4,50,Stressed,0.781400401044809,0.542561513391775,0.0479568824860626,19412,0,30,0,1,1,123,4.92,4,0.515342416053559,221
3,State-event,sparse4,50,Stressed,0.776549201398373,0.528772650120623,0.0101326272467304,19438,0,30,0,1,1,123,4.92,4,0.515342416053559,221
1,Causal-v3,sparse4,50,Stressed,0.377327748012527,0.189754398510609,0.281054678058761,112689,67402,30,0,1,0,123,4.92,4,0.515342416053559,221
2,Causal-v3,sparse4,50,Stressed,0.377975358825528,0.190482079228673,0.27807459428427,112670,67044,30,0,1,0,123,4.92,4,0.515342416053559,221
3,Causal-v3,sparse4,50,Stressed,0.377108108809495,0.190237217502805,0.277298827319891,112648,67121,30,0,1,0,123,4.92,4,0.515342416053559,221
1,P10,sparse6,50,Stressed,0.552375928923159,0.235475557985189,0.159710473399696,95700,0,30,0,1,1,171,6.84,6,0.672690653244867,319
2,P10,sparse6,50,Stressed,0.553285320288115,0.236186510410883,0.153906521306079,95700,0,30,0,1,1,171,6.84,6,0.672690653244867,319
3,P10,sparse6,50,Stressed,0.553069229296861,0.236324031444768,0.160085563745157,95700,0,30,0,1,1,171,6.84,6,0.672690653244867,319
1,P20,sparse6,50,Stressed,0.439365815163345,0.17827643151424,0.252348064348376,191400,0,30,0,1,0,171,6.84,6,0.672690653244867,319
2,P20,sparse6,50,Stressed,0.440107846714648,0.178737739131425,0.24996525881672,191400,0,30,0,1,1,171,6.84,6,0.672690653244867,319
3,P20,sparse6,50,Stressed,0.439605676236323,0.178527556880465,0.252322445482268,191400,0,30,0,1,0,171,6.84,6,0.672690653244867,319
1,State-event,sparse6,50,Stressed,0.94301370757276,0.599175414769702,0.0651941067348877,24289,0,30,0,1,1,171,6.84,6,0.672690653244867,319
2,State-event,sparse6,50,Stressed,0.938020373361782,0.598782611419086,0.0682380550167839,24233,0,30,0,1,1,171,6.84,6,0.672690653244867,319
3,State-event,sparse6,50,Stressed,0.944648001161759,0.605530082370259,0.0681264622146206,24210,0,30,0,1,1,171,6.84,6,0.672690653244867,319
1,Causal-v3,sparse6,50,Stressed,0.468871058160944,0.190389158900857,0.230751244181761,157553,94172,30,0,1,1,171,6.84,6,0.672690653244867,319
2,Causal-v3,sparse6,50,Stressed,0.468025200414918,0.190807985900535,0.22608450275352,158055,94372,30,0,1,1,171,6.84,6,0.672690653244867,319
3,Causal-v3,sparse6,50,Stressed,0.467864538450461,0.190555266087541,0.228853083795777,157732,94199,30,0,1,1,171,6.84,6,0.672690653244867,319
1,P10,geometric,50,Stressed,0.37322077469514,0.236333167738018,0.268861516281425,54300,0,30,0,1,0,103,4.12,1,0.551304567801108,181
2,P10,geometric,50,Stressed,0.373191408335206,0.236199687877921,0.261194750317981,54300,0,30,0,1,0,103,4.12,1,0.551304567801108,181
3,P10,geometric,50,Stressed,0.373225798795864,0.236656329504569,0.271591037620476,54300,0,30,0,1,0,103,4.12,1,0.551304567801108,181
1,P20,geometric,50,Stressed,0.288864334105502,0.178897687185431,0.341537925445387,108600,0,30,0,1,0,103,4.12,1,0.551304567801108,181
2,P20,geometric,50,Stressed,0.28870947861152,0.178751260782513,0.341301239843274,108600,0,30,0,1,0,103,4.12,1,0.551304567801108,181
3,P20,geometric,50,Stressed,0.288455345449893,0.178852524826752,0.345007769982917,108600,0,30,0,1,0,103,4.12,1,0.551304567801108,181
1,State-event,geometric,50,Stressed,0.642525129869294,0.487913197946619,0.0373404194335369,17901,0,30,0,1,1,103,4.12,1,0.551304567801108,181
2,State-event,geometric,50,Stressed,0.637947469652405,0.477267024954712,0.0268160141123136,17929,0,30,0,1,1,103,4.12,1,0.551304567801108,181
3,State-event,geometric,50,Stressed,0.641664095852261,0.488091840165395,0.0346531708250803,17912,0,30,0,1,1,103,4.12,1,0.551304567801108,181
1,Causal-v3,geometric,50,Stressed,0.306236376761823,0.1897332410014,0.328578723417462,93554,55885,30,0,1,0,103,4.12,1,0.551304567801108,181
2,Causal-v3,geometric,50,Stressed,0.305927567542572,0.190097851777139,0.329483356305211,93540,56062,30,0,1,0,103,4.12,1,0.551304567801108,181
3,Causal-v3,geometric,50,Stressed,0.30685139101624,0.19030198563837,0.328303502553421,93476,55790,30,0,1,0,103,4.12,1,0.551304567801108,181
