key,value,ci_lo,ci_hi,n,units,source,note
exp10.K1.rmse_causal_minus_p10,-0.0288444747062314,-0.0294261706296837,-0.0282627787827791,50,m,results/exp10a_final_validation/2026-08-27_091546,"Nominal Stressed, paired, directional < 0"
exp10.K2a.data_causal_minus_p20_packets,-501.82,-503.204783961958,-500.435216038042,50,packets,results/exp10a_final_validation/2026-08-27_091546,"no direction"
exp10.K2a.data_causal_minus_p20_hz,-16.7273333333337,-16.7734927987323,-16.6811738679351,50,Hz,results/exp10a_final_validation/2026-08-27_091546,"no direction"
exp10.K2b.total_w025_causal_minus_p20_packets,320.23,317.638105789999,322.821894210001,50,packets,results/exp10a_final_validation/2026-08-27_091546,"DATA + 0.25 ACK"
exp10.K2b.total_w025_causal_minus_p20_hz,10.674333333333,10.5879368596663,10.7607298069997,50,Hz,results/exp10a_final_validation/2026-08-27_091546,"DATA + 0.25 ACK"
exp10.nominal.clean.P10.rmse_mean,0.0361460400730118,NaN,NaN,50,m,results/exp10b_unified_matrix/2026-08-27_095330,""
exp10.nominal.clean.P10.rmse_std,2.56459005779348e-05,NaN,NaN,50,m,results/exp10b_unified_matrix/2026-08-27_095330,""
exp10.nominal.clean.P10.data_hz,99.6666666666667,NaN,NaN,50,Hz,results/exp10b_unified_matrix/2026-08-27_095330,""
exp10.nominal.clean.P10.ack_hz,0,NaN,NaN,50,Hz,results/exp10b_unified_matrix/2026-08-27_095330,""
exp10.nominal.clean.P10.total_w025,99.6666666666667,NaN,NaN,50,Hz,results/exp10b_unified_matrix/2026-08-27_095330,""
exp10.nominal.clean.P20.rmse_mean,0.0253797782575351,NaN,NaN,50,m,results/exp10b_unified_matrix/2026-08-27_095330,""
exp10.nominal.clean.P20.rmse_std,2.54079075356217e-06,NaN,NaN,50,m,results/exp10b_unified_matrix/2026-08-27_095330,""
exp10.nominal.clean.P20.data_hz,199.666666666667,NaN,NaN,50,Hz,results/exp10b_unified_matrix/2026-08-27_095330,""
exp10.nominal.clean.P20.ack_hz,0,NaN,NaN,50,Hz,results/exp10b_unified_matrix/2026-08-27_095330,""
exp10.nominal.clean.P20.total_w025,199.666666666667,NaN,NaN,50,Hz,results/exp10b_unified_matrix/2026-08-27_095330,""
exp10.nominal.clean.State_event.rmse_mean,0.0823051474578866,NaN,NaN,50,m,results/exp10b_unified_matrix/2026-08-27_095330,""
exp10.nominal.clean.State_event.rmse_std,0,NaN,NaN,50,m,results/exp10b_unified_matrix/2026-08-27_095330,""
exp10.nominal.clean.State_event.data_hz,43.4333333333333,NaN,NaN,50,Hz,results/exp10b_unified_matrix/2026-08-27_095330,""
exp10.nominal.clean.State_event.ack_hz,0,NaN,NaN,50,Hz,results/exp10b_unified_matrix/2026-08-27_095330,""
exp10.nominal.clean.State_event.total_w025,43.4333333333333,NaN,NaN,50,Hz,results/exp10b_unified_matrix/2026-08-27_095330,""
exp10.nominal.clean.Causal_v3.rmse_mean,0.0413792333665601,NaN,NaN,50,m,results/exp10b_unified_matrix/2026-08-27_095330,""
exp10.nominal.clean.Causal_v3.rmse_std,7.00934133340971e-18,NaN,NaN,50,m,results/exp10b_unified_matrix/2026-08-27_095330,""
exp10.nominal.clean.Causal_v3.data_hz,84.4666666666667,NaN,NaN,50,Hz,results/exp10b_unified_matrix/2026-08-27_095330,""
exp10.nominal.clean.Causal_v3.ack_hz,84.4666666666667,NaN,NaN,50,Hz,results/exp10b_unified_matrix/2026-08-27_095330,""
exp10.nominal.clean.Causal_v3.total_w025,105.583333333333,NaN,NaN,50,Hz,results/exp10b_unified_matrix/2026-08-27_095330,""
exp10.nominal.moderate.P10.rmse_mean,0.0975524984549388,NaN,NaN,50,m,results/exp10b_unified_matrix/2026-08-27_095330,""
exp10.nominal.moderate.P10.rmse_std,0.000843542752969589,NaN,NaN,50,m,results/exp10b_unified_matrix/2026-08-27_095330,""
exp10.nominal.moderate.P10.data_hz,99.6666666666667,NaN,NaN,50,Hz,results/exp10b_unified_matrix/2026-08-27_095330,""
exp10.nominal.moderate.P10.ack_hz,0,NaN,NaN,50,Hz,results/exp10b_unified_matrix/2026-08-27_095330,""
exp10.nominal.moderate.P10.total_w025,99.6666666666667,NaN,NaN,50,Hz,results/exp10b_unified_matrix/2026-08-27_095330,""
exp10.nominal.moderate.P20.rmse_mean,0.0752539172223279,NaN,NaN,50,m,results/exp10b_unified_matrix/2026-08-27_095330,""
exp10.nominal.moderate.P20.rmse_std,0.000283429790207082,NaN,NaN,50,m,results/exp10b_unified_matrix/2026-08-27_095330,""
exp10.nominal.moderate.P20.data_hz,199.666666666667,NaN,NaN,50,Hz,results/exp10b_unified_matrix/2026-08-27_095330,""
exp10.nominal.moderate.P20.ack_hz,0,NaN,NaN,50,Hz,results/exp10b_unified_matrix/2026-08-27_095330,""
exp10.nominal.moderate.P20.total_w025,199.666666666667,NaN,NaN,50,Hz,results/exp10b_unified_matrix/2026-08-27_095330,""
exp10.nominal.moderate.State_event.rmse_mean,0.169350228555524,NaN,NaN,50,m,results/exp10b_unified_matrix/2026-08-27_095330,""
exp10.nominal.moderate.State_event.rmse_std,0.0041974985588536,NaN,NaN,50,m,results/exp10b_unified_matrix/2026-08-27_095330,""
exp10.nominal.moderate.State_event.data_hz,43.246,NaN,NaN,50,Hz,results/exp10b_unified_matrix/2026-08-27_095330,""
exp10.nominal.moderate.State_event.ack_hz,0,NaN,NaN,50,Hz,results/exp10b_unified_matrix/2026-08-27_095330,""
exp10.nominal.moderate.State_event.total_w025,43.246,NaN,NaN,50,Hz,results/exp10b_unified_matrix/2026-08-27_095330,""
exp10.nominal.moderate.Causal_v3.rmse_mean,0.0892032140728966,NaN,NaN,50,m,results/exp10b_unified_matrix/2026-08-27_095330,""
exp10.nominal.moderate.Causal_v3.rmse_std,0.000504519836356545,NaN,NaN,50,m,results/exp10b_unified_matrix/2026-08-27_095330,""
exp10.nominal.moderate.Causal_v3.data_hz,134.835333333333,NaN,NaN,50,Hz,results/exp10b_unified_matrix/2026-08-27_095330,""
exp10.nominal.moderate.Causal_v3.ack_hz,107.618,NaN,NaN,50,Hz,results/exp10b_unified_matrix/2026-08-27_095330,""
exp10.nominal.moderate.Causal_v3.total_w025,161.739833333333,NaN,NaN,50,Hz,results/exp10b_unified_matrix/2026-08-27_095330,""
exp10.nominal.stressed.P10.rmse_mean,0.147653567367204,NaN,NaN,50,m,results/exp10b_unified_matrix/2026-08-27_095330,""
exp10.nominal.stressed.P10.rmse_std,0.00202573728694418,NaN,NaN,50,m,results/exp10b_unified_matrix/2026-08-27_095330,""
exp10.nominal.stressed.P10.data_hz,99.6666666666667,NaN,NaN,50,Hz,results/exp10b_unified_matrix/2026-08-27_095330,""
exp10.nominal.stressed.P10.ack_hz,0,NaN,NaN,50,Hz,results/exp10b_unified_matrix/2026-08-27_095330,""
exp10.nominal.stressed.P10.total_w025,99.6666666666667,NaN,NaN,50,Hz,results/exp10b_unified_matrix/2026-08-27_095330,""
exp10.nominal.stressed.P20.rmse_mean,0.1121247761703,NaN,NaN,50,m,results/exp10b_unified_matrix/2026-08-27_095330,""
exp10.nominal.stressed.P20.rmse_std,0.00067400181138289,NaN,NaN,50,m,results/exp10b_unified_matrix/2026-08-27_095330,""
exp10.nominal.stressed.P20.data_hz,199.666666666667,NaN,NaN,50,Hz,results/exp10b_unified_matrix/2026-08-27_095330,""
exp10.nominal.stressed.P20.ack_hz,0,NaN,NaN,50,Hz,results/exp10b_unified_matrix/2026-08-27_095330,""
exp10.nominal.stressed.P20.total_w025,199.666666666667,NaN,NaN,50,Hz,results/exp10b_unified_matrix/2026-08-27_095330,""
exp10.nominal.stressed.State_event.rmse_mean,0.257606190687206,NaN,NaN,50,m,results/exp10b_unified_matrix/2026-08-27_095330,""
exp10.nominal.stressed.State_event.rmse_std,0.00852721997298155,NaN,NaN,50,m,results/exp10b_unified_matrix/2026-08-27_095330,""
exp10.nominal.stressed.State_event.data_hz,42.552,NaN,NaN,50,Hz,results/exp10b_unified_matrix/2026-08-27_095330,""
exp10.nominal.stressed.State_event.ack_hz,0,NaN,NaN,50,Hz,results/exp10b_unified_matrix/2026-08-27_095330,""
exp10.nominal.stressed.State_event.total_w025,42.552,NaN,NaN,50,Hz,results/exp10b_unified_matrix/2026-08-27_095330,""
exp10.nominal.stressed.Causal_v3.rmse_mean,0.118809092660972,NaN,NaN,50,m,results/exp10b_unified_matrix/2026-08-27_095330,""
exp10.nominal.stressed.Causal_v3.rmse_std,0.000842845483318617,NaN,NaN,50,m,results/exp10b_unified_matrix/2026-08-27_095330,""
exp10.nominal.stressed.Causal_v3.data_hz,182.939333333333,NaN,NaN,50,Hz,results/exp10b_unified_matrix/2026-08-27_095330,""
exp10.nominal.stressed.Causal_v3.ack_hz,109.606666666667,NaN,NaN,50,Hz,results/exp10b_unified_matrix/2026-08-27_095330,""
exp10.nominal.stressed.Causal_v3.total_w025,210.341,NaN,NaN,50,Hz,results/exp10b_unified_matrix/2026-08-27_095330,""
exp10.adaptivity.ordered,1,NaN,NaN,50,bool,results/exp10b_unified_matrix/2026-08-27_095330,"Causal DATA Clean < Moderate < Stressed"
exp10.pareto.moderate.w_0_10.nondominated_fraction,0.875,NaN,NaN,8,fraction,results/exp10b_unified_matrix/2026-08-27_095330,"Causal-v3 non-dominated, 1 % dominance rule"
exp10.pareto.moderate.w_0_25.nondominated_fraction,0.875,NaN,NaN,8,fraction,results/exp10b_unified_matrix/2026-08-27_095330,"Causal-v3 non-dominated, 1 % dominance rule"
exp10.pareto.moderate.w_0_50.nondominated_fraction,0.875,NaN,NaN,8,fraction,results/exp10b_unified_matrix/2026-08-27_095330,"Causal-v3 non-dominated, 1 % dominance rule"
exp10.pareto.moderate.airtime.nondominated_fraction,0.875,NaN,NaN,8,fraction,results/exp10b_unified_matrix/2026-08-27_095330,"Causal-v3 non-dominated, 1 % dominance rule"
exp10.pareto.moderate.broadcast.nondominated_fraction,0.25,NaN,NaN,8,fraction,results/exp10b_unified_matrix/2026-08-27_095330,"Causal-v3 non-dominated, 1 % dominance rule"
exp10.pareto.stressed.w_0_10.nondominated_fraction,1,NaN,NaN,8,fraction,results/exp10b_unified_matrix/2026-08-27_095330,"Causal-v3 non-dominated, 1 % dominance rule"
exp10.pareto.stressed.w_0_25.nondominated_fraction,0.75,NaN,NaN,8,fraction,results/exp10b_unified_matrix/2026-08-27_095330,"Causal-v3 non-dominated, 1 % dominance rule"
exp10.pareto.stressed.w_0_50.nondominated_fraction,0.375,NaN,NaN,8,fraction,results/exp10b_unified_matrix/2026-08-27_095330,"Causal-v3 non-dominated, 1 % dominance rule"
exp10.pareto.stressed.airtime.nondominated_fraction,0.375,NaN,NaN,8,fraction,results/exp10b_unified_matrix/2026-08-27_095330,"Causal-v3 non-dominated, 1 % dominance rule"
exp10.pareto.stressed.broadcast.nondominated_fraction,0.375,NaN,NaN,8,fraction,results/exp10b_unified_matrix/2026-08-27_095330,"Causal-v3 non-dominated, 1 % dominance rule"
exp10.causal_beats_event.cells,17,NaN,NaN,17,cells,results/exp10b_unified_matrix/2026-08-27_095330,"lower mean RMSE than State-event"
exp10.causal_beats_p10.cells,15,NaN,NaN,17,cells,results/exp10b_unified_matrix/2026-08-27_095330,""
exp10.causal_beats_p20.cells,1,NaN,NaN,17,cells,results/exp10b_unified_matrix/2026-08-27_095330,""
exp10.causal_cheapest_w025.cells,0,NaN,NaN,17,cells,results/exp10b_unified_matrix/2026-08-27_095330,"cells where Causal-v3 has the lowest DATA + 0.25 ACK"
exp10.diverged.runs,0,NaN,NaN,3400,runs,results/exp10a_final_validation/2026-08-27_091546,""
exp10.invariant_violations,0,NaN,NaN,3400,violations,results/exp10a_final_validation/2026-08-27_091546,""
exp07a.Ideal_AoI.clean.tx_rate_hz,8.41111111111111,NaN,NaN,20,Hz,results/exp07a_causal_ack/2026-08-21_202017,""
exp07a.Ideal_AoI.clean.rmse_mean,0.037745281664961,NaN,NaN,20,m,results/exp07a_causal_ack/2026-08-21_202017,""
exp07a.Ideal_AoI.clean.rmse_std,1.42383098656489e-17,NaN,NaN,20,m,results/exp07a_causal_ack/2026-08-21_202017,""
exp07a.Ideal_AoI.moderate.tx_rate_hz,11.2006944444444,NaN,NaN,20,Hz,results/exp07a_causal_ack/2026-08-21_202017,""
exp07a.Ideal_AoI.moderate.rmse_mean,0.0976089758402525,NaN,NaN,20,m,results/exp07a_causal_ack/2026-08-21_202017,""
exp07a.Ideal_AoI.moderate.rmse_std,0.000601104097928662,NaN,NaN,20,m,results/exp07a_causal_ack/2026-08-21_202017,""
exp07a.Ideal_AoI.stressed.tx_rate_hz,15.7951388888889,NaN,NaN,20,Hz,results/exp07a_causal_ack/2026-08-21_202017,""
exp07a.Ideal_AoI.stressed.rmse_mean,0.130637612572184,NaN,NaN,20,m,results/exp07a_causal_ack/2026-08-21_202017,""
exp07a.Ideal_AoI.stressed.rmse_std,0.000518703695390231,NaN,NaN,20,m,results/exp07a_causal_ack/2026-08-21_202017,""
exp07a.A2cFixed_OL.clean.tx_rate_hz,7.42222222222222,NaN,NaN,20,Hz,results/exp07a_causal_ack/2026-08-21_202017,""
exp07a.A2cFixed_OL.clean.rmse_mean,0.0444279179105767,NaN,NaN,20,m,results/exp07a_causal_ack/2026-08-21_202017,""
exp07a.A2cFixed_OL.clean.rmse_std,2.13574647984734e-17,NaN,NaN,20,m,results/exp07a_causal_ack/2026-08-21_202017,""
exp07a.A2cFixed_OL.moderate.tx_rate_hz,7.46833333333333,NaN,NaN,20,Hz,results/exp07a_causal_ack/2026-08-21_202017,""
exp07a.A2cFixed_OL.moderate.rmse_mean,0.11350145893963,NaN,NaN,20,m,results/exp07a_causal_ack/2026-08-21_202017,""
exp07a.A2cFixed_OL.moderate.rmse_std,0.00165704308089779,NaN,NaN,20,m,results/exp07a_causal_ack/2026-08-21_202017,""
exp07a.A2cFixed_OL.stressed.tx_rate_hz,7.47194444444444,NaN,NaN,20,Hz,results/exp07a_causal_ack/2026-08-21_202017,""
exp07a.A2cFixed_OL.stressed.rmse_mean,0.171930608909025,NaN,NaN,20,m,results/exp07a_causal_ack/2026-08-21_202017,""
exp07a.A2cFixed_OL.stressed.rmse_std,0.003441695882596,NaN,NaN,20,m,results/exp07a_causal_ack/2026-08-21_202017,""
exp07a.A3cAdapt_OL.clean.tx_rate_hz,8.41111111111111,NaN,NaN,20,Hz,results/exp07a_causal_ack/2026-08-21_202017,""
exp07a.A3cAdapt_OL.clean.rmse_mean,0.037745281664961,NaN,NaN,20,m,results/exp07a_causal_ack/2026-08-21_202017,""
exp07a.A3cAdapt_OL.clean.rmse_std,1.42383098656489e-17,NaN,NaN,20,m,results/exp07a_causal_ack/2026-08-21_202017,""
exp07a.A3cAdapt_OL.moderate.tx_rate_hz,8.29222222222222,NaN,NaN,20,Hz,results/exp07a_causal_ack/2026-08-21_202017,""
exp07a.A3cAdapt_OL.moderate.rmse_mean,0.105894575486758,NaN,NaN,20,m,results/exp07a_causal_ack/2026-08-21_202017,""
exp07a.A3cAdapt_OL.moderate.rmse_std,0.00134337585833875,NaN,NaN,20,m,results/exp07a_causal_ack/2026-08-21_202017,""
exp07a.A3cAdapt_OL.stressed.tx_rate_hz,8.16277777777778,NaN,NaN,20,Hz,results/exp07a_causal_ack/2026-08-21_202017,""
exp07a.A3cAdapt_OL.stressed.rmse_mean,0.161197332799689,NaN,NaN,20,m,results/exp07a_causal_ack/2026-08-21_202017,""
exp07a.A3cAdapt_OL.stressed.rmse_std,0.00303856746873302,NaN,NaN,20,m,results/exp07a_causal_ack/2026-08-21_202017,""
exp07a.A4cDual_mem.clean.tx_rate_hz,8.41111111111111,NaN,NaN,20,Hz,results/exp07a_causal_ack/2026-08-21_202017,""
exp07a.A4cDual_mem.clean.rmse_mean,0.037745281664961,NaN,NaN,20,m,results/exp07a_causal_ack/2026-08-21_202017,""
exp07a.A4cDual_mem.clean.rmse_std,1.42383098656489e-17,NaN,NaN,20,m,results/exp07a_causal_ack/2026-08-21_202017,""
exp07a.A4cDual_mem.moderate.tx_rate_hz,9.07222222222222,NaN,NaN,20,Hz,results/exp07a_causal_ack/2026-08-21_202017,""
exp07a.A4cDual_mem.moderate.rmse_mean,0.100993779290076,NaN,NaN,20,m,results/exp07a_causal_ack/2026-08-21_202017,""
exp07a.A4cDual_mem.moderate.rmse_std,0.00118423545622041,NaN,NaN,20,m,results/exp07a_causal_ack/2026-08-21_202017,""
exp07a.A4cDual_mem.stressed.tx_rate_hz,9.07027777777778,NaN,NaN,20,Hz,results/exp07a_causal_ack/2026-08-21_202017,""
exp07a.A4cDual_mem.stressed.rmse_mean,0.154527286803467,NaN,NaN,20,m,results/exp07a_causal_ack/2026-08-21_202017,""
exp07a.A4cDual_mem.stressed.rmse_std,0.00248917667853355,NaN,NaN,20,m,results/exp07a_causal_ack/2026-08-21_202017,""
exp07a.A5cInnov_pri.clean.tx_rate_hz,8.43888888888889,NaN,NaN,20,Hz,results/exp07a_causal_ack/2026-08-21_202017,""
exp07a.A5cInnov_pri.clean.rmse_mean,0.0383171251773151,NaN,NaN,20,m,results/exp07a_causal_ack/2026-08-21_202017,""
exp07a.A5cInnov_pri.clean.rmse_std,7.11915493282446e-18,NaN,NaN,20,m,results/exp07a_causal_ack/2026-08-21_202017,""
exp07a.A5cInnov_pri.moderate.tx_rate_hz,13.3481944444444,NaN,NaN,20,Hz,results/exp07a_causal_ack/2026-08-21_202017,""
exp07a.A5cInnov_pri.moderate.rmse_mean,0.0874507539838487,NaN,NaN,20,m,results/exp07a_causal_ack/2026-08-21_202017,""
exp07a.A5cInnov_pri.moderate.rmse_std,0.000618763108577995,NaN,NaN,20,m,results/exp07a_causal_ack/2026-08-21_202017,""
exp07a.A5cInnov_pri.stressed.tx_rate_hz,18.2397222222222,NaN,NaN,20,Hz,results/exp07a_causal_ack/2026-08-21_202017,""
exp07a.A5cInnov_pri.stressed.rmse_mean,0.116986072880207,NaN,NaN,20,m,results/exp07a_causal_ack/2026-08-21_202017,""
exp07a.A5cInnov_pri.stressed.rmse_std,0.0010622045834973,NaN,NaN,20,m,results/exp07a_causal_ack/2026-08-21_202017,""
exp07b.moderate.reliable.rmse_mean,0.0876858081048285,NaN,NaN,20,m,results/exp07b_ack_impairment/2026-08-21_210001,""
exp07b.moderate.reliable.rmse_std,0.000486082825507322,NaN,NaN,20,m,results/exp07b_ack_impairment/2026-08-21_210001,""
exp07b.moderate.reliable.tx_rate_hz,13.3766666666667,NaN,NaN,20,Hz,results/exp07b_ack_impairment/2026-08-21_210001,""
exp07b.moderate.reliable.mean_scale,0.283076698867376,NaN,NaN,20,-,results/exp07b_ack_impairment/2026-08-21_210001,"adaptive threshold scale"
exp07b.moderate.reliable.min_scale,0.2,NaN,NaN,20,-,results/exp07b_ack_impairment/2026-08-21_210001,"floor is aoiStateScaleMin = 0.20"
exp07b.moderate.L20D_fwd.rmse_mean,0.0772022604231239,NaN,NaN,20,m,results/exp07b_ack_impairment/2026-08-21_210001,""
exp07b.moderate.L20D_fwd.rmse_std,0.000369846213042103,NaN,NaN,20,m,results/exp07b_ack_impairment/2026-08-21_210001,""
exp07b.moderate.L20D_fwd.tx_rate_hz,18.3363888888889,NaN,NaN,20,Hz,results/exp07b_ack_impairment/2026-08-21_210001,""
exp07b.moderate.L20D_fwd.mean_scale,0.201798800799405,NaN,NaN,20,-,results/exp07b_ack_impairment/2026-08-21_210001,"adaptive threshold scale"
exp07b.moderate.L20D_fwd.min_scale,0.2,NaN,NaN,20,-,results/exp07b_ack_impairment/2026-08-21_210001,"floor is aoiStateScaleMin = 0.20"
exp07b.stressed.reliable.rmse_mean,0.117326826114049,NaN,NaN,20,m,results/exp07b_ack_impairment/2026-08-21_210001,""
exp07b.stressed.reliable.rmse_std,0.000865973802901506,NaN,NaN,20,m,results/exp07b_ack_impairment/2026-08-21_210001,""
exp07b.stressed.reliable.tx_rate_hz,18.2402777777778,NaN,NaN,20,Hz,results/exp07b_ack_impairment/2026-08-21_210001,""
exp07b.stressed.reliable.mean_scale,0.201798800799405,NaN,NaN,20,-,results/exp07b_ack_impairment/2026-08-21_210001,"adaptive threshold scale"
exp07b.stressed.reliable.min_scale,0.2,NaN,NaN,20,-,results/exp07b_ack_impairment/2026-08-21_210001,"floor is aoiStateScaleMin = 0.20"
exp07b.stressed.L20D_fwd.rmse_mean,0.117326826114049,NaN,NaN,20,m,results/exp07b_ack_impairment/2026-08-21_210001,""
exp07b.stressed.L20D_fwd.rmse_std,0.000865973802901506,NaN,NaN,20,m,results/exp07b_ack_impairment/2026-08-21_210001,""
exp07b.stressed.L20D_fwd.tx_rate_hz,18.2402777777778,NaN,NaN,20,Hz,results/exp07b_ack_impairment/2026-08-21_210001,""
exp07b.stressed.L20D_fwd.mean_scale,0.201798800799405,NaN,NaN,20,-,results/exp07b_ack_impairment/2026-08-21_210001,"adaptive threshold scale"
exp07b.stressed.L20D_fwd.min_scale,0.2,NaN,NaN,20,-,results/exp07b_ack_impairment/2026-08-21_210001,"floor is aoiStateScaleMin = 0.20"
exp09a.di.clean.P10.rmse_mean,0.0345249153681788,NaN,NaN,20,m,results/exp09a_multiuav_6dof/2026-08-26_210235,""
exp09a.di.clean.P10.data_hz,100,NaN,NaN,20,Hz,results/exp09a_multiuav_6dof/2026-08-26_210235,""
exp09a.di.clean.P20.rmse_mean,0.0211627771768365,NaN,NaN,20,m,results/exp09a_multiuav_6dof/2026-08-26_210235,""
exp09a.di.clean.P20.data_hz,200,NaN,NaN,20,Hz,results/exp09a_multiuav_6dof/2026-08-26_210235,""
exp09a.di.clean.State_event.rmse_mean,0.0792418217410357,NaN,NaN,20,m,results/exp09a_multiuav_6dof/2026-08-26_210235,""
exp09a.di.clean.State_event.data_hz,43.2666666666667,NaN,NaN,20,Hz,results/exp09a_multiuav_6dof/2026-08-26_210235,""
exp09a.di.clean.Causal_v3.rmse_mean,0.0383171251773151,NaN,NaN,20,m,results/exp09a_multiuav_6dof/2026-08-26_210235,""
exp09a.di.clean.Causal_v3.data_hz,84.3666666666667,NaN,NaN,20,Hz,results/exp09a_multiuav_6dof/2026-08-26_210235,""
exp09a.di.moderate.P10.rmse_mean,0.0957105390826242,NaN,NaN,20,m,results/exp09a_multiuav_6dof/2026-08-26_210235,""
exp09a.di.moderate.P10.data_hz,100,NaN,NaN,20,Hz,results/exp09a_multiuav_6dof/2026-08-26_210235,""
exp09a.di.moderate.P20.rmse_mean,0.0729290243345605,NaN,NaN,20,m,results/exp09a_multiuav_6dof/2026-08-26_210235,""
exp09a.di.moderate.P20.data_hz,200,NaN,NaN,20,Hz,results/exp09a_multiuav_6dof/2026-08-26_210235,""
exp09a.di.moderate.State_event.rmse_mean,0.167832802596002,NaN,NaN,20,m,results/exp09a_multiuav_6dof/2026-08-26_210235,""
exp09a.di.moderate.State_event.data_hz,42.94,NaN,NaN,20,Hz,results/exp09a_multiuav_6dof/2026-08-26_210235,""
exp09a.di.moderate.Causal_v3.rmse_mean,0.0876412338261808,NaN,NaN,20,m,results/exp09a_multiuav_6dof/2026-08-26_210235,""
exp09a.di.moderate.Causal_v3.data_hz,133.36,NaN,NaN,20,Hz,results/exp09a_multiuav_6dof/2026-08-26_210235,""
exp09a.di.stressed.P10.rmse_mean,0.145384323762169,NaN,NaN,20,m,results/exp09a_multiuav_6dof/2026-08-26_210235,""
exp09a.di.stressed.P10.data_hz,100,NaN,NaN,20,Hz,results/exp09a_multiuav_6dof/2026-08-26_210235,""
exp09a.di.stressed.P20.rmse_mean,0.109847658580307,NaN,NaN,20,m,results/exp09a_multiuav_6dof/2026-08-26_210235,""
exp09a.di.stressed.P20.data_hz,200,NaN,NaN,20,Hz,results/exp09a_multiuav_6dof/2026-08-26_210235,""
exp09a.di.stressed.State_event.rmse_mean,0.253546444918596,NaN,NaN,20,m,results/exp09a_multiuav_6dof/2026-08-26_210235,""
exp09a.di.stressed.State_event.data_hz,42.1583333333333,NaN,NaN,20,Hz,results/exp09a_multiuav_6dof/2026-08-26_210235,""
exp09a.di.stressed.Causal_v3.rmse_mean,0.117137601783099,NaN,NaN,20,m,results/exp09a_multiuav_6dof/2026-08-26_210235,""
exp09a.di.stressed.Causal_v3.data_hz,182.186666666667,NaN,NaN,20,Hz,results/exp09a_multiuav_6dof/2026-08-26_210235,""
exp09a.6dof.clean.P10.rmse_mean,0.0360644929479548,NaN,NaN,20,m,results/exp09a_multiuav_6dof/2026-08-26_210235,""
exp09a.6dof.clean.P10.data_hz,100,NaN,NaN,20,Hz,results/exp09a_multiuav_6dof/2026-08-26_210235,""
exp09a.6dof.clean.P20.rmse_mean,0.0253751088131474,NaN,NaN,20,m,results/exp09a_multiuav_6dof/2026-08-26_210235,""
exp09a.6dof.clean.P20.data_hz,200,NaN,NaN,20,Hz,results/exp09a_multiuav_6dof/2026-08-26_210235,""
exp09a.6dof.clean.State_event.rmse_mean,0.0823051474578866,NaN,NaN,20,m,results/exp09a_multiuav_6dof/2026-08-26_210235,""
exp09a.6dof.clean.State_event.data_hz,43.4333333333333,NaN,NaN,20,Hz,results/exp09a_multiuav_6dof/2026-08-26_210235,""
exp09a.6dof.clean.Causal_v3.rmse_mean,0.0413792333665601,NaN,NaN,20,m,results/exp09a_multiuav_6dof/2026-08-26_210235,""
exp09a.6dof.clean.Causal_v3.data_hz,84.4666666666667,NaN,NaN,20,Hz,results/exp09a_multiuav_6dof/2026-08-26_210235,""
exp09a.6dof.moderate.P10.rmse_mean,0.0977568166252615,NaN,NaN,20,m,results/exp09a_multiuav_6dof/2026-08-26_210235,""
exp09a.6dof.moderate.P10.data_hz,100,NaN,NaN,20,Hz,results/exp09a_multiuav_6dof/2026-08-26_210235,""
exp09a.6dof.moderate.P20.rmse_mean,0.0753934963699776,NaN,NaN,20,m,results/exp09a_multiuav_6dof/2026-08-26_210235,""
exp09a.6dof.moderate.P20.data_hz,200,NaN,NaN,20,Hz,results/exp09a_multiuav_6dof/2026-08-26_210235,""
exp09a.6dof.moderate.State_event.rmse_mean,0.170349054233705,NaN,NaN,20,m,results/exp09a_multiuav_6dof/2026-08-26_210235,""
exp09a.6dof.moderate.State_event.data_hz,43.21,NaN,NaN,20,Hz,results/exp09a_multiuav_6dof/2026-08-26_210235,""
exp09a.6dof.moderate.Causal_v3.rmse_mean,0.0893169131431638,NaN,NaN,20,m,results/exp09a_multiuav_6dof/2026-08-26_210235,""
exp09a.6dof.moderate.Causal_v3.data_hz,134.925,NaN,NaN,20,Hz,results/exp09a_multiuav_6dof/2026-08-26_210235,""
exp09a.6dof.stressed.P10.rmse_mean,0.14705731509147,NaN,NaN,20,m,results/exp09a_multiuav_6dof/2026-08-26_210235,""
exp09a.6dof.stressed.P10.data_hz,100,NaN,NaN,20,Hz,results/exp09a_multiuav_6dof/2026-08-26_210235,""
exp09a.6dof.stressed.P20.rmse_mean,0.111852988303212,NaN,NaN,20,m,results/exp09a_multiuav_6dof/2026-08-26_210235,""
exp09a.6dof.stressed.P20.data_hz,200,NaN,NaN,20,Hz,results/exp09a_multiuav_6dof/2026-08-26_210235,""
exp09a.6dof.stressed.State_event.rmse_mean,0.255713895521117,NaN,NaN,20,m,results/exp09a_multiuav_6dof/2026-08-26_210235,""
exp09a.6dof.stressed.State_event.data_hz,42.4816666666667,NaN,NaN,20,Hz,results/exp09a_multiuav_6dof/2026-08-26_210235,""
exp09a.6dof.stressed.Causal_v3.rmse_mean,0.119052808121526,NaN,NaN,20,m,results/exp09a_multiuav_6dof/2026-08-26_210235,""
exp09a.6dof.stressed.Causal_v3.data_hz,182.946666666667,NaN,NaN,20,Hz,results/exp09a_multiuav_6dof/2026-08-26_210235,""
exp09b.B0Nominal.clean.rmse_mean,0.0413792333665601,NaN,NaN,20,m,results/exp09b_physical_mismatch/2026-08-27_022038,""
exp09b.B0Nominal.clean.rmse_std,1.42383098656489e-17,NaN,NaN,20,m,results/exp09b_physical_mismatch/2026-08-27_022038,""
exp09b.B0Nominal.moderate.rmse_mean,0.0891996496438511,NaN,NaN,20,m,results/exp09b_physical_mismatch/2026-08-27_022038,""
exp09b.B0Nominal.moderate.rmse_std,0.000693978064429019,NaN,NaN,20,m,results/exp09b_physical_mismatch/2026-08-27_022038,""
exp09b.B0Nominal.stressed.rmse_mean,0.118931790886123,NaN,NaN,20,m,results/exp09b_physical_mismatch/2026-08-27_022038,""
exp09b.B0Nominal.stressed.rmse_std,0.000793173032902669,NaN,NaN,20,m,results/exp09b_physical_mismatch/2026-08-27_022038,""
exp09b.B7Combined.clean.rmse_mean,0.723833554923359,NaN,NaN,20,m,results/exp09b_physical_mismatch/2026-08-27_022038,""
exp09b.B7Combined.clean.rmse_std,0.0196154717588919,NaN,NaN,20,m,results/exp09b_physical_mismatch/2026-08-27_022038,""
exp09b.B7Combined.moderate.rmse_mean,0.730900463405041,NaN,NaN,20,m,results/exp09b_physical_mismatch/2026-08-27_022038,""
exp09b.B7Combined.moderate.rmse_std,0.0151736151818247,NaN,NaN,20,m,results/exp09b_physical_mismatch/2026-08-27_022038,""
exp09b.B7Combined.stressed.rmse_mean,0.75021102419674,NaN,NaN,20,m,results/exp09b_physical_mismatch/2026-08-27_022038,""
exp09b.B7Combined.stressed.rmse_std,0.0299671939881675,NaN,NaN,20,m,results/exp09b_physical_mismatch/2026-08-27_022038,""
exp09c.N0Noiseless.clean.rmse_mean,0.0413792333665601,NaN,NaN,20,m,results/exp09c_synthetic_estimator/2026-08-27_025437,""
exp09c.N0Noiseless.clean.data_hz,84.4666666666667,NaN,NaN,20,Hz,results/exp09c_synthetic_estimator/2026-08-27_025437,""
exp09c.N0Noiseless.moderate.rmse_mean,0.0894919021162754,NaN,NaN,20,m,results/exp09c_synthetic_estimator/2026-08-27_025437,""
exp09c.N0Noiseless.moderate.data_hz,134.976666666667,NaN,NaN,20,Hz,results/exp09c_synthetic_estimator/2026-08-27_025437,""
exp09c.N0Noiseless.stressed.rmse_mean,0.118735980621031,NaN,NaN,20,m,results/exp09c_synthetic_estimator/2026-08-27_025437,""
exp09c.N0Noiseless.stressed.data_hz,182.91,NaN,NaN,20,Hz,results/exp09c_synthetic_estimator/2026-08-27_025437,""
exp09c.C3Combined.clean.rmse_mean,0.028883526297791,NaN,NaN,20,m,results/exp09c_synthetic_estimator/2026-08-27_025437,""
exp09c.C3Combined.clean.data_hz,197.263333333333,NaN,NaN,20,Hz,results/exp09c_synthetic_estimator/2026-08-27_025437,""
exp09c.C3Combined.moderate.rmse_mean,0.0688067172430497,NaN,NaN,20,m,results/exp09c_synthetic_estimator/2026-08-27_025437,""
exp09c.C3Combined.moderate.data_hz,227.63,NaN,NaN,20,Hz,results/exp09c_synthetic_estimator/2026-08-27_025437,""
exp09c.C3Combined.stressed.rmse_mean,0.100993476374272,NaN,NaN,20,m,results/exp09c_synthetic_estimator/2026-08-27_025437,""
exp09c.C3Combined.stressed.data_hz,249.153333333333,NaN,NaN,20,Hz,results/exp09c_synthetic_estimator/2026-08-27_025437,""
exp09c.clean.c3_over_noiseless_data_ratio,2.33539857932123,NaN,NaN,20,ratio,results/exp09c_synthetic_estimator/2026-08-27_025437,"pre-registered bound was < 2.0"
exp09d.dt0_01.stressed.data_hz,202.888333333333,NaN,NaN,20,Hz,results/exp09c_timestep_diagnostic/2026-08-27_030722,"DATA-rate dt invariance was rejected"
exp09d.dt0_02.stressed.data_hz,182.911666666667,NaN,NaN,20,Hz,results/exp09c_timestep_diagnostic/2026-08-27_030722,"DATA-rate dt invariance was rejected"
exp09d.dt0_04.stressed.data_hz,133.033333333333,NaN,NaN,20,Hz,results/exp09c_timestep_diagnostic/2026-08-27_030722,"DATA-rate dt invariance was rejected"
exp10.safety.link.moderate.P10.unsafe,9,NaN,NaN,49,seeds,results/exp10b_unified_matrix/2026-08-27_095330,"EXP08B connected-seed denominator"
exp10.safety.link.moderate.P10.eligible,49,NaN,NaN,50,seeds,results/exp10b_unified_matrix/2026-08-27_095330,"EXP08B connected-seed denominator"
exp10.safety.link.moderate.P20.unsafe,9,NaN,NaN,49,seeds,results/exp10b_unified_matrix/2026-08-27_095330,"EXP08B connected-seed denominator"
exp10.safety.link.moderate.P20.eligible,49,NaN,NaN,50,seeds,results/exp10b_unified_matrix/2026-08-27_095330,"EXP08B connected-seed denominator"
exp10.safety.link.moderate.State_event.unsafe,10,NaN,NaN,49,seeds,results/exp10b_unified_matrix/2026-08-27_095330,"EXP08B connected-seed denominator"
exp10.safety.link.moderate.State_event.eligible,49,NaN,NaN,50,seeds,results/exp10b_unified_matrix/2026-08-27_095330,"EXP08B connected-seed denominator"
exp10.safety.link.moderate.Causal_v3.unsafe,9,NaN,NaN,49,seeds,results/exp10b_unified_matrix/2026-08-27_095330,"EXP08B connected-seed denominator"
exp10.safety.link.moderate.Causal_v3.eligible,49,NaN,NaN,50,seeds,results/exp10b_unified_matrix/2026-08-27_095330,"EXP08B connected-seed denominator"
exp10.safety.link.stressed.P10.unsafe,9,NaN,NaN,49,seeds,results/exp10b_unified_matrix/2026-08-27_095330,"EXP08B connected-seed denominator"
exp10.safety.link.stressed.P10.eligible,49,NaN,NaN,50,seeds,results/exp10b_unified_matrix/2026-08-27_095330,"EXP08B connected-seed denominator"
exp10.safety.link.stressed.P20.unsafe,9,NaN,NaN,49,seeds,results/exp10b_unified_matrix/2026-08-27_095330,"EXP08B connected-seed denominator"
exp10.safety.link.stressed.P20.eligible,49,NaN,NaN,50,seeds,results/exp10b_unified_matrix/2026-08-27_095330,"EXP08B connected-seed denominator"
exp10.safety.link.stressed.State_event.unsafe,24,NaN,NaN,49,seeds,results/exp10b_unified_matrix/2026-08-27_095330,"EXP08B connected-seed denominator"
exp10.safety.link.stressed.State_event.eligible,49,NaN,NaN,50,seeds,results/exp10b_unified_matrix/2026-08-27_095330,"EXP08B connected-seed denominator"
exp10.safety.link.stressed.Causal_v3.unsafe,9,NaN,NaN,49,seeds,results/exp10b_unified_matrix/2026-08-27_095330,"EXP08B connected-seed denominator"
exp10.safety.link.stressed.Causal_v3.eligible,49,NaN,NaN,50,seeds,results/exp10b_unified_matrix/2026-08-27_095330,"EXP08B connected-seed denominator"
exp10.safety.node.moderate.P10.unsafe,9,NaN,NaN,50,seeds,results/exp10b_unified_matrix/2026-08-27_095330,"EXP08C matched no-fault eligibility"
exp10.safety.node.moderate.P10.eligible,50,NaN,NaN,50,seeds,results/exp10b_unified_matrix/2026-08-27_095330,"EXP08C matched no-fault eligibility"
exp10.safety.node.moderate.P20.unsafe,9,NaN,NaN,50,seeds,results/exp10b_unified_matrix/2026-08-27_095330,"EXP08C matched no-fault eligibility"
exp10.safety.node.moderate.P20.eligible,50,NaN,NaN,50,seeds,results/exp10b_unified_matrix/2026-08-27_095330,"EXP08C matched no-fault eligibility"
exp10.safety.node.moderate.State_event.unsafe,16,NaN,NaN,34,seeds,results/exp10b_unified_matrix/2026-08-27_095330,"EXP08C matched no-fault eligibility"
exp10.safety.node.moderate.State_event.eligible,34,NaN,NaN,50,seeds,results/exp10b_unified_matrix/2026-08-27_095330,"EXP08C matched no-fault eligibility"
exp10.safety.node.moderate.Causal_v3.unsafe,9,NaN,NaN,50,seeds,results/exp10b_unified_matrix/2026-08-27_095330,"EXP08C matched no-fault eligibility"
exp10.safety.node.moderate.Causal_v3.eligible,50,NaN,NaN,50,seeds,results/exp10b_unified_matrix/2026-08-27_095330,"EXP08C matched no-fault eligibility"
exp10.safety.node.stressed.P10.unsafe,11,NaN,NaN,50,seeds,results/exp10b_unified_matrix/2026-08-27_095330,"EXP08C matched no-fault eligibility"
exp10.safety.node.stressed.P10.eligible,50,NaN,NaN,50,seeds,results/exp10b_unified_matrix/2026-08-27_095330,"EXP08C matched no-fault eligibility"
exp10.safety.node.stressed.P20.unsafe,9,NaN,NaN,50,seeds,results/exp10b_unified_matrix/2026-08-27_095330,"EXP08C matched no-fault eligibility"
exp10.safety.node.stressed.P20.eligible,50,NaN,NaN,50,seeds,results/exp10b_unified_matrix/2026-08-27_095330,"EXP08C matched no-fault eligibility"
exp10.safety.node.stressed.State_event.unsafe,0,NaN,NaN,0,seeds,results/exp10b_unified_matrix/2026-08-27_095330,"EXP08C matched no-fault eligibility"
exp10.safety.node.stressed.State_event.eligible,0,NaN,NaN,50,seeds,results/exp10b_unified_matrix/2026-08-27_095330,"EXP08C matched no-fault eligibility"
exp10.safety.node.stressed.Causal_v3.unsafe,9,NaN,NaN,50,seeds,results/exp10b_unified_matrix/2026-08-27_095330,"EXP08C matched no-fault eligibility"
exp10.safety.node.stressed.Causal_v3.eligible,50,NaN,NaN,50,seeds,results/exp10b_unified_matrix/2026-08-27_095330,"EXP08C matched no-fault eligibility"
exp10.safety.n20ref.stressed.P10.unsafe,0,NaN,NaN,50,seeds,results/exp10b_unified_matrix/2026-08-27_095330,"all seeds"
exp10.safety.n20ref.stressed.P10.eligible,50,NaN,NaN,50,seeds,results/exp10b_unified_matrix/2026-08-27_095330,"all seeds"
exp10.safety.n20ref.stressed.P20.unsafe,0,NaN,NaN,50,seeds,results/exp10b_unified_matrix/2026-08-27_095330,"all seeds"
exp10.safety.n20ref.stressed.P20.eligible,50,NaN,NaN,50,seeds,results/exp10b_unified_matrix/2026-08-27_095330,"all seeds"
exp10.safety.n20ref.stressed.State_event.unsafe,50,NaN,NaN,50,seeds,results/exp10b_unified_matrix/2026-08-27_095330,"all seeds"
exp10.safety.n20ref.stressed.State_event.eligible,50,NaN,NaN,50,seeds,results/exp10b_unified_matrix/2026-08-27_095330,"all seeds"
exp10.safety.n20ref.stressed.Causal_v3.unsafe,0,NaN,NaN,50,seeds,results/exp10b_unified_matrix/2026-08-27_095330,"all seeds"
exp10.safety.n20ref.stressed.Causal_v3.eligible,50,NaN,NaN,50,seeds,results/exp10b_unified_matrix/2026-08-27_095330,"all seeds"
exp10.safety.scale.stressed.P10.unsafe,0,NaN,NaN,50,seeds,results/exp10b_unified_matrix/2026-08-27_095330,"all seeds"
exp10.safety.scale.stressed.P10.eligible,50,NaN,NaN,50,seeds,results/exp10b_unified_matrix/2026-08-27_095330,"all seeds"
exp10.safety.scale.stressed.P20.unsafe,0,NaN,NaN,50,seeds,results/exp10b_unified_matrix/2026-08-27_095330,"all seeds"
exp10.safety.scale.stressed.P20.eligible,50,NaN,NaN,50,seeds,results/exp10b_unified_matrix/2026-08-27_095330,"all seeds"
exp10.safety.scale.stressed.State_event.unsafe,50,NaN,NaN,50,seeds,results/exp10b_unified_matrix/2026-08-27_095330,"all seeds"
exp10.safety.scale.stressed.State_event.eligible,50,NaN,NaN,50,seeds,results/exp10b_unified_matrix/2026-08-27_095330,"all seeds"
exp10.safety.scale.stressed.Causal_v3.unsafe,0,NaN,NaN,50,seeds,results/exp10b_unified_matrix/2026-08-27_095330,"all seeds"
exp10.safety.scale.stressed.Causal_v3.eligible,50,NaN,NaN,50,seeds,results/exp10b_unified_matrix/2026-08-27_095330,"all seeds"
exp10.safety.nominal.stressed.P10.unsafe,0,NaN,NaN,50,seeds,results/exp10b_unified_matrix/2026-08-27_095330,"all seeds"
exp10.safety.nominal.stressed.P10.eligible,50,NaN,NaN,50,seeds,results/exp10b_unified_matrix/2026-08-27_095330,"all seeds"
exp10.safety.nominal.stressed.P20.unsafe,0,NaN,NaN,50,seeds,results/exp10b_unified_matrix/2026-08-27_095330,"all seeds"
exp10.safety.nominal.stressed.P20.eligible,50,NaN,NaN,50,seeds,results/exp10b_unified_matrix/2026-08-27_095330,"all seeds"
exp10.safety.nominal.stressed.State_event.unsafe,12,NaN,NaN,50,seeds,results/exp10b_unified_matrix/2026-08-27_095330,"all seeds"
exp10.safety.nominal.stressed.State_event.eligible,50,NaN,NaN,50,seeds,results/exp10b_unified_matrix/2026-08-27_095330,"all seeds"
exp10.safety.nominal.stressed.Causal_v3.unsafe,0,NaN,NaN,50,seeds,results/exp10b_unified_matrix/2026-08-27_095330,"all seeds"
exp10.safety.nominal.stressed.Causal_v3.eligible,50,NaN,NaN,50,seeds,results/exp10b_unified_matrix/2026-08-27_095330,"all seeds"
exp11.H1.adjacent_1,39.9653333333334,39.7426562400038,40.1880104266629,50,swarm-total Hz,results/exp11_dynamic_network/2026-08-27_174026,Causal adjacent-segment DATA-rate difference; paired over seeds
exp11.H1.adjacent_2,43.0946666666667,42.8698010215395,43.319532311794,50,swarm-total Hz,results/exp11_dynamic_network/2026-08-27_174026,Causal adjacent-segment DATA-rate difference; paired over seeds
exp11.H1.adjacent_3,-41.404,-41.5834322548795,-41.2245677451206,50,swarm-total Hz,results/exp11_dynamic_network/2026-08-27_174026,Causal adjacent-segment DATA-rate difference; paired over seeds
exp11.H1.adjacent_4,-41.5938606302707,-41.7705799207397,-41.4171413398018,50,swarm-total Hz,results/exp11_dynamic_network/2026-08-27_174026,Causal adjacent-segment DATA-rate difference; paired over seeds
exp11.H2a.rmse_causal_minus_p10,-0.0108131209016016,-0.0110550094718744,-0.0105712323313288,50,m,results/exp11_dynamic_network/2026-08-27_174026,preregistered H2a; paired over seeds
exp11.H2b.total_w025_causal_minus_p20,-60.4598107171421,-60.5172673988001,-60.4023540354841,50,swarm-total Hz,results/exp11_dynamic_network/2026-08-27_174026,preregistered H2b at w=0.25 only; paired over seeds
exp11.broadcast.causal_minus_p20,71.6528925619836,70.7065071851647,72.5992779388024,50,swarm-total Hz,results/exp11_dynamic_network/2026-08-27_174026,negative result: broadcast accounting reverses the comparison
exp11.broadcast.causal_minus_p25,41.6544921354305,40.708018922367,42.6009653484939,50,swarm-total Hz,results/exp11_dynamic_network/2026-08-27_174026,negative result: Causal is also costlier than P25 under broadcast accounting
exp11.oracle.rmse_causal_minus_oracle,-0.00784128138606835,-0.0079776103294861,-0.0077049524426506,50,m,results/exp11_dynamic_network/2026-08-27_174026,oracle-information reference; characterization only
exp11.oracle.total_w025_causal_minus_oracle,39.6745534524127,39.6167708505415,39.7323360542839,50,swarm-total Hz,results/exp11_dynamic_network/2026-08-27_174026,oracle-information reference; characterization only
exp11.oracle.rmse_oracle_minus_p10,-0.00297183951553327,-0.00322947437843376,-0.00271420465263277,50,m,results/exp11_dynamic_network/2026-08-27_174026,oracle-information reference versus P10 at near-equal cost
exp11.oracle.total_w025_oracle_minus_p10,-0.138096507597941,-0.166792071037982,-0.109400944157899,50,swarm-total Hz,results/exp11_dynamic_network/2026-08-27_174026,oracle-information reference versus P10 at near-equal cost
exp11.p125.rmse_causal_minus_p125,-0.00195049101616373,-0.00213179981998463,-0.00176918221234283,50,m,results/exp11_dynamic_network/2026-08-27_174026,prominent fixed-rate counterexample
exp11.p125.total_w025_causal_minus_p125,14.5316582244734,14.4741511262687,14.5891653226781,50,swarm-total Hz,results/exp11_dynamic_network/2026-08-27_174026,prominent fixed-rate counterexample
exp11.p125.accuracy_fraction,0.976617858329629,NaN,NaN,50,fraction,results/exp11_dynamic_network/2026-08-27_174026,Causal RMSE divided by P12.5 RMSE
exp11.p125.total_w025_fraction,0.895859215327203,NaN,NaN,50,fraction,results/exp11_dynamic_network/2026-08-27_174026,P12.5 cost divided by Causal cost
exp11.p125.broadcast_fraction,0.391350796439496,NaN,NaN,50,fraction,results/exp11_dynamic_network/2026-08-27_174026,P12.5 broadcast cost divided by Causal broadcast cost
exp11.means.p5.rmse,0.137659276802443,NaN,NaN,50,m,results/exp11_dynamic_network/2026-08-27_174026,mission mean
exp11.means.p5.total_w025,50.0034657424687,NaN,NaN,50,swarm-total Hz,results/exp11_dynamic_network/2026-08-27_174026,mission mean
exp11.means.p5.broadcast,30.0013329778726,NaN,NaN,50,swarm-total Hz,results/exp11_dynamic_network/2026-08-27_174026,mission mean
exp11.means.p10.rmse,0.0922806094555199,NaN,NaN,50,m,results/exp11_dynamic_network/2026-08-27_174026,mission mean
exp11.means.p10.total_w025,100.002132764596,NaN,NaN,50,swarm-total Hz,results/exp11_dynamic_network/2026-08-27_174026,mission mean
exp11.means.p10.broadcast,60.0007997867235,NaN,NaN,50,swarm-total Hz,results/exp11_dynamic_network/2026-08-27_174026,mission mean
exp11.means.p125.rmse,0.0834179795700821,NaN,NaN,50,m,results/exp11_dynamic_network/2026-08-27_174026,mission mean
exp11.means.p125.total_w025,125.006931484937,NaN,NaN,50,swarm-total Hz,results/exp11_dynamic_network/2026-08-27_174026,mission mean
exp11.means.p125.broadcast,75.0031991468941,NaN,NaN,50,swarm-total Hz,results/exp11_dynamic_network/2026-08-27_174026,mission mean
exp11.means.p20.rmse,0.0704037366700937,NaN,NaN,50,m,results/exp11_dynamic_network/2026-08-27_174026,mission mean
exp11.means.p20.total_w025,199.998400426553,NaN,NaN,50,swarm-total Hz,results/exp11_dynamic_network/2026-08-27_174026,mission mean
exp11.means.p20.broadcast,119.999200213276,NaN,NaN,50,swarm-total Hz,results/exp11_dynamic_network/2026-08-27_174026,mission mean
exp11.means.p25.rmse,0.0657268234331837,NaN,NaN,50,m,results/exp11_dynamic_network/2026-08-27_174026,mission mean
exp11.means.p25.total_w025,249.995467875233,NaN,NaN,50,swarm-total Hz,results/exp11_dynamic_network/2026-08-27_174026,mission mean
exp11.means.p25.broadcast,149.997600639829,NaN,NaN,50,swarm-total Hz,results/exp11_dynamic_network/2026-08-27_174026,mission mean
exp11.means.stateevent.rmse,0.164540486213368,NaN,NaN,50,m,results/exp11_dynamic_network/2026-08-27_174026,mission mean
exp11.means.stateevent.total_w025,38.5137296720874,NaN,NaN,50,swarm-total Hz,results/exp11_dynamic_network/2026-08-27_174026,mission mean
exp11.means.stateevent.broadcast,23.1143695014663,NaN,NaN,50,swarm-total Hz,results/exp11_dynamic_network/2026-08-27_174026,mission mean
exp11.means.causal.rmse,0.0814674885539183,NaN,NaN,50,m,results/exp11_dynamic_network/2026-08-27_174026,mission mean
exp11.means.causal.total_w025,139.538589709411,NaN,NaN,50,swarm-total Hz,results/exp11_dynamic_network/2026-08-27_174026,mission mean
exp11.means.causal.broadcast,191.65209277526,NaN,NaN,50,swarm-total Hz,results/exp11_dynamic_network/2026-08-27_174026,mission mean
exp11.means.oracle.rmse,0.0893087699399867,NaN,NaN,50,m,results/exp11_dynamic_network/2026-08-27_174026,mission mean
exp11.means.oracle.total_w025,99.8640362569981,NaN,NaN,50,swarm-total Hz,results/exp11_dynamic_network/2026-08-27_174026,mission mean
exp11.means.oracle.broadcast,59.9192215409224,NaN,NaN,50,swarm-total Hz,results/exp11_dynamic_network/2026-08-27_174026,mission mean
