seed,method,fault,topology,scenario,RMSE,MINEVAL,PEAKERR,RECOVERY,PEAKAOI,NDATA,NACK,MISSION,SAFEFAIL,MINSEPFAULT,TXFAULT,CONNECTED,ISOLATED,LAMBDA2
1,P10,none,ring2,Moderate,0.179018775530783,0.402341274258675,0.24756036938145,NaN,0.226250000000001,14400,0,30,0,0.402341274258675,480,1,0,0.498132719947257
2,P10,none,ring2,Moderate,0.178473866843091,0.405301474831223,0.25521998226608,NaN,0.22625,14400,0,30,0,0.405301474831223,480,1,0,0.498132719947257
3,P10,none,ring2,Moderate,0.177892818512044,0.404773918497005,0.248440313229081,NaN,0.217916666666667,14400,0,30,0,0.404773918497005,480,1,0,0.498132719947257
1,P20,none,ring2,Moderate,0.136631704497456,0.450565126240795,0.191874216363817,NaN,0.153749999999997,28800,0,30,0,0.450565126240795,960,1,0,0.498132719947257
2,P20,none,ring2,Moderate,0.136576206160004,0.451022689440991,0.195866719911867,NaN,0.156249999999999,28800,0,30,0,0.451022689440991,960,1,0,0.498132719947257
3,P20,none,ring2,Moderate,0.136321009360541,0.450847375356908,0.192199641068512,NaN,0.150000000000001,28800,0,30,0,0.450847375356908,960,1,0,0.498132719947257
1,State-event,none,ring2,Moderate,0.317042288873985,0.277776869943796,0.421621128414778,NaN,0.390000000000002,5766,0,30,0,0.277776869943796,182.318181818182,1,0,0.498132719947257
2,State-event,none,ring2,Moderate,0.311128880219843,0.258871846896145,0.424042262590081,NaN,0.372916666666667,5775,0,30,0,0.258871846896145,182.909090909091,1,0,0.498132719947257
3,State-event,none,ring2,Moderate,0.312697118648527,0.259283535127543,0.444454055401674,NaN,0.370833333333334,5746,0,30,0,0.259283535127543,182.045454545455,1,0,0.498132719947257
1,Causal-v3,none,ring2,Moderate,0.162076511621004,0.422869492828061,0.225753516372465,NaN,0.161249999999999,18973,15205,30,0,0.422869492828061,601.590909090909,1,0,0.498132719947257
2,Causal-v3,none,ring2,Moderate,0.162509120454926,0.423457283826427,0.228472804792266,NaN,0.171666666666668,18982,15161,30,0,0.423457283826427,601.772727272727,1,0,0.498132719947257
3,Causal-v3,none,ring2,Moderate,0.162399273142951,0.417986562849589,0.227542735148223,NaN,0.163333333333334,19016,15133,30,0,0.417986562849589,601.636363636364,1,0,0.498132719947257
1,P10,perm 10%,ring2,Moderate,0.786370819094673,0.31326984230195,2.35660717582739,NaN,2.67,14400,0,30,0,0.31326984230195,480,1,1,0.498132719947257
2,P10,perm 10%,ring2,Moderate,0.791423061180142,0.258431100859451,2.14270937882201,NaN,2.67833333333333,14400,0,30,0,0.258431100859451,480,1,0,0.498132719947257
3,P10,perm 10%,ring2,Moderate,0.736625642553266,0.245545110144386,2.27586838983996,NaN,3.295,14400,0,30,1,0.245545110144386,480,1,1,0.415540688582629
1,P20,perm 10%,ring2,Moderate,0.7809038035847,0.311898317649019,2.35660717582739,NaN,2.61833333333333,28800,0,30,0,0.311898317649019,960,1,1,0.498132719947257
2,P20,perm 10%,ring2,Moderate,0.787533419428726,0.258467670595895,2.14235147960807,NaN,2.62708333333333,28800,0,30,0,0.258467670595895,960,1,0,0.498132719947257
3,P20,perm 10%,ring2,Moderate,0.729212172950226,0.248356797710221,2.27586838983996,NaN,3.24333333333333,28800,0,30,1,0.248356797710221,960,1,1,0.415540688582629
1,State-event,perm 10%,ring2,Moderate,0.816746958539071,0.263635573413676,2.35660717582739,NaN,2.82583333333333,10750,0,30,0,0.263635573413676,350.318181818182,1,1,0.498132719947257
2,State-event,perm 10%,ring2,Moderate,0.821132305004523,0.258151675698146,2.14512038555157,NaN,2.89125,10293,0,30,0,0.258151675698146,334.363636363636,1,0,0.498132719947257
3,State-event,perm 10%,ring2,Moderate,0.780477998561159,0.234746524544781,2.27586838983996,NaN,3.43166666666666,12096,0,30,1,0.234746524544781,396.909090909091,1,1,0.415540688582629
1,Causal-v3,perm 10%,ring2,Moderate,0.784525211581672,0.312834774670963,2.35660717582739,NaN,2.655,16597,12536,30,0,0.312834774670963,520.772727272727,1,1,0.498132719947257
2,Causal-v3,perm 10%,ring2,Moderate,0.791053063489545,0.258463927121162,2.14267385790497,NaN,2.6475,16018,11565,30,0,0.258463927121162,499.5,1,0,0.498132719947257
3,Causal-v3,perm 10%,ring2,Moderate,0.734494458808724,0.245935828123934,2.27586838983996,NaN,3.26125,17281,12340,30,1,0.245935828123934,541.136363636364,1,1,0.415540688582629
1,P10,perm 20%,ring2,Moderate,0.930193597877299,0.319203043563339,2.35660717582739,NaN,5.15125,14400,0,30,0,0.319203043563339,480,1,2,0.381966011250105
2,P10,perm 20%,ring2,Moderate,1.08523803865993,0.253578387777477,2.14270937882201,NaN,5.15958333333333,14400,0,30,0,0.253578387777477,480,1,0,0.381966011250107
3,P10,perm 20%,ring2,Moderate,1.07386180249674,0.176625949450931,2.27586838983996,NaN,5.77833333333334,14400,0,30,1,0.176625949450931,480,1,1,0.415540688582629
1,P20,perm 20%,ring2,Moderate,0.928062221622937,0.318853803124766,2.35660717582739,NaN,5.10166666666667,28800,0,30,0,0.318853803124766,960,1,2,0.381966011250105
2,P20,perm 20%,ring2,Moderate,1.08416945730624,0.252763601424519,2.14235147960807,NaN,5.10958333333333,28800,0,30,0,0.252763601424519,960,1,0,0.381966011250107
3,P20,perm 20%,ring2,Moderate,1.0719451103662,0.176443466703986,2.27586838983996,NaN,5.72666666666667,28800,0,30,1,0.176443466703986,960,1,1,0.415540688582629
1,State-event,perm 20%,ring2,Moderate,0.950986319795188,0.2919740198437,2.35660717582739,NaN,5.33583333333333,15763,0,30,0,0.2919740198437,520.318181818182,1,2,0.381966011250105
2,State-event,perm 20%,ring2,Moderate,1.09966814978975,0.245347918637606,2.14512038555157,NaN,5.35833333333333,15394,0,30,1,0.245347918637606,506.545454545455,1,0,0.381966011250107
3,State-event,perm 20%,ring2,Moderate,1.09485004295073,0.176605562120192,2.27586838983996,NaN,5.94166666666667,16864,0,30,1,0.176605562120192,557.363636363636,1,1,0.415540688582629
1,Causal-v3,perm 20%,ring2,Moderate,0.93006081486841,0.318694506808701,2.35660717582739,NaN,5.12958333333334,15089,10572,30,0,0.318694506808701,470.954545454545,1,2,0.381966011250105
2,Causal-v3,perm 20%,ring2,Moderate,1.08544500860812,0.253665125657474,2.14267385790497,NaN,5.13208333333333,14142,9479,30,0,0.253665125657474,436.727272727273,1,0,0.381966011250107
3,Causal-v3,perm 20%,ring2,Moderate,1.07394427762839,0.176455383949651,2.27586838983996,NaN,5.75416666666667,14860,9564,30,1,0.176455383949651,461.636363636364,1,1,0.415540688582629
1,P10,perm 30%,ring2,Moderate,1.15761896762949,0.324199556892664,2.35660717582739,NaN,7.6325,14400,0,30,0,0.324199556892664,480,0,3,7.36437595189101e-16
2,P10,perm 30%,ring2,Moderate,1.19610638869179,0.304506538794169,2.38358157734627,NaN,7.01791666666667,14400,0,30,0,0.304506538794169,480,1,1,0.381966011250104
3,P10,perm 30%,ring2,Moderate,1.2383676391756,0.210895671390902,2.27586838983996,NaN,7.63875,14400,0,30,1,0.210895671390902,480,1,2,0.403845323991367
1,P20,perm 30%,ring2,Moderate,1.15634862507938,0.324277915809374,2.35660717582739,NaN,7.5875,28800,0,30,0,0.324277915809374,960,0,3,7.36437595189101e-16
2,P20,perm 30%,ring2,Moderate,1.19539748873239,0.304235984784924,2.38358157734627,NaN,6.97416666666667,28800,0,30,0,0.304235984784924,960,1,1,0.381966011250104
3,P20,perm 30%,ring2,Moderate,1.23743416405225,0.211012201351965,2.27586838983996,NaN,7.59541666666667,28800,0,30,1,0.211012201351965,960,1,2,0.403845323991367
1,State-event,perm 30%,ring2,Moderate,1.17561404025943,0.320405765933325,2.35660717582739,NaN,7.82166666666667,21029,0,30,0,0.320405765933325,698.136363636364,0,3,7.36437595189101e-16
2,State-event,perm 30%,ring2,Moderate,1.20574774721381,0.30953711034713,2.38358157734627,NaN,7.14166666666667,19563,0,30,0,0.30953711034713,647.954545454545,1,1,0.381966011250104
3,State-event,perm 30%,ring2,Moderate,1.25013643293023,0.190607547264007,2.27586838983996,NaN,7.78708333333333,20913,0,30,1,0.190607547264007,694.909090909091,1,2,0.403845323991367
1,Causal-v3,perm 30%,ring2,Moderate,1.15791031189657,0.324049737164166,2.35660717582739,NaN,7.61708333333333,14079,8847,30,0,0.324049737164166,436,0,3,7.36437595189101e-16
2,Causal-v3,perm 30%,ring2,Moderate,1.19629557253743,0.304846573379697,2.38358157734627,NaN,7.00125,13534,8645,30,0,0.304846573379697,417.818181818182,1,1,0.381966011250104
3,Causal-v3,perm 30%,ring2,Moderate,1.23847662214552,0.211576981637952,2.27586838983996,NaN,7.63875,13738,8230,30,1,0.211576981637952,424.272727272727,1,2,0.403845323991367
1,P10,burst 2s,ring2,Moderate,0.200178672767138,0.402539785104814,0.470853787275439,4.02,0.715833333333333,14400,0,30,0,0.441588576968222,480,0,3,7.36437595189101e-16
2,P10,burst 2s,ring2,Moderate,0.201170917763092,0.3464948144345,0.395863484606824,4.04,0.695,14400,0,30,0,0.3564712316013,480,1,1,0.381966011250104
3,P10,burst 2s,ring2,Moderate,0.19933075543279,0.398564425285796,0.397270687821935,3.86,0.709583333333333,14400,0,30,0,0.409235750061669,480,1,2,0.403845323991367
1,P20,burst 2s,ring2,Moderate,0.15716018941019,0.428233816504265,0.407499658103381,3.94,0.650416666666667,28800,0,30,0,0.451117842171596,960,0,3,7.36437595189101e-16
2,P20,burst 2s,ring2,Moderate,0.15825229286589,0.380225497427696,0.34482504850725,3.96,0.617083333333334,28800,0,30,0,0.393118636008432,960,1,1,0.381966011250104
3,P20,burst 2s,ring2,Moderate,0.157121487312179,0.427587225559567,0.337587899135959,3.92,0.647083333333334,28800,0,30,0,0.439776725344073,960,1,2,0.403845323991367
1,State-event,burst 2s,ring2,Moderate,0.330672594400724,0.295624578052845,0.595236589601756,3.28,0.842916666666667,6849,0,30,0,0.331848957638597,701,0,3,7.36437595189101e-16
2,State-event,burst 2s,ring2,Moderate,0.326858205679252,0.23899358594979,0.530951915781241,3.98,0.809166666666666,6729,0,30,1,0.23899358594979,649,1,1,0.381966011250104
3,State-event,burst 2s,ring2,Moderate,0.325130211956393,0.236462766959211,0.551459701623205,3.12,0.870416666666667,6799,0,30,1,0.338932457548912,687.5,1,2,0.403845323991367
1,Causal-v3,burst 2s,ring2,Moderate,0.181521119607141,0.421036372338364,0.432555468455033,3.84,0.657083333333333,19048,15007,30,0,0.445544181045848,566,0,3,7.36437595189101e-16
2,Causal-v3,burst 2s,ring2,Moderate,0.183481961093589,0.363523473507702,0.367740928236748,4.02,0.62125,19048,15032,30,0,0.37461308013708,569.5,1,1,0.381966011250104
3,Causal-v3,burst 2s,ring2,Moderate,0.182507082427856,0.41580198775529,0.373298459214287,4.1,0.644166666666666,19133,14930,30,0,0.424446298995957,570,1,2,0.403845323991367
1,P10,burst 5s,ring2,Moderate,0.289366932295294,0.323132622171228,1.00275637739356,4.18,1.47416666666667,14400,0,30,0,0.352291258049615,480,0,3,7.36437595189101e-16
2,P10,burst 5s,ring2,Moderate,0.294906122621891,0.262459235631074,0.938384650486408,4.48,1.35541666666667,14400,0,30,0,0.287566832089903,480,1,1,0.381966011250104
3,P10,burst 5s,ring2,Moderate,0.29217421738063,0.0873252025250798,0.867412629443675,4.06,1.46166666666667,14400,0,30,1,0.116504712482972,480,1,2,0.403845323991367
1,P20,burst 5s,ring2,Moderate,0.250910333640081,0.343130432052028,0.948761968561957,4.1,1.40416666666666,28800,0,30,0,0.370607920476266,960,0,3,7.36437595189101e-16
2,P20,burst 5s,ring2,Moderate,0.255577594152924,0.296050731382716,0.88408687939615,4.22,1.29625,28800,0,30,0,0.313933121594866,960,1,1,0.381966011250104
3,P20,burst 5s,ring2,Moderate,0.255169611294727,0.139849767347211,0.838666911556139,4.1,1.39916666666666,28800,0,30,1,0.164587059684943,960,1,2,0.403845323991367
1,State-event,burst 5s,ring2,Moderate,0.400898243312368,0.201667321829703,1.09954389470729,3.6,1.67333333333333,8522,0,30,1,0.254439106603922,699.8,0,3,7.36437595189101e-16
2,State-event,burst 5s,ring2,Moderate,0.405340137396433,0.179750732666227,1.055010824151,4.5,1.5325,8289,0,30,1,0.219588047093758,648,1,1,0.381966011250104
3,State-event,burst 5s,ring2,Moderate,0.403690902568753,0.0197402583150713,0.926608009372986,3.76,1.64958333333333,8486,0,30,1,0.111593028167518,692.6,1,2,0.403845323991367
1,Causal-v3,burst 5s,ring2,Moderate,0.271046142284223,0.333242210789302,0.980372503316276,3.96,1.42291666666667,19025,14747,30,0,0.359406745867428,493,0,3,7.36437595189101e-16
2,Causal-v3,burst 5s,ring2,Moderate,0.276790763829626,0.287714051676353,0.90060095246693,3.96,1.31708333333333,19031,14757,30,0,0.30385434310644,485,1,1,0.381966011250104
3,Causal-v3,burst 5s,ring2,Moderate,0.277399445010386,0.109942744069157,0.836568191363091,4.08,1.4325,19076,14667,30,1,0.134948222463451,488.4,1,2,0.403845323991367
1,P10,none,sparse4,Moderate,0.256943986256695,0.337721740479128,0.354420629054993,NaN,0.211860465116283,25800,0,30,0,0.337721740479128,860,1,0,0.89697385380051
2,P10,none,sparse4,Moderate,0.257228712066258,0.33575102184069,0.35037655177123,NaN,0.216511627906976,25800,0,30,0,0.33575102184069,860,1,0,0.89697385380051
3,P10,none,sparse4,Moderate,0.257511264664747,0.33757055416538,0.35677550528738,NaN,0.210697674418605,25800,0,30,0,0.33757055416538,860,1,0,0.89697385380051
1,P20,none,sparse4,Moderate,0.19514112370875,0.402030010568662,0.277154361532303,NaN,0.149534883720931,51600,0,30,0,0.402030010568662,1720,1,0,0.89697385380051
2,P20,none,sparse4,Moderate,0.196205217930815,0.39921088217199,0.280016848153056,NaN,0.149767441860466,51600,0,30,0,0.39921088217199,1720,1,0,0.89697385380051
3,P20,none,sparse4,Moderate,0.195504784626966,0.402042404700399,0.279388055406958,NaN,0.150465116279069,51600,0,30,0,0.402042404700399,1720,1,0,0.89697385380051
1,State-event,none,sparse4,Moderate,0.449674306353585,0.165047402339234,0.615409404403698,NaN,0.371162790697675,9577,0,30,1,0.165047402339234,309.363636363636,1,0,0.89697385380051
2,State-event,none,sparse4,Moderate,0.449509738858473,0.128318225575004,0.612169980047834,NaN,0.379534883720929,9555,0,30,1,0.128318225575004,308.363636363636,1,0,0.89697385380051
3,State-event,none,sparse4,Moderate,0.454712795844024,0.158010819537974,0.611651123086326,NaN,0.377906976744186,9568,0,30,1,0.158010819537974,308.227272727273,1,0,0.89697385380051
1,Causal-v3,none,sparse4,Moderate,0.239590054696108,0.351631503255588,0.330898727994508,NaN,0.165348837209304,32508,25936,30,0,0.351631503255588,1031.90909090909,1,0,0.89697385380051
2,Causal-v3,none,sparse4,Moderate,0.240940385620359,0.352543651030779,0.332381009469356,NaN,0.165348837209303,32540,25845,30,0,0.352543651030779,1034.63636363636,1,0,0.89697385380051
3,Causal-v3,none,sparse4,Moderate,0.239800745996658,0.355644143905207,0.336537952076294,NaN,0.161395348837209,32528,25917,30,0,0.355644143905207,1031.09090909091,1,0,0.89697385380051
1,P10,perm 10%,sparse4,Moderate,0.98739709303564,0.31076471550191,1.83493429850587,NaN,2.96186046511628,25800,0,30,0,0.31076471550191,860,1,0,0.89697385380051
2,P10,perm 10%,sparse4,Moderate,0.910582517961735,0.223358637415854,1.65981429026819,NaN,2.97116279069767,25800,0,30,1,0.223358637415854,860,1,0,0.799829036706369
3,P10,perm 10%,sparse4,Moderate,0.91034779049881,0.29076858871919,1.47223056263145,NaN,2.97,25800,0,30,0,0.29076858871919,860,1,0,0.792355000162148
1,P20,perm 10%,sparse4,Moderate,0.984374515393297,0.315051867577535,1.83280127505887,NaN,2.91069767441861,51600,0,30,0,0.315051867577535,1720,1,0,0.89697385380051
2,P20,perm 10%,sparse4,Moderate,0.906377841851082,0.222581167409907,1.65657574755419,NaN,2.91558139534884,51600,0,30,1,0.222581167409907,1720,1,0,0.799829036706369
3,P20,perm 10%,sparse4,Moderate,0.905440460423306,0.290131195344838,1.46956504109899,NaN,2.91046511627907,51600,0,30,0,0.290131195344838,1720,1,0,0.792355000162148
1,State-event,perm 10%,sparse4,Moderate,1.02128379161587,0.283107610200109,1.86284204295589,NaN,3.19116279069768,18340,0,30,0,0.283107610200109,600.227272727273,1,0,0.89697385380051
2,State-event,perm 10%,sparse4,Moderate,0.961042150816154,0.233900529726456,1.70384473212617,NaN,3.24837209302326,18407,0,30,1,0.233900529726456,603.454545454545,1,0,0.799829036706369
3,State-event,perm 10%,sparse4,Moderate,0.967740976859939,0.270114583084713,1.52650038099405,NaN,3.23767441860465,18120,0,30,0,0.270114583084713,595.045454545455,1,0,0.792355000162148
1,Causal-v3,perm 10%,sparse4,Moderate,0.988230047346429,0.309962536606323,1.83566272120326,NaN,2.9553488372093,25029,18196,30,0,0.309962536606323,786.363636363636,1,0,0.89697385380051
2,Causal-v3,perm 10%,sparse4,Moderate,0.911480899737194,0.223363388992024,1.66082730683194,NaN,2.93720930232558,25569,18560,30,1,0.223363388992024,805.863636363636,1,0,0.799829036706369
3,Causal-v3,perm 10%,sparse4,Moderate,0.911449424882643,0.289908699284781,1.47328795635513,NaN,2.94279069767442,25788,18384,30,0,0.289908699284781,813.227272727273,1,0,0.792355000162148
1,P10,perm 20%,sparse4,Moderate,1.30642725189221,0.261430861668559,2.19192288136312,NaN,5.73162790697674,25800,0,30,0,0.261430861668559,860,1,0,0.871780742342762
2,P10,perm 20%,sparse4,Moderate,1.27003208403058,0.254927746978196,1.99077544130804,NaN,5.39558139534884,25800,0,30,0,0.254927746978196,860,1,0,0.792030667508265
3,P10,perm 20%,sparse4,Moderate,1.27137727436034,0.306082255324582,2.00376769562648,NaN,5.39441860465116,25800,0,30,0,0.306082255324582,860,1,0,0.792355000162148
1,P20,perm 20%,sparse4,Moderate,1.3054562936432,0.261379497860152,2.19155353950208,NaN,5.68186046511628,51600,0,30,0,0.261379497860152,1720,1,0,0.871780742342762
2,P20,perm 20%,sparse4,Moderate,1.26907674696048,0.254618399061631,1.98990660213456,NaN,5.34069767441861,51600,0,30,0,0.254618399061631,1720,1,0,0.792030667508265
3,P20,perm 20%,sparse4,Moderate,1.26993413160483,0.305928480248489,2.00270499326145,NaN,5.33558139534884,51600,0,30,0,0.305928480248489,1720,1,0,0.792355000162148
1,State-event,perm 20%,sparse4,Moderate,1.31896603321348,0.26237547163726,2.19564503082249,NaN,5.9746511627907,29108,0,30,0,0.26237547163726,965.954545454545,1,0,0.871780742342762
2,State-event,perm 20%,sparse4,Moderate,1.28314645077842,0.256883881985042,2.00031596841385,NaN,5.62767441860465,27951,0,30,0,0.256883881985042,925.545454545455,1,0,0.792030667508265
3,State-event,perm 20%,sparse4,Moderate,1.29981126740806,0.308153037786712,2.0272084636809,NaN,5.70093023255814,27661,0,30,0,0.308153037786712,916.5,1,0,0.792355000162148
1,Causal-v3,perm 20%,sparse4,Moderate,1.30724254559089,0.26138275880679,2.19243466430459,NaN,5.75232558139535,21467,14017,30,0,0.26138275880679,667.636363636364,1,0,0.871780742342762
2,Causal-v3,perm 20%,sparse4,Moderate,1.27090720511031,0.254876611688006,1.99169291258982,NaN,5.37790697674419,21771,14769,30,0,0.254876611688006,680.363636363636,1,0,0.792030667508265
3,Causal-v3,perm 20%,sparse4,Moderate,1.27250754729029,0.306332272372344,2.00486584298419,NaN,5.39302325581395,22140,14526,30,0,0.306332272372344,691.636363636364,1,0,0.792355000162148
1,P10,perm 30%,sparse4,Moderate,1.51614381283283,0.278687172276135,2.21844597723593,NaN,8.50255813953488,25800,0,30,0,0.278687172276135,860,1,0,0.757252563015453
2,P10,perm 30%,sparse4,Moderate,1.46749817953783,0.259696964408611,2.33376661646776,NaN,8.50837209302326,25800,0,30,0,0.259696964408611,860,1,1,0.676165439712138
3,P10,perm 30%,sparse4,Moderate,1.52122220153314,0.309279256165663,2.12270614883662,NaN,8.16651162790698,25800,0,30,0,0.309279256165663,860,1,0,0.596756399690105
1,P20,perm 30%,sparse4,Moderate,1.51577250031691,0.27862775833474,2.21825102683677,NaN,8.46116279069768,51600,0,30,0,0.27862775833474,1720,1,0,0.757252563015453
2,P20,perm 30%,sparse4,Moderate,1.46697873506657,0.259491029916973,2.33376661646776,NaN,8.46046511627907,51600,0,30,0,0.259491029916973,1720,1,1,0.676165439712138
3,P20,perm 30%,sparse4,Moderate,1.52081648335051,0.309085937227294,2.12236933679988,NaN,8.1153488372093,51600,0,30,0,0.309085937227294,1720,1,0,0.596756399690105
1,State-event,perm 30%,sparse4,Moderate,1.52208060461701,0.278599803435902,2.22158843956771,NaN,8.74,40240,0,30,0,0.278599803435902,1344.27272727273,1,0,0.757252563015453
2,State-event,perm 30%,sparse4,Moderate,1.4750449607181,0.262702866271689,2.33376661646776,NaN,8.75162790697674,40492,0,30,0,0.262702866271689,1350,1,1,0.676165439712138
3,State-event,perm 30%,sparse4,Moderate,1.52841440125359,0.310168380935928,2.12862119010305,NaN,8.39720930232558,38954,0,30,0,0.310168380935928,1297.81818181818,1,0,0.596756399690105
1,Causal-v3,perm 30%,sparse4,Moderate,1.51686008856574,0.278152079323318,2.21907982178659,NaN,8.52697674418605,19028,11222,30,0,0.278152079323318,586.363636363636,1,0,0.757252563015453
2,Causal-v3,perm 30%,sparse4,Moderate,1.46813239401903,0.259778631569658,2.33376661646776,NaN,8.51395348837209,19637,11814,30,0,0.259778631569658,608.090909090909,1,1,0.676165439712138
3,Causal-v3,perm 30%,sparse4,Moderate,1.5220151816884,0.308743255555017,2.12333709651563,NaN,8.18046511627907,19070,11273,30,0,0.308743255555017,589.272727272727,1,0,0.596756399690105
1,P10,burst 2s,sparse4,Moderate,0.290123549305568,0.337380651243335,0.56638652051395,4.7,0.781627906976744,25800,0,30,0,0.384245541758169,860,1,0,0.757252563015453
2,P10,burst 2s,sparse4,Moderate,0.28982497973307,0.335218454944763,0.554551623971129,4.78,0.785116279069767,25800,0,30,0,0.374834780892635,860,1,1,0.676165439712138
3,P10,burst 2s,sparse4,Moderate,0.289166736431455,0.330725809668834,0.554997322328792,4.64,0.761860465116279,25800,0,30,0,0.369377351000455,860,1,0,0.596756399690105
1,P20,burst 2s,sparse4,Moderate,0.227157759915955,0.402124425966334,0.485005905629718,4.46,0.709069767441861,51600,0,30,0,0.425255348201616,1720,1,0,0.757252563015453
2,P20,burst 2s,sparse4,Moderate,0.227057540248349,0.399343660040817,0.467889341992247,4.56,0.713953488372094,51600,0,30,0,0.421827771186812,1720,1,1,0.676165439712138
3,P20,burst 2s,sparse4,Moderate,0.225637133013222,0.399092047781637,0.466680732899201,4.46,0.684418604651163,51600,0,30,0,0.409603801246813,1720,1,0,0.596756399690105
1,State-event,burst 2s,sparse4,Moderate,0.476981107891705,0.120211717545413,0.799558307224747,3.92,0.898837209302326,11598,0,30,1,0.266403192687167,1307,1,0,0.757252563015453
2,State-event,burst 2s,sparse4,Moderate,0.486849735562529,0.14511866877144,0.819281508619416,4.76,0.953255813953488,11645,0,30,1,0.244898105265068,1356,1,1,0.676165439712138
3,State-event,burst 2s,sparse4,Moderate,0.480156405261449,0.138455761155582,0.803026326851349,4.62,0.937441860465116,11535,0,30,1,0.254708930067815,1278.5,1,0,0.596756399690105
1,Causal-v3,burst 2s,sparse4,Moderate,0.269180095319366,0.351131773609969,0.551269447011199,4.36,0.712558139534883,33046,25891,30,0,0.398618400011931,948.5,1,0,0.757252563015453
2,Causal-v3,burst 2s,sparse4,Moderate,0.26742138089806,0.353832058760101,0.524381472129326,4.12,0.714418604651162,33017,25830,30,0,0.394550906752652,956.5,1,1,0.676165439712138
3,Causal-v3,burst 2s,sparse4,Moderate,0.267984176804535,0.344455367333653,0.535088709350491,4.34,0.693488372093023,33165,25984,30,0,0.385458406366898,951,1,0,0.596756399690105
1,P10,burst 5s,sparse4,Moderate,0.408393540584743,0.0603889884539124,1.04239329277237,4.98,1.62232558139535,25800,0,30,1,0.0637422150324134,860,1,0,0.757252563015453
2,P10,burst 5s,sparse4,Moderate,0.402090709202324,0.0867894412869969,1.0321500347452,5.04,1.61651162790698,25800,0,30,1,0.116011784282957,860,1,1,0.676165439712138
3,P10,burst 5s,sparse4,Moderate,0.406649999326079,0.0940370248606717,1.00799621894819,4.92,1.55488372093023,25800,0,30,1,0.115182073246723,860,1,0,0.596756399690105
1,P20,burst 5s,sparse4,Moderate,0.349857687562973,0.0150838955863328,0.967480900514445,4.64,1.54767441860465,51600,0,30,1,0.0508844210865585,1720,1,0,0.757252563015453
2,P20,burst 5s,sparse4,Moderate,0.345649801154809,0.0317347191445658,0.974562035464442,4.74,1.54976744186046,51600,0,30,1,0.0317347191445658,1720,1,1,0.676165439712138
3,P20,burst 5s,sparse4,Moderate,0.347211443293521,0.0257593895045575,0.928588407928392,4.66,1.48325581395349,51600,0,30,1,0.0257593895045575,1720,1,0,0.596756399690105
1,State-event,burst 5s,sparse4,Moderate,0.561422078716981,0.138220513397069,1.1745621129387,4.42,1.80232558139535,14981,0,30,1,0.22807472876759,1328.2,1,0,0.757252563015453
2,State-event,burst 5s,sparse4,Moderate,0.569754183457023,0.124827020065188,1.1800254834067,4.64,1.79093023255814,15018,0,30,1,0.151548003343055,1351.4,1,1,0.676165439712138
3,State-event,burst 5s,sparse4,Moderate,0.561845360255907,0.103735726865127,1.14322523522194,4.06,1.75372093023256,14815,0,30,1,0.210298051705214,1289,1,0,0.596756399690105
1,Causal-v3,burst 5s,sparse4,Moderate,0.388911747995982,0.0349279389062621,1.04200603879525,4.44,1.59558139534884,32920,25392,30,1,0.0425654264838951,749.4,1,0,0.757252563015453
2,Causal-v3,burst 5s,sparse4,Moderate,0.379031634170976,0.0804719603783794,1.01280935095699,4.24,1.60093023255814,32873,25389,30,1,0.0804719603783794,763.8,1,1,0.676165439712138
3,Causal-v3,burst 5s,sparse4,Moderate,0.384114908810946,0.0778226770425699,0.977824999073683,4.36,1.57348837209302,32977,25435,30,1,0.0778226770425699,753.2,1,0,0.596756399690105
1,P10,none,ring2,Stressed,0.271939022699912,0.297255724580066,0.35223824897884,NaN,0.320416666666667,14400,0,30,0,0.297255724580066,480,1,0,0.498132719947257
2,P10,none,ring2,Stressed,0.268040221957022,0.308664531937925,0.35525083478905,NaN,0.310000000000001,14400,0,30,0,0.308664531937925,480,1,0,0.498132719947257
3,P10,none,ring2,Stressed,0.266897040618396,0.305059107891333,0.343768203087524,NaN,0.318333333333335,14400,0,30,0,0.305059107891333,480,1,0,0.498132719947257
1,P20,none,ring2,Stressed,0.206973413437696,0.37659040434325,0.278853764823412,NaN,0.221250000000004,28800,0,30,0,0.37659040434325,960,1,0,0.498132719947257
2,P20,none,ring2,Stressed,0.205418912170383,0.371777189452362,0.275539474385214,NaN,0.224583333333333,28800,0,30,0,0.371777189452362,960,1,0,0.498132719947257
3,P20,none,ring2,Stressed,0.204998358941565,0.375207713339704,0.279623779044518,NaN,0.22208333333333,28800,0,30,0,0.375207713339704,960,1,0,0.498132719947257
1,State-event,none,ring2,Stressed,0.473810567635491,0.0715029156576362,0.796227088568313,NaN,0.672499999999999,5395,0,30,1,0.0715029156576362,171.590909090909,1,0,0.498132719947257
2,State-event,none,ring2,Stressed,0.468966289541486,0.125769372276573,0.795603839202635,NaN,0.602083333333332,5403,0,30,1,0.125769372276573,173.545454545455,1,0,0.498132719947257
3,State-event,none,ring2,Stressed,0.473353566036679,0.125954497496981,0.781387292456842,NaN,0.652916666666667,5398,0,30,1,0.125954497496981,173.363636363636,1,0,0.498132719947257
1,Causal-v3,none,ring2,Stressed,0.218827857143613,0.359628071625897,0.291929592260295,NaN,0.234166666666667,25171,15098,30,0,0.359628071625897,800.545454545455,1,0,0.498132719947257
2,Causal-v3,none,ring2,Stressed,0.218621097983312,0.359940231876851,0.28845625324446,NaN,0.227083333333334,25197,14956,30,0,0.359940231876851,800.363636363636,1,0,0.498132719947257
3,Causal-v3,none,ring2,Stressed,0.218226670378606,0.36673214787638,0.294176552056532,NaN,0.227499999999998,25190,14987,30,0,0.36673214787638,800.136363636364,1,0,0.498132719947257
1,P10,perm 10%,ring2,Stressed,0.79486033087879,0.284634044559802,1.61349696602858,NaN,2.74333333333333,14400,0,30,0,0.284634044559802,480,1,0,0.498132719947257
2,P10,perm 10%,ring2,Stressed,0.762373414754911,0.320931973361739,1.73605451041488,NaN,2.74541666666667,14400,0,30,0,0.320931973361739,480,1,0,0.498132719947257
3,P10,perm 10%,ring2,Stressed,0.846031892685739,0.242503618805807,1.93581311116109,NaN,2.76,14400,0,30,1,0.242503618805807,480,1,0,0.498132719947257
1,P20,perm 10%,ring2,Stressed,0.786611861532847,0.284399185378964,1.60741073934722,NaN,2.67791666666667,28800,0,30,0,0.284399185378964,960,1,0,0.498132719947257
2,P20,perm 10%,ring2,Stressed,0.751061315209962,0.317580246404997,1.73250086923434,NaN,2.68375,28800,0,30,0,0.317580246404997,960,1,0,0.498132719947257
3,P20,perm 10%,ring2,Stressed,0.837508589570281,0.243227122229202,1.93043482258579,NaN,2.68041666666667,28800,0,30,1,0.243227122229202,960,1,0,0.498132719947257
1,State-event,perm 10%,ring2,Stressed,0.861097349640589,0.213208805894275,1.64621216742293,NaN,3.055,10009,0,30,1,0.213208805894275,327.409090909091,1,0,0.498132719947257
2,State-event,perm 10%,ring2,Stressed,0.833863036290018,0.113746623600109,1.76060554530212,NaN,3.00083333333334,10311,0,30,1,0.113746623600109,337.818181818182,1,0,0.498132719947257
3,State-event,perm 10%,ring2,Stressed,0.907742137175995,0.234265562273466,2.01966127470706,NaN,3.12833333333333,10188,0,30,1,0.234265562273466,332.318181818182,1,0,0.498132719947257
1,Causal-v3,perm 10%,ring2,Stressed,0.791307150772061,0.284712549493136,1.61106054515416,NaN,2.69583333333333,19723,10894,30,0,0.284712549493136,614.136363636364,1,0,0.498132719947257
2,Causal-v3,perm 10%,ring2,Stressed,0.755420106608599,0.320205849165333,1.73501319756805,NaN,2.69041666666667,20878,11678,30,0,0.320205849165333,655,1,0,0.498132719947257
3,Causal-v3,perm 10%,ring2,Stressed,0.841482236299559,0.238596540740603,1.93440485087292,NaN,2.74333333333334,20323,11371,30,1,0.238596540740603,634.909090909091,1,0,0.498132719947257
1,P10,perm 20%,ring2,Stressed,1.12519027372612,0.35402169769826,2.35660717582739,NaN,5.84125,14400,0,30,0,0.35402169769826,480,1,1,0.498132719947257
2,P10,perm 20%,ring2,Stressed,1.04427728347297,0.321032522027578,2.29272124125871,NaN,5.22041666666667,14400,0,30,0,0.321032522027578,480,1,1,0.413655787819168
3,P10,perm 20%,ring2,Stressed,1.14572940422296,0.217180228390579,2.29272124125871,NaN,5.22875,14400,0,30,1,0.217180228390579,480,1,1,0.413655787819169
1,P20,perm 20%,ring2,Stressed,1.12068353853758,0.353328771783657,2.35660717582739,NaN,5.78041666666667,28800,0,30,0,0.353328771783657,960,1,1,0.498132719947257
2,P20,perm 20%,ring2,Stressed,1.04006751502669,0.346890298907118,2.29272124125871,NaN,5.16416666666667,28800,0,30,0,0.346890298907118,960,1,1,0.413655787819168
3,P20,perm 20%,ring2,Stressed,1.14332918404134,0.217090247165273,2.29272124125871,NaN,5.16291666666667,28800,0,30,1,0.217090247165273,960,1,1,0.413655787819169
1,State-event,perm 20%,ring2,Stressed,1.16574367710488,0.347562204298206,2.35660717582739,NaN,6.175,16730,0,30,0,0.347562204298206,554.090909090909,1,1,0.498132719947257
2,State-event,perm 20%,ring2,Stressed,1.08046479139984,0.232307929003105,2.29272124125871,NaN,5.48625,15577,0,30,1,0.232307929003105,514.5,1,1,0.413655787819168
3,State-event,perm 20%,ring2,Stressed,1.17791083164039,0.21825335761481,2.29272124125871,NaN,5.52833333333333,15428,0,30,1,0.21825335761481,508.636363636364,1,1,0.413655787819169
1,Causal-v3,perm 20%,ring2,Stressed,1.12402101083277,0.353959250086019,2.35660717582739,NaN,5.82333333333333,17284,8527,30,0,0.353959250086019,533.318181818182,1,1,0.498132719947257
2,Causal-v3,perm 20%,ring2,Stressed,1.04293960496792,0.331459634107471,2.29272124125871,NaN,5.19125,17656,9263,30,0,0.331459634107471,542.272727272727,1,1,0.413655787819168
3,Causal-v3,perm 20%,ring2,Stressed,1.14572382604901,0.217081982696167,2.29272124125871,NaN,5.24041666666667,16784,8736,30,1,0.217081982696167,514.545454545455,1,1,0.413655787819169
1,P10,perm 30%,ring2,Stressed,1.26243017469542,0.394135222610255,2.35660717582739,NaN,7.69958333333333,14400,0,30,0,0.394135222610255,480,1,1,0.421327531917019
2,P10,perm 30%,ring2,Stressed,1.16380086385858,0.233062973186265,2.29272124125871,NaN,7.07875,14400,0,30,1,0.233062973186265,480,1,1,0.381966011250105
3,P10,perm 30%,ring2,Stressed,1.29873854285523,0.343502970837001,2.35206486603986,NaN,7.085,14400,0,30,0,0.343502970837001,480,1,3,0.413655787819169
1,P20,perm 30%,ring2,Stressed,1.26012956618058,0.393782045765524,2.35660717582739,NaN,7.64125,28800,0,30,0,0.393782045765524,960,1,1,0.421327531917019
2,P20,perm 30%,ring2,Stressed,1.16085899175547,0.251327072311075,2.29272124125871,NaN,7.0225,28800,0,30,0,0.251327072311075,960,1,1,0.381966011250105
3,P20,perm 30%,ring2,Stressed,1.29739617666385,0.343428583162236,2.35206486603986,NaN,7.02541666666667,28800,0,30,0,0.343428583162236,960,1,3,0.413655787819169
1,State-event,perm 30%,ring2,Stressed,1.28602361725738,0.409795746659469,2.35660717582739,NaN,8.06958333333333,20867,0,30,0,0.409795746659469,693.772727272727,1,1,0.421327531917019
2,State-event,perm 30%,ring2,Stressed,1.19146297955062,0.166368359472309,2.29272124125871,NaN,7.32208333333333,19703,0,30,1,0.166368359472309,653.363636363636,1,1,0.381966011250105
3,State-event,perm 30%,ring2,Stressed,1.31753015801004,0.345010311249017,2.35206486603986,NaN,7.43416666666667,19657,0,30,0,0.345010311249017,651.5,1,3,0.413655787819169
1,Causal-v3,perm 30%,ring2,Stressed,1.26286545908405,0.394617568892764,2.35660717582739,NaN,7.67458333333333,15587,7346,30,0,0.394617568892764,474.909090909091,1,1,0.421327531917019
2,Causal-v3,perm 30%,ring2,Stressed,1.16329444903606,0.239378738017984,2.29272124125871,NaN,7.08958333333333,16635,8377,30,1,0.239378738017984,509.545454545455,1,1,0.381966011250105
3,Causal-v3,perm 30%,ring2,Stressed,1.2989079566987,0.34358698324368,2.35206486603986,NaN,7.11791666666667,15589,7820,30,0,0.34358698324368,475.818181818182,1,3,0.413655787819169
1,P10,burst 2s,ring2,Stressed,0.296810517048554,0.296897179923478,0.583026347664567,4.26,0.81,14400,0,30,0,0.378186059509035,480,1,1,0.421327531917019
2,P10,burst 2s,ring2,Stressed,0.28981694355389,0.308277941904706,0.573513130233056,4.28,0.739166666666667,14400,0,30,0,0.351968966273854,480,1,1,0.381966011250105
3,P10,burst 2s,ring2,Stressed,0.293678092223105,0.304805714022859,0.598605780140399,4.86,0.747500000000001,14400,0,30,0,0.350264460553896,480,1,3,0.413655787819169
1,P20,burst 2s,ring2,Stressed,0.22992635764784,0.376642723526212,0.477977688055184,4.22,0.709583333333333,28800,0,30,0,0.431800069943972,960,1,1,0.421327531917019
2,P20,burst 2s,ring2,Stressed,0.22592057260123,0.371847122506057,0.493236552793816,4.24,0.655833333333333,28800,0,30,0,0.395039289347583,960,1,1,0.381966011250105
3,P20,burst 2s,ring2,Stressed,0.230636727865947,0.372226329282523,0.498035240452397,4.34,0.664583333333333,28800,0,30,0,0.397353012723312,960,1,3,0.413655787819169
1,State-event,burst 2s,ring2,Stressed,0.490910767596302,0.049942154544626,0.743751305033335,4.52,1.09125,6476,0,30,1,0.20617942728576,704.5,1,1,0.421327531917019
2,State-event,burst 2s,ring2,Stressed,0.478339158788319,0.127912488210427,0.768775380796501,3.64,1.05875,6365,0,30,1,0.14792562997001,635,1,1,0.381966011250105
3,State-event,burst 2s,ring2,Stressed,0.497194115131462,0.04244462404771,0.976292210545461,2.58,1.12333333333333,6353,0,30,1,0.0548908708260526,632.5,1,3,0.413655787819169
1,Causal-v3,burst 2s,ring2,Stressed,0.241572603122641,0.358518052171204,0.496391308612399,4.22,0.7225,24958,14770,30,0,0.418910505217181,711.5,1,1,0.421327531917019
2,Causal-v3,burst 2s,ring2,Stressed,0.239969177951932,0.3580431732719,0.515835557702241,4.52,0.698750000000001,25001,14628,30,0,0.381169039742814,716,1,1,0.381966011250105
3,Causal-v3,burst 2s,ring2,Stressed,0.245117299844347,0.345752686240511,0.52762605485693,4.22,0.675833333333333,25101,14754,30,0,0.398514264515643,707.5,1,3,0.413655787819169
1,P10,burst 5s,ring2,Stressed,0.384828716584992,0.021435792743602,1.09196780693555,4.7,1.55375,14400,0,30,1,0.0796595674667416,480,1,1,0.421327531917019
2,P10,burst 5s,ring2,Stressed,0.370304312656664,0.0508452221153394,1.08195323447658,4.82,1.48291666666667,14400,0,30,1,0.0533417697828554,480,1,1,0.381966011250105
3,P10,burst 5s,ring2,Stressed,0.38360931583633,0.091182733544181,1.09249259257203,4.76,1.45375,14400,0,30,1,0.155304331051791,480,1,3,0.413655787819169
1,P20,burst 5s,ring2,Stressed,0.32330675826018,0.106481407239986,1.00315165424697,4.56,1.46916666666667,28800,0,30,1,0.134107740401369,960,1,1,0.421327531917019
2,P20,burst 5s,ring2,Stressed,0.31086845239759,0.0134280740407282,1.02042877049191,4.46,1.37625,28800,0,30,1,0.0388095819139588,960,1,1,0.381966011250105
3,P20,burst 5s,ring2,Stressed,0.329213966060205,0.0579524973652682,1.0153578609725,4.54,1.35958333333333,28800,0,30,1,0.0579524973652682,960,1,3,0.413655787819169
1,State-event,burst 5s,ring2,Stressed,0.549075160320271,0.0694400303864572,1.20147911044764,4.16,1.82333333333333,8180,0,30,1,0.20617942728576,699.2,1,1,0.421327531917019
2,State-event,burst 5s,ring2,Stressed,0.542987013889695,0.0933887205780741,1.1860871006545,4.6,1.72583333333333,7884,0,30,1,0.14792562997001,644.4,1,1,0.381966011250105
3,State-event,burst 5s,ring2,Stressed,0.577308528678401,0.0336313939878538,1.31016898585476,3.76,1.8275,7866,0,30,1,0.0356956943000378,644,1,3,0.413655787819169
1,Causal-v3,burst 5s,ring2,Stressed,0.334009319681932,0.0683605337845456,1.02435389565067,4.2,1.52,24866,14506,30,1,0.102355575734774,582,1,1,0.421327531917019
2,Causal-v3,burst 5s,ring2,Stressed,0.321474182369924,0.00668398943070411,1.01388702520732,4.22,1.38333333333333,24952,14466,30,1,0.0235436187902996,603,1,1,0.381966011250105
3,Causal-v3,burst 5s,ring2,Stressed,0.339151356641434,0.0668591939269889,1.03456859803057,4.28,1.39208333333333,24870,14465,30,1,0.0668591939269889,580.8,1,3,0.413655787819169
1,P10,none,sparse4,Stressed,0.387326628578515,0.21402386719391,0.513854826680365,NaN,0.320465116279072,25800,0,30,1,0.21402386719391,860,1,0,0.89697385380051
2,P10,none,sparse4,Stressed,0.381380543060907,0.218072275063797,0.519058038311531,NaN,0.309999999999999,25800,0,30,1,0.218072275063797,860,1,0,0.89697385380051
3,P10,none,sparse4,Stressed,0.384445747697296,0.219731326999361,0.522358511561126,NaN,0.321627906976743,25800,0,30,1,0.219731326999361,860,1,0,0.89697385380051
1,P20,none,sparse4,Stressed,0.29602097875687,0.303021595804854,0.397400240052029,NaN,0.215813953488372,51600,0,30,0,0.303021595804854,1720,1,0,0.89697385380051
2,P20,none,sparse4,Stressed,0.294651837554136,0.298451120264454,0.396963007901531,NaN,0.217674418604651,51600,0,30,0,0.298451120264454,1720,1,0,0.89697385380051
3,P20,none,sparse4,Stressed,0.295579259963574,0.297391930426983,0.399485988112338,NaN,0.214883720930232,51600,0,30,0,0.297391930426983,1720,1,0,0.89697385380051
1,State-event,none,sparse4,Stressed,0.658511029701999,0.00594644118687769,0.944063026856039,NaN,0.638604651162791,8434,0,30,1,0.00594644118687769,274.954545454545,1,0,0.89697385380051
2,State-event,none,sparse4,Stressed,0.647729447203449,0.0491799021765869,0.88200044101767,NaN,0.700465116279069,8452,0,30,1,0.0491799021765869,274.863636363636,1,0,0.89697385380051
3,State-event,none,sparse4,Stressed,0.665057064971392,0.0274743310000138,0.915811097236584,NaN,0.652325581395349,8420,0,30,1,0.0274743310000138,274.136363636364,1,0,0.89697385380051
1,Causal-v3,none,sparse4,Stressed,0.31380330415425,0.281428730363899,0.418257510522958,NaN,0.220232558139536,44407,26484,30,0,0.281428730363899,1433.86363636364,1,0,0.89697385380051
2,Causal-v3,none,sparse4,Stressed,0.314274855796021,0.278321111433559,0.418365792318513,NaN,0.220697674418604,44381,26504,30,0,0.278321111433559,1433.95454545455,1,0,0.89697385380051
3,Causal-v3,none,sparse4,Stressed,0.313218382082067,0.280793883396606,0.415298767531763,NaN,0.216976744186046,44493,26651,30,0,0.280793883396606,1433.27272727273,1,0,0.89697385380051
1,P10,perm 10%,sparse4,Stressed,0.99617752988745,0.347810981987508,1.7138313746988,NaN,3.04023255813954,25800,0,30,0,0.347810981987508,860,1,0,0.89697385380051
2,P10,perm 10%,sparse4,Stressed,1.00894739919283,0.274368297420457,1.6769642079054,NaN,3.03325581395349,25800,0,30,0,0.274368297420457,860,1,0,0.89697385380051
3,P10,perm 10%,sparse4,Stressed,0.895260591306304,0.261443716328159,1.45162931127646,NaN,3.05186046511628,25800,0,30,0,0.261443716328159,860,1,0,0.89697385380051
1,P20,perm 10%,sparse4,Stressed,0.987365686702772,0.348359930751474,1.7062154362719,NaN,2.96558139534884,51600,0,30,0,0.348359930751474,1720,1,0,0.89697385380051
2,P20,perm 10%,sparse4,Stressed,1.00211079168553,0.275680788957379,1.67316056089383,NaN,2.96744186046512,51600,0,30,0,0.275680788957379,1720,1,0,0.89697385380051
3,P20,perm 10%,sparse4,Stressed,0.883487740701178,0.268830078719791,1.44426677039488,NaN,2.96953488372093,51600,0,30,0,0.268830078719791,1720,1,0,0.89697385380051
1,State-event,perm 10%,sparse4,Stressed,1.07977602053552,0.339454858583796,1.81313961884175,NaN,3.40883720930233,18042,0,30,0,0.339454858583796,593.772727272727,1,0,0.89697385380051
2,State-event,perm 10%,sparse4,Stressed,1.08001662580204,0.265490386893605,1.71676311132207,NaN,3.44790697674419,17999,0,30,0,0.265490386893605,591.954545454545,1,0,0.89697385380051
3,State-event,perm 10%,sparse4,Stressed,1.01740759782012,0.269635154027508,1.54430474244088,NaN,3.34627906976744,18038,0,30,0,0.269635154027508,593.136363636364,1,0,0.89697385380051
1,Causal-v3,perm 10%,sparse4,Stressed,0.995308032308135,0.34729752432116,1.71495919045424,NaN,3.02441860465116,29635,16203,30,0,0.34729752432116,923.818181818182,1,0,0.89697385380051
2,Causal-v3,perm 10%,sparse4,Stressed,1.00935450146187,0.27312795649355,1.67719723726762,NaN,3.03348837209302,28868,15744,30,0,0.27312795649355,899.363636363636,1,0,0.89697385380051
3,Causal-v3,perm 10%,sparse4,Stressed,0.892861425769346,0.263758827510689,1.45251004572391,NaN,2.98627906976744,31354,17127,30,0,0.263758827510689,979.272727272727,1,0,0.89697385380051
1,P10,perm 20%,sparse4,Stressed,1.32072175784403,0.36578945503497,1.82825069343391,NaN,5.80883720930233,25800,0,30,0,0.36578945503497,860,1,0,0.89697385380051
2,P10,perm 20%,sparse4,Stressed,1.3199099312045,0.270179292253519,2.01381464535187,NaN,5.45418604651163,25800,0,30,0,0.270179292253519,860,1,0,0.809348129339752
3,P10,perm 20%,sparse4,Stressed,1.19701053623017,0.345296909670791,1.73381974051734,NaN,5.46232558139535,25800,0,30,0,0.345296909670791,860,1,0,0.89697385380051
1,P20,perm 20%,sparse4,Stressed,1.31843602583566,0.365828025298406,1.82623993199112,NaN,5.73674418604651,51600,0,30,0,0.365828025298406,1720,1,0,0.89697385380051
2,P20,perm 20%,sparse4,Stressed,1.31746357180092,0.271418017020251,2.0121131759236,NaN,5.38953488372093,51600,0,30,0,0.271418017020251,1720,1,0,0.809348129339752
3,P20,perm 20%,sparse4,Stressed,1.19374940393266,0.345093207018632,1.72973727425503,NaN,5.39279069767442,51600,0,30,0,0.345093207018632,1720,1,0,0.89697385380051
1,State-event,perm 20%,sparse4,Stressed,1.34805751291958,0.365635140501319,1.86922912542501,NaN,6.12976744186046,28953,0,30,0,0.365635140501319,963.318181818182,1,0,0.89697385380051
2,State-event,perm 20%,sparse4,Stressed,1.35348924739847,0.241634494664555,2.04002823290768,NaN,5.82558139534884,27607,0,30,1,0.241634494664555,916.636363636364,1,0,0.809348129339752
3,State-event,perm 20%,sparse4,Stressed,1.24117320080156,0.319850162020496,1.80373733276054,NaN,5.7693023255814,27757,0,30,0,0.319850162020496,919.590909090909,1,0,0.89697385380051
1,Causal-v3,perm 20%,sparse4,Stressed,1.32231930689604,0.365204544127142,1.83150864709557,NaN,5.83837209302326,23153,11275,30,0,0.365204544127142,705,1,0,0.89697385380051
2,Causal-v3,perm 20%,sparse4,Stressed,1.32167677280893,0.268536685679129,2.01604179841393,NaN,5.47348837209302,23578,11771,30,0,0.268536685679129,721.545454545455,1,0,0.809348129339752
3,Causal-v3,perm 20%,sparse4,Stressed,1.19789316758224,0.345278484546964,1.73609840395523,NaN,5.47441860465116,25757,13325,30,0,0.345278484546964,788.590909090909,1,0,0.89697385380051
1,P10,perm 30%,sparse4,Stressed,1.50630658572116,0.406138397906503,2.11440010914482,NaN,8.57395348837209,25800,0,30,0,0.406138397906503,860,1,0,0.794451844338976
2,P10,perm 30%,sparse4,Stressed,1.50453994643787,0.299049693034063,2.16838349715013,NaN,8.22162790697675,25800,0,30,0,0.299049693034063,860,1,0,0.760379445582519
3,P10,perm 30%,sparse4,Stressed,1.40506145120341,0.352897717163429,2.13126127394633,NaN,8.22860465116279,25800,0,30,0,0.352897717163429,860,1,0,0.85680841832488
1,P20,perm 30%,sparse4,Stressed,1.50547541877133,0.406313531334648,2.11385082251876,NaN,8.50674418604651,51600,0,30,0,0.406313531334648,1720,1,0,0.794451844338976
2,P20,perm 30%,sparse4,Stressed,1.50375414124165,0.298765919804689,2.16793209575415,NaN,8.16418604651163,51600,0,30,0,0.298765919804689,1720,1,0,0.760379445582519
3,P20,perm 30%,sparse4,Stressed,1.40393907378848,0.352794353301915,2.13028818319089,NaN,8.16232558139535,51600,0,30,0,0.352794353301915,1720,1,0,0.85680841832488
1,State-event,perm 30%,sparse4,Stressed,1.51611036748844,0.407103162814889,2.12230489637815,NaN,8.87162790697674,40288,0,30,0,0.407103162814889,1346.18181818182,1,0,0.794451844338976
2,State-event,perm 30%,sparse4,Stressed,1.51495445668208,0.301451159560883,2.17827385484456,NaN,8.56906976744186,38987,0,30,0,0.301451159560883,1300,1,0,0.760379445582519
3,State-event,perm 30%,sparse4,Stressed,1.4220041521271,0.362295158180165,2.14669212165203,NaN,8.46255813953488,39102,0,30,0,0.362295158180165,1302.54545454545,1,0,0.85680841832488
1,Causal-v3,perm 30%,sparse4,Stressed,1.50741744684597,0.40539022170135,2.11630064291218,NaN,8.72790697674419,20096,8957,30,0,0.40539022170135,602.272727272727,1,0,0.794451844338976
2,Causal-v3,perm 30%,sparse4,Stressed,1.50628333727039,0.297878262378503,2.16970150264037,NaN,8.2693023255814,20312,9298,30,0,0.297878262378503,613.363636363636,1,0,0.760379445582519
3,Causal-v3,perm 30%,sparse4,Stressed,1.4064361802585,0.352439635979248,2.13421624642391,NaN,8.20906976744186,21895,10596,30,0,0.352439635979248,661,1,0,0.85680841832488
1,P10,burst 2s,sparse4,Stressed,0.418629603454915,0.213321654547356,0.707200942598502,4.92,0.863488372093024,25800,0,30,1,0.290483509871669,860,1,0,0.794451844338976
2,P10,burst 2s,sparse4,Stressed,0.412648958248988,0.217442931876016,0.698101882454076,4.76,0.83093023255814,25800,0,30,1,0.293885216979562,860,1,0,0.760379445582519
3,P10,burst 2s,sparse4,Stressed,0.41329248841997,0.219058209374601,0.697068343445474,5.32,0.834418604651163,25800,0,30,1,0.32674780598184,860,1,0,0.85680841832488
1,P20,burst 2s,sparse4,Stressed,0.327764053925839,0.302357025675328,0.597679548912728,4.78,0.771162790697674,51600,0,30,0,0.362291683495054,1720,1,0,0.794451844338976
2,P20,burst 2s,sparse4,Stressed,0.325677565046038,0.297918849255094,0.584364659541962,4.78,0.741395348837209,51600,0,30,0,0.356747552576614,1720,1,0,0.760379445582519
3,P20,burst 2s,sparse4,Stressed,0.323991312060849,0.296721200470466,0.573602648240463,4.76,0.75046511627907,51600,0,30,0,0.388256641683161,1720,1,0,0.85680841832488
1,State-event,burst 2s,sparse4,Stressed,0.687019777995544,0.0163355823533744,1.06195905260724,3.54,1.24441860465116,10430,0,30,1,0.109107163810147,1304.5,1,0,0.794451844338976
2,State-event,burst 2s,sparse4,Stressed,0.686186315774266,0.0315304900531185,1.05379578128372,4.5,1.13209302325581,10356,0,30,1,0.0888686734027478,1246.5,1,0,0.760379445582519
3,State-event,burst 2s,sparse4,Stressed,0.690477593046718,0.0264275578699867,1.02255037359911,2.96,1.19279069767442,10283,0,30,1,0.129081527943168,1258,1,0,0.85680841832488
1,Causal-v3,burst 2s,sparse4,Stressed,0.350204384007596,0.273027937791385,0.629580697062019,5.1,0.796976744186047,43396,25403,30,0,0.348465288011125,1154.5,1,0,0.794451844338976
2,Causal-v3,burst 2s,sparse4,Stressed,0.347641723587655,0.276729474074333,0.618571978966993,5.14,0.782325581395349,43392,25568,30,0,0.344467996656677,1160.5,1,0,0.760379445582519
3,Causal-v3,burst 2s,sparse4,Stressed,0.345980288058535,0.277938434387455,0.616095582520535,5.24,0.77093023255814,43576,25728,30,0,0.371181193814602,1172.5,1,0,0.85680841832488
1,P10,burst 5s,sparse4,Stressed,0.52136170778066,0.111993522871144,1.09274871168279,5.42,1.70186046511628,25800,0,30,1,0.259375969933042,860,1,0,0.794451844338976
2,P10,burst 5s,sparse4,Stressed,0.515809629104697,0.110824964345689,1.14014273250186,5.26,1.65186046511628,25800,0,30,1,0.248900000640802,860,1,0,0.760379445582519
3,P10,burst 5s,sparse4,Stressed,0.504602298101079,0.097845227675097,1.08765700464077,5.54,1.6553488372093,25800,0,30,1,0.173133221566365,860,1,0,0.85680841832488
1,P20,burst 5s,sparse4,Stressed,0.439166038705827,0.0924894666772084,1.0240194522372,5.12,1.60581395348837,51600,0,30,1,0.149983597200867,1720,1,0,0.794451844338976
2,P20,burst 5s,sparse4,Stressed,0.435526791384649,0.102786990504412,1.04458846254944,5.04,1.55186046511628,51600,0,30,1,0.149556922906425,1720,1,0,0.760379445582519
3,P20,burst 5s,sparse4,Stressed,0.426652694241606,0.0715286498722211,1.00800709038638,5.12,1.56255813953488,51600,0,30,1,0.0802470055242665,1720,1,0,0.85680841832488
1,State-event,burst 5s,sparse4,Stressed,0.754913650971352,0.0274217776868879,1.38538095390546,4.32,2.12116279069767,13781,0,30,1,0.0967708603516112,1328.6,1,0,0.794451844338976
2,State-event,burst 5s,sparse4,Stressed,0.736926963370385,0.0527767045395141,1.29419977802929,4.08,1.95558139534884,13579,0,30,1,0.0748627624088542,1277.4,1,0,0.760379445582519
3,State-event,burst 5s,sparse4,Stressed,0.754787533041222,0.0631940011281811,1.31981024041108,4.56,2.08232558139535,13513,0,30,1,0.0631940011281811,1284.6,1,0,0.85680841832488
1,Causal-v3,burst 5s,sparse4,Stressed,0.457516325087967,0.110953698685853,1.05668422438638,4.72,1.77023255813954,43066,24814,30,1,0.177021285733871,844,1,0,0.794451844338976
2,Causal-v3,burst 5s,sparse4,Stressed,0.4535097505124,0.120553808249836,1.05578007292892,4.76,1.66767441860465,43111,25146,30,1,0.168349720086641,859,1,0,0.760379445582519
3,Causal-v3,burst 5s,sparse4,Stressed,0.447742739126617,0.0935869155267837,1.05319556787333,4.88,1.61279069767442,43206,25209,30,1,0.0962860795626092,892,1,0,0.85680841832488
