seed,packetLoss,delay,RMSE,MAXERR,MINFULL,MINEVAL,PDR,AOI,SAFETYFAIL,FORMATIONFAIL
1,0,0,0.0345249153681788,0.0454982947248595,0.266728553617213,0.554876179588722,1,0.0499636693914622,0,0
2,0,0,0.0345249153681788,0.0454982947248595,0.266728553617213,0.554876179588722,1,0.0499636693914622,0,0
3,0,0,0.0345249153681788,0.0454982947248595,0.266728553617213,0.554876179588722,1,0.0499636693914622,0,0
4,0,0,0.0345249153681788,0.0454982947248595,0.266728553617213,0.554876179588722,1,0.0499636693914622,0,0
5,0,0,0.0345249153681788,0.0454982947248595,0.266728553617213,0.554876179588722,1,0.0499636693914622,0,0
6,0,0,0.0345249153681788,0.0454982947248595,0.266728553617213,0.554876179588722,1,0.0499636693914622,0,0
7,0,0,0.0345249153681788,0.0454982947248595,0.266728553617213,0.554876179588722,1,0.0499636693914622,0,0
8,0,0,0.0345249153681788,0.0454982947248595,0.266728553617213,0.554876179588722,1,0.0499636693914622,0,0
9,0,0,0.0345249153681788,0.0454982947248595,0.266728553617213,0.554876179588722,1,0.0499636693914622,0,0
10,0,0,0.0345249153681788,0.0454982947248595,0.266728553617213,0.554876179588722,1,0.0499636693914622,0,0
11,0,0,0.0345249153681788,0.0454982947248595,0.266728553617213,0.554876179588722,1,0.0499636693914622,0,0
12,0,0,0.0345249153681788,0.0454982947248595,0.266728553617213,0.554876179588722,1,0.0499636693914622,0,0
13,0,0,0.0345249153681788,0.0454982947248595,0.266728553617213,0.554876179588722,1,0.0499636693914622,0,0
14,0,0,0.0345249153681788,0.0454982947248595,0.266728553617213,0.554876179588722,1,0.0499636693914622,0,0
15,0,0,0.0345249153681788,0.0454982947248595,0.266728553617213,0.554876179588722,1,0.0499636693914622,0,0
16,0,0,0.0345249153681788,0.0454982947248595,0.266728553617213,0.554876179588722,1,0.0499636693914622,0,0
17,0,0,0.0345249153681788,0.0454982947248595,0.266728553617213,0.554876179588722,1,0.0499636693914622,0,0
18,0,0,0.0345249153681788,0.0454982947248595,0.266728553617213,0.554876179588722,1,0.0499636693914622,0,0
19,0,0,0.0345249153681788,0.0454982947248595,0.266728553617213,0.554876179588722,1,0.0499636693914622,0,0
20,0,0,0.0345249153681788,0.0454982947248595,0.266728553617213,0.554876179588722,1,0.0499636693914622,0,0
1,0.2,0,0.050691991209392,0.0701554894460267,0.266256945933262,0.535153498817532,0.793611111111111,0.0779685134726007,0,0
2,0.2,0,0.0478001165299882,0.0667160985380142,0.266587387971305,0.53507400111763,0.803333333333333,0.0741462306993643,0,0
3,0.2,0,0.0499529758768444,0.0732061668029828,0.26453061139627,0.536414700439528,0.804166666666667,0.0750620647895853,0,0
4,0.2,0,0.0473352010307438,0.0668873434366989,0.265843920074345,0.539551030616557,0.819166666666667,0.071474417196488,0,0
5,0.2,0,0.0499755008671631,0.0728571301555694,0.268227810434062,0.53536775769965,0.789444444444444,0.0777641537995762,0,0
6,0.2,0,0.0509798431353748,0.0734699462489845,0.263289094565765,0.527502029463308,0.793888888888889,0.0763109294580685,0,0
7,0.2,0,0.0496060294989628,0.0712296537513839,0.268730884830215,0.536556014029432,0.792222222222222,0.0755691795337573,0,0
8,0.2,0,0.0491727193402707,0.0696693296855509,0.263302870998625,0.537411120623182,0.793611111111111,0.0747971541023312,0,0
9,0.2,0,0.0485288852533917,0.0680774188161185,0.259030372116132,0.540235008471661,0.798611111111111,0.0757129881925523,0,0
10,0.2,0,0.0481002978051919,0.0682477666777776,0.267929843667421,0.535734374811185,0.811944444444444,0.0728822282773237,0,0
11,0.2,0,0.0480907972741616,0.0678145994999955,0.266037081197843,0.532687512406146,0.805833333333333,0.0741008174386921,0,0
12,0.2,0,0.0489500412427172,0.0699330755792309,0.26497383581157,0.539081156240492,0.804722222222222,0.0750696336663639,0,0
13,0.2,0,0.0503835487513985,0.0694613347066982,0.252119314109135,0.533822901169182,0.802222222222222,0.0761292764153801,0,0
14,0.2,0,0.0486899004874524,0.068719190373153,0.259440229273186,0.540026741940025,0.802777777777778,0.0739645776566758,0,0
15,0.2,0,0.0474160393704755,0.0644242538860221,0.264661140527126,0.54252887029519,0.815277777777778,0.0728368150166516,0,0
16,0.2,0,0.0482655935590456,0.0678038460802521,0.254581476860443,0.539841953571244,0.813055555555556,0.0738434756282169,0,0
17,0.2,0,0.0476990395789391,0.0653748371680261,0.249958630229224,0.540146687055559,0.799166666666667,0.0742294883439298,0,0
18,0.2,0,0.0485121503477855,0.0692939454702735,0.267592669436343,0.531436729999139,0.805,0.0746230699364215,0,0
19,0.2,0,0.04866159227198,0.0727544298740183,0.264167832828047,0.542209312910449,0.803333333333333,0.0745322434150772,0,0
20,0.2,0,0.0492771241371455,0.0713368514820717,0.259687154259065,0.536767689522153,0.799444444444444,0.0754026642446261,0,0
1,0.4,0,0.0720085052668517,0.102754495748197,0.249226235117824,0.506689129839972,0.616944444444445,0.112792915531335,0,0
2,0.4,0,0.0751327861243003,0.113299326971851,0.236009259080399,0.504235029743564,0.610277777777778,0.114866787768695,0,0
3,0.4,0,0.0771032631697509,0.112781971957782,0.261701033652868,0.49820150580193,0.592222222222222,0.120142294883439,0,0
4,0.4,0,0.0736536600449786,0.101114957883716,0.26548313575472,0.509892456295296,0.601944444444444,0.116895246745383,0,0
5,0.4,0,0.0699038592949735,0.0969163978189355,0.260802155491898,0.510802523533877,0.602222222222222,0.111559188616409,0,0
6,0.4,0,0.0758750926662067,0.116216128986864,0.257568719571771,0.497466097409156,0.595277777777778,0.119665455646382,0,0
7,0.4,0,0.0757364093590864,0.121949658926582,0.260670932293185,0.501661490022719,0.595,0.118083560399637,0,0
8,0.4,0,0.0735534096580172,0.119180452379365,0.253956509607705,0.481922309977322,0.6025,0.121103542234332,0,0
9,0.4,0,0.0766651025359132,0.121971826217914,0.254965492340969,0.508498501246501,0.593333333333333,0.119854677565849,0,0
10,0.4,0,0.0773640893651481,0.124411784724092,0.264121965578629,0.501868853379743,0.594722222222222,0.119022101120194,0,0
11,0.4,0,0.0769877350917809,0.112724885863199,0.259376879994984,0.494593077303912,0.590555555555556,0.116244323342416,0,0
12,0.4,0,0.0757213040992468,0.115800505267845,0.260356822605408,0.484628134639946,0.594166666666667,0.119673024523161,0,0
13,0.4,0,0.0727775260228177,0.113017762962696,0.257541926492262,0.487276829511894,0.602777777777778,0.115812897366031,0,0
14,0.4,0,0.0743874107091795,0.105349181179423,0.279780829316989,0.504222445871999,0.596388888888889,0.115631244323342,0,0
15,0.4,0,0.0749186884846374,0.118306907415985,0.249604212958587,0.497400576237161,0.59,0.116819557977596,0,0
16,0.4,0,0.0782739691351844,0.111537213819652,0.248713553216014,0.490857919028052,0.592222222222222,0.120339085679685,0,0
17,0.4,0,0.0752831871664727,0.112906078234157,0.239498358971399,0.500138355103057,0.595833333333333,0.118446866485014,0,0
18,0.4,0,0.0762475107998352,0.108989399787579,0.221998702067429,0.497252054407644,0.589444444444444,0.122314562518922,0,0
19,0.4,0,0.0715684946485387,0.104493501476948,0.248724772633366,0.49941608366048,0.603888888888889,0.11282319103845,0,0
20,0.4,0,0.070831534139972,0.111970848777335,0.249125368267891,0.495450080864063,0.6175,0.109576142900394,0,0
1,0.6,0,0.128877394321689,0.190424723788376,0.244406270512962,0.444422464099942,0.390833333333333,0.215381471389646,0,1
2,0.6,0,0.119300471909754,0.184304354563653,0.214838219085748,0.437796225344055,0.412222222222222,0.187497729336966,0,1
3,0.6,0,0.124682350629847,0.187114921898563,0.245080502730552,0.448122698612724,0.401666666666667,0.197602179836512,0,1
4,0.6,0,0.118858698482278,0.188645915914378,0.260768865470194,0.414569370219483,0.408055555555556,0.194415682712685,0,1
5,0.6,0,0.13438890987714,0.266424319319591,0.244667486849968,0.42987324553308,0.394444444444444,0.209803209203754,0,1
6,0.6,0,0.121362691266741,0.189203845511753,0.265193762170693,0.440002337454265,0.401666666666667,0.196845292158644,0,1
7,0.6,0,0.12078100863219,0.170842584892307,0.236291612678914,0.432649304888245,0.404722222222222,0.198063881320012,0,1
8,0.6,0,0.124692140654279,0.188138553634295,0.207755227918477,0.457791548676429,0.401666666666667,0.194809264305177,0,1
9,0.6,0,0.119859384770677,0.185662073361865,0.224738142629679,0.417372943028668,0.4025,0.190252800484408,0,1
10,0.6,0,0.12312307591548,0.202070898764532,0.254667908681639,0.445954093209137,0.399722222222222,0.205610051468362,0,1
11,0.6,0,0.123939636158823,0.196777744061504,0.252942719345493,0.416712889174778,0.395,0.196973963063881,0,1
12,0.6,0,0.129771764973605,0.192542065911216,0.258707604393806,0.434949615302438,0.391666666666667,0.208024523160763,0,1
13,0.6,0,0.120429271364834,0.174743885478088,0.197669268104407,0.444489240497188,0.413888888888889,0.186521344232516,0,1
14,0.6,0,0.12883894874777,0.215131240427213,0.223471319745755,0.429819108136013,0.406666666666667,0.202786860429912,0,1
15,0.6,0,0.12857855320719,0.211609098236073,0.170859133856921,0.423755728768101,0.400555555555556,0.203884347562822,0,1
16,0.6,0,0.126089672325468,0.225154505818585,0.227394500168561,0.422757124356813,0.406388888888889,0.208085074174992,0,1
17,0.6,0,0.129740257787351,0.209782725751028,0.205205130730232,0.44832772289116,0.387777777777778,0.214306690887072,0,1
18,0.6,0,0.127564114984892,0.204241392839841,0.247622394112371,0.421031345174898,0.401666666666667,0.199501967907962,0,1
19,0.6,0,0.124971065395328,0.182309978115229,0.238509623439466,0.425263066500451,0.391666666666667,0.202665758401453,0,1
20,0.6,0,0.129823303666123,0.254159133811074,0.244704074004761,0.426636344710997,0.389166666666667,0.211559188616409,0,1
1,0,0.04,0.0552053604518939,0.0699824921814772,0.259878434358273,0.530134202701822,1,0.0900181653042693,0,0
2,0,0.04,0.0552053604518939,0.0699824921814772,0.259878434358273,0.530134202701822,1,0.0900181653042693,0,0
3,0,0.04,0.0552053604518939,0.0699824921814772,0.259878434358273,0.530134202701822,1,0.0900181653042693,0,0
4,0,0.04,0.0552053604518939,0.0699824921814772,0.259878434358273,0.530134202701822,1,0.0900181653042693,0,0
5,0,0.04,0.0552053604518939,0.0699824921814772,0.259878434358273,0.530134202701822,1,0.0900181653042693,0,0
6,0,0.04,0.0552053604518939,0.0699824921814772,0.259878434358273,0.530134202701822,1,0.0900181653042693,0,0
7,0,0.04,0.0552053604518939,0.0699824921814772,0.259878434358273,0.530134202701822,1,0.0900181653042693,0,0
8,0,0.04,0.0552053604518939,0.0699824921814772,0.259878434358273,0.530134202701822,1,0.0900181653042693,0,0
9,0,0.04,0.0552053604518939,0.0699824921814772,0.259878434358273,0.530134202701822,1,0.0900181653042693,0,0
10,0,0.04,0.0552053604518939,0.0699824921814772,0.259878434358273,0.530134202701822,1,0.0900181653042693,0,0
11,0,0.04,0.0552053604518939,0.0699824921814772,0.259878434358273,0.530134202701822,1,0.0900181653042693,0,0
12,0,0.04,0.0552053604518939,0.0699824921814772,0.259878434358273,0.530134202701822,1,0.0900181653042693,0,0
13,0,0.04,0.0552053604518939,0.0699824921814772,0.259878434358273,0.530134202701822,1,0.0900181653042693,0,0
14,0,0.04,0.0552053604518939,0.0699824921814772,0.259878434358273,0.530134202701822,1,0.0900181653042693,0,0
15,0,0.04,0.0552053604518939,0.0699824921814772,0.259878434358273,0.530134202701822,1,0.0900181653042693,0,0
16,0,0.04,0.0552053604518939,0.0699824921814772,0.259878434358273,0.530134202701822,1,0.0900181653042693,0,0
17,0,0.04,0.0552053604518939,0.0699824921814772,0.259878434358273,0.530134202701822,1,0.0900181653042693,0,0
18,0,0.04,0.0552053604518939,0.0699824921814772,0.259878434358273,0.530134202701822,1,0.0900181653042693,0,0
19,0,0.04,0.0552053604518939,0.0699824921814772,0.259878434358273,0.530134202701822,1,0.0900181653042693,0,0
20,0,0.04,0.0552053604518939,0.0699824921814772,0.259878434358273,0.530134202701822,1,0.0900181653042693,0,0
1,0.2,0.04,0.0702610608307057,0.0935067462179702,0.254513688620532,0.510086427228665,0.794166666666667,0.115873448380261,0,0
2,0.2,0.04,0.0690142126437233,0.0960141577424172,0.255506002961431,0.513441884718463,0.801944444444444,0.113814713896458,0,0
3,0.2,0.04,0.0701801522035565,0.0972220727698928,0.231753615655071,0.514240116764144,0.790555555555556,0.116433545261883,0,0
4,0.2,0.04,0.0716335217585688,0.104792553197257,0.258402996679426,0.508133650300045,0.794166666666667,0.114488343929761,0,0
5,0.2,0.04,0.0717309165328066,0.0954756191648499,0.259992289049644,0.505090781888821,0.791666666666667,0.117008779897063,0,0
6,0.2,0.04,0.0708875400849526,0.0941092888970076,0.258683283126651,0.50740483114031,0.805,0.115434453527097,0,0
7,0.2,0.04,0.07101334627857,0.0928639030339788,0.253129566553809,0.511048581194797,0.798333333333333,0.115290644868302,0,0
8,0.2,0.04,0.0694731391679349,0.0933473469060128,0.260131172911609,0.50731412319063,0.801944444444444,0.113807145019679,0,0
9,0.2,0.04,0.0714372062723391,0.100403731301444,0.259816243555562,0.508535823256357,0.791944444444444,0.117826218589161,0,0
10,0.2,0.04,0.0703571178769759,0.0930540043140188,0.257997284500445,0.50905710676359,0.804722222222222,0.113617923100212,0,0
11,0.2,0.04,0.0729422490330763,0.0979385554188569,0.244255535819006,0.507998943584282,0.788333333333333,0.117440205873448,0,0
12,0.2,0.04,0.0708254357436131,0.0970210717150165,0.25450037559089,0.504392963572802,0.795,0.115547986678777,0,0
13,0.2,0.04,0.0691097848071291,0.0931117972896903,0.262656111794418,0.512999708079457,0.8075,0.113065395095368,0,0
14,0.2,0.04,0.0718757206406918,0.096460153508697,0.257793244509956,0.509293195522825,0.786666666666667,0.117508325764457,0,0
15,0.2,0.04,0.070289433868311,0.0957322212624852,0.256977926649707,0.511627669520692,0.801666666666667,0.113633060853769,0,0
16,0.2,0.04,0.0707594167999557,0.0931437625773353,0.262632696655851,0.512824341559376,0.796388888888889,0.115828035119588,0,0
17,0.2,0.04,0.070849419372626,0.107249109123023,0.260459619530208,0.514645765913067,0.802222222222222,0.115116560702392,0,0
18,0.2,0.04,0.0704111913124215,0.092863116439945,0.257425359212824,0.50826848139235,0.793333333333333,0.115986981531941,0,0
19,0.2,0.04,0.0695576459306308,0.09526630992771,0.257368098350904,0.517011765274075,0.800277777777778,0.114473206176204,0,0
20,0.2,0.04,0.0690669550747782,0.0916218160315442,0.254081368307222,0.509894416254954,0.803055555555556,0.113564940962761,0,0
1,0.4,0.04,0.0921261687656881,0.122607954040571,0.219196570893073,0.483402028600208,0.615833333333333,0.153589161368453,0,0
2,0.4,0.04,0.0955080403898973,0.131004320971323,0.25634001125336,0.477274344988451,0.592222222222222,0.159023614895549,0,0
3,0.4,0.04,0.0953874704723779,0.145701373787544,0.263719085218582,0.484227059694197,0.594722222222222,0.157835301241296,0,0
4,0.4,0.04,0.0903641951632286,0.118426244367819,0.258094400622425,0.491980218991175,0.615833333333333,0.151023312140478,0,0
5,0.4,0.04,0.0973563800848152,0.132001512484972,0.246016877722189,0.48297356145224,0.584722222222222,0.159477747502271,0,0
6,0.4,0.04,0.094999487852707,0.129956298368393,0.25941506236592,0.474483087604598,0.606666666666667,0.15545110505601,0,0
7,0.4,0.04,0.0953797095153562,0.136127355914625,0.244784111928192,0.476385292823354,0.597777777777778,0.156223130487436,0,0
8,0.4,0.04,0.0990678580864417,0.139752205013369,0.250992704745224,0.478571940009863,0.58,0.163428701180745,0,0
9,0.4,0.04,0.0925802625629898,0.135074902521581,0.240560924478622,0.481564862088745,0.600555555555556,0.151833181955798,0,0
10,0.4,0.04,0.0955346538300935,0.131788063150328,0.259761008071002,0.484619502382226,0.603888888888889,0.154255222524977,0,0
11,0.4,0.04,0.0935871120987235,0.154109135525976,0.256954426792732,0.446598966107049,0.6075,0.151961852861036,0,0
12,0.4,0.04,0.0966769550200582,0.132389778811461,0.258492450933839,0.477820941419956,0.602222222222222,0.158153194066001,0,0
13,0.4,0.04,0.0936053724999689,0.129419238612242,0.242337963235976,0.483448204343173,0.616111111111111,0.153339388434756,0,0
14,0.4,0.04,0.0937498360790148,0.136252341467419,0.22676549187749,0.474730457165153,0.598333333333333,0.154058431728732,0,0
15,0.4,0.04,0.0978656864282123,0.138151053596842,0.255858383653921,0.469047421702439,0.606111111111111,0.157714199212837,0,0
16,0.4,0.04,0.0993022353756918,0.15943671939441,0.237235987834233,0.466447541154311,0.598888888888889,0.159644262791402,0,0
17,0.4,0.04,0.0906559906783628,0.123499772388412,0.252893514764091,0.494914724153799,0.621666666666667,0.148222827732364,0,0
18,0.4,0.04,0.0940870252318684,0.130603414456013,0.253884191506535,0.474687616831205,0.614444444444444,0.15072812594611,0,0
19,0.4,0.04,0.101087816014794,0.141301415507044,0.249798012631995,0.460111938807932,0.585,0.163534665455646,0,1
20,0.4,0.04,0.0922433435694056,0.127181990196149,0.255203214028092,0.475325263359012,0.601944444444444,0.154633666363912,0,0
1,0.6,0.04,0.144400796855325,0.208245207762584,0.245824905024688,0.391787205735559,0.403888888888889,0.235272479564033,0,1
2,0.6,0.04,0.137948377776293,0.18700532119313,0.199084038434301,0.436476437918497,0.412777777777778,0.224062973054799,0,1
3,0.6,0.04,0.147623334626878,0.229479902803289,0.216799150259187,0.37178315933482,0.401388888888889,0.238292461398728,0,1
4,0.6,0.04,0.143599243984667,0.197784586459055,0.232213263316283,0.411798937023891,0.399166666666667,0.237898879806237,0,1
5,0.6,0.04,0.142788623387587,0.195849670125054,0.235997409268255,0.429045413335006,0.406944444444444,0.240434453527097,0,1
6,0.6,0.04,0.147543349634534,0.206781587537451,0.249062573226048,0.422171983468392,0.383333333333333,0.247110202845898,0,1
7,0.6,0.04,0.154346114286668,0.266707962126331,0.248855952018299,0.410203993053596,0.388055555555556,0.241584922797457,0,1
8,0.6,0.04,0.151636156552007,0.245979823333608,0.21735397282389,0.408785964103958,0.396944444444444,0.244059945504087,0,1
9,0.6,0.04,0.14298166004585,0.203162991972331,0.203342253539362,0.426069766473139,0.392222222222222,0.236657584014532,0,1
10,0.6,0.04,0.151452101816091,0.225846178854097,0.245516040874681,0.388072231756681,0.396111111111111,0.252696033908568,0,1
11,0.6,0.04,0.152168314093481,0.222960110651171,0.19878988981058,0.397909058511322,0.3925,0.244082652134423,0,1
12,0.6,0.04,0.141103850639935,0.231936350966039,0.24874536611303,0.400498229156236,0.404444444444444,0.234621556161066,0,1
13,0.6,0.04,0.15120495188818,0.239439867956986,0.190289827075181,0.370768549868035,0.401111111111111,0.239125037844384,0,1
14,0.6,0.04,0.143831389372058,0.212907184563736,0.248020779295889,0.422718181913778,0.401666666666667,0.240752346351801,0,1
15,0.6,0.04,0.14551664226929,0.191073379505387,0.188055379642714,0.414739149284806,0.3975,0.236869512564336,0,1
16,0.6,0.04,0.147122163551605,0.238392891258512,0.243065356998838,0.398766681345813,0.404444444444444,0.234000908265213,0,1
17,0.6,0.04,0.154977327718213,0.224520946554669,0.245892283106142,0.394282811720023,0.3975,0.24726914925825,0,1
18,0.6,0.04,0.15030592390892,0.217324400126842,0.244441231150319,0.394886285182669,0.391666666666667,0.241736300333031,0,1
19,0.6,0.04,0.16232319318752,0.248099070646618,0.263496558961008,0.411955780628869,0.388888888888889,0.266789282470481,0,1
20,0.6,0.04,0.142437317400266,0.217407533336532,0.225492407434842,0.42930917578597,0.397222222222222,0.238481683318195,0,1
1,0,0.08,0.0802955028277136,0.101327341537748,0.254010216789875,0.499094905633904,1,0.129981834695732,0,0
2,0,0.08,0.0802955028277136,0.101327341537748,0.254010216789875,0.499094905633904,1,0.129981834695732,0,0
3,0,0.08,0.0802955028277136,0.101327341537748,0.254010216789875,0.499094905633904,1,0.129981834695732,0,0
4,0,0.08,0.0802955028277136,0.101327341537748,0.254010216789875,0.499094905633904,1,0.129981834695732,0,0
5,0,0.08,0.0802955028277136,0.101327341537748,0.254010216789875,0.499094905633904,1,0.129981834695732,0,0
6,0,0.08,0.0802955028277136,0.101327341537748,0.254010216789875,0.499094905633904,1,0.129981834695732,0,0
7,0,0.08,0.0802955028277136,0.101327341537748,0.254010216789875,0.499094905633904,1,0.129981834695732,0,0
8,0,0.08,0.0802955028277136,0.101327341537748,0.254010216789875,0.499094905633904,1,0.129981834695732,0,0
9,0,0.08,0.0802955028277136,0.101327341537748,0.254010216789875,0.499094905633904,1,0.129981834695732,0,0
10,0,0.08,0.0802955028277136,0.101327341537748,0.254010216789875,0.499094905633904,1,0.129981834695732,0,0
11,0,0.08,0.0802955028277136,0.101327341537748,0.254010216789875,0.499094905633904,1,0.129981834695732,0,0
12,0,0.08,0.0802955028277136,0.101327341537748,0.254010216789875,0.499094905633904,1,0.129981834695732,0,0
13,0,0.08,0.0802955028277136,0.101327341537748,0.254010216789875,0.499094905633904,1,0.129981834695732,0,0
14,0,0.08,0.0802955028277136,0.101327341537748,0.254010216789875,0.499094905633904,1,0.129981834695732,0,0
15,0,0.08,0.0802955028277136,0.101327341537748,0.254010216789875,0.499094905633904,1,0.129981834695732,0,0
16,0,0.08,0.0802955028277136,0.101327341537748,0.254010216789875,0.499094905633904,1,0.129981834695732,0,0
17,0,0.08,0.0802955028277136,0.101327341537748,0.254010216789875,0.499094905633904,1,0.129981834695732,0,0
18,0,0.08,0.0802955028277136,0.101327341537748,0.254010216789875,0.499094905633904,1,0.129981834695732,0,0
19,0,0.08,0.0802955028277136,0.101327341537748,0.254010216789875,0.499094905633904,1,0.129981834695732,0,0
20,0,0.08,0.0802955028277136,0.101327341537748,0.254010216789875,0.499094905633904,1,0.129981834695732,0,0
1,0.2,0.08,0.0948882796760391,0.124293297265917,0.238892261915538,0.484169091434836,0.8025,0.154391462306994,0,0
2,0.2,0.08,0.0963255206775368,0.127604408915107,0.250243276234105,0.472547942790022,0.796111111111111,0.155254314259764,0,0
3,0.2,0.08,0.0957699128907054,0.125541367256761,0.254456510828713,0.480339363624619,0.801944444444444,0.154694217378141,0,0
4,0.2,0.08,0.094530895483526,0.121538545355196,0.254934731700852,0.478641058347856,0.801944444444444,0.153180442022404,0,0
5,0.2,0.08,0.097322791877677,0.135935739188939,0.256266752036747,0.469922917295646,0.794722222222222,0.155526793823797,0,0
6,0.2,0.08,0.0944908937127172,0.127266222920295,0.249841267106414,0.480567299124632,0.816111111111111,0.152832273690584,0,0
7,0.2,0.08,0.0959125685587744,0.124736813056782,0.24219713106953,0.480039629042635,0.79,0.156503178928247,0,0
8,0.2,0.08,0.0955824223978212,0.132735597955222,0.257344890184054,0.483123528523691,0.793333333333333,0.155080230093854,0,0
9,0.2,0.08,0.09585499977979,0.128823336033719,0.248570537513157,0.477584493322589,0.803333333333333,0.155352709657887,0,0
10,0.2,0.08,0.0940742760947752,0.123350669643785,0.248652758040225,0.485046059499289,0.810833333333333,0.15470178625492,0,0
11,0.2,0.08,0.0953945497075436,0.125517038328218,0.238475177995127,0.475941360146041,0.802777777777778,0.154580684226461,0,0
12,0.2,0.08,0.0957240579633886,0.124322444985946,0.255700422968399,0.479253953473815,0.800833333333333,0.155261883136543,0,0
13,0.2,0.08,0.0950203336085353,0.124521697906382,0.231488020364785,0.482452111673681,0.806666666666667,0.152938237965486,0,0
14,0.2,0.08,0.096438394974707,0.124191993178146,0.249076150941758,0.479630177512727,0.79,0.155443536179231,0,0
15,0.2,0.08,0.0963900353340374,0.133092544554217,0.255715025209653,0.475518269005734,0.794722222222222,0.155716015743264,0,0
16,0.2,0.08,0.0954091703459364,0.129252740470161,0.24527172322038,0.470792798620905,0.8025,0.154391462306994,0,0
17,0.2,0.08,0.0952383027923628,0.125798193817919,0.259362877505849,0.480187105150733,0.7975,0.154058431728732,0,0
18,0.2,0.08,0.0955245448849703,0.130626664384141,0.247687024048231,0.469715824426469,0.798888888888889,0.155269452013321,0,0
19,0.2,0.08,0.0949238407434466,0.125609080868076,0.257639479225077,0.483546814878234,0.801944444444444,0.154179533757191,0,0
20,0.2,0.08,0.0969690967974625,0.133456352530601,0.250920946669433,0.467930250533883,0.79,0.15637450802301,0,0
1,0.4,0.08,0.122579031603773,0.171539858260541,0.247172187895471,0.431304884391395,0.595277777777778,0.19922948834393,0,1
2,0.4,0.08,0.124509479621913,0.167384866956606,0.249768915560363,0.43384092898046,0.591388888888889,0.198745080230094,0,1
3,0.4,0.08,0.11962440475041,0.161132507739966,0.255821954228468,0.44152365524059,0.601944444444444,0.194120496518317,0,1
4,0.4,0.08,0.123713094761191,0.169047291546959,0.228530929754203,0.440232313189584,0.594722222222222,0.19980472297911,0,1
5,0.4,0.08,0.122447897939018,0.163872942287338,0.249781679647689,0.439864201112512,0.591944444444444,0.198495307296397,0,1
6,0.4,0.08,0.123892591300044,0.187798347820165,0.241713205371974,0.436273471571845,0.603888888888889,0.197761126248865,0,1
7,0.4,0.08,0.121263429874603,0.171221981089353,0.250891509090927,0.444924893569596,0.598888888888889,0.193999394489858,0,1
8,0.4,0.08,0.12516298868878,0.217228858189267,0.250238263149539,0.454016038198176,0.604444444444444,0.197314562518922,0,1
9,0.4,0.08,0.119083560491863,0.16658100193169,0.251536478389653,0.442673790482139,0.597777777777778,0.196398728428701,0,1
10,0.4,0.08,0.120900099528831,0.169079504529536,0.24739750120141,0.438305674398706,0.6025,0.197231304874357,0,1
11,0.4,0.08,0.123111438371843,0.170317593092959,0.246783299139103,0.4475027881051,0.579722222222222,0.20159097789888,0,1
12,0.4,0.08,0.122174919449773,0.160512573419217,0.2452157537377,0.446020926414364,0.592777777777778,0.199570087798971,0,1
13,0.4,0.08,0.117975039027121,0.157428035657039,0.223978921948204,0.447356485783571,0.616944444444445,0.191562216167121,0,1
14,0.4,0.08,0.122981451280799,0.167797884431797,0.199738494256002,0.440754380318974,0.588055555555556,0.199948531637905,0,1
15,0.4,0.08,0.121450871353007,0.166984495342482,0.190020637695986,0.443163599827468,0.595,0.195202845897669,0,1
16,0.4,0.08,0.123004484601834,0.163560359265298,0.242117457594982,0.446588946599273,0.599444444444444,0.198154707841356,0,1
17,0.4,0.08,0.120632304832487,0.16768796813179,0.26025858334821,0.450788215095966,0.602777777777778,0.194953072963972,0,1
18,0.4,0.08,0.121468634966539,0.166356408730666,0.248445040035481,0.437085671608926,0.599444444444444,0.198608840448078,0,1
19,0.4,0.08,0.116875622989678,0.159198584078932,0.221194992434269,0.454602541882902,0.613888888888889,0.192788374205268,0,1
20,0.4,0.08,0.118011568231077,0.158959947102178,0.25419343558814,0.442384298624437,0.610277777777778,0.193060853769301,0,1
1,0.6,0.08,0.172801101281917,0.27900938897238,0.232639713147811,0.383521785508559,0.413333333333333,0.27186799878898,0,1
2,0.6,0.08,0.172044457598963,0.261819120586365,0.245408227099636,0.375797117007786,0.391388888888889,0.282419013018468,0,1
3,0.6,0.08,0.182971453154404,0.275912584126958,0.228980561578691,0.367736794023642,0.380555555555556,0.308380260369361,0,1
4,0.6,0.08,0.173765873570056,0.275886419346576,0.232290933645517,0.38206769707434,0.397222222222222,0.287346351801393,0,1
5,0.6,0.08,0.17078087419048,0.247037246567559,0.228703542173089,0.363350695686519,0.402777777777778,0.282419013018468,0,1
6,0.6,0.08,0.169404330686541,0.250033828058844,0.190141023514734,0.364075172125014,0.396388888888889,0.278013926733273,0,1
7,0.6,0.08,0.172470468817589,0.25502960146748,0.207682814459453,0.383329661981783,0.408055555555556,0.282033000302755,0,1
8,0.6,0.08,0.17092519243889,0.270024852836739,0.240053079077129,0.415125507114184,0.401666666666667,0.27814259763851,0,1
9,0.6,0.08,0.167935312987898,0.2382014624897,0.236340067649722,0.388671036585661,0.395277777777778,0.27451710566152,0,1
10,0.6,0.08,0.169452707211495,0.295073171480581,0.249486856016467,0.374463826877757,0.396944444444444,0.276363911595519,0,1
11,0.6,0.08,0.186742130899762,0.284527433025892,0.240796675224675,0.3299364202337,0.396388888888889,0.292092037541629,0,1
12,0.6,0.08,0.169195584986904,0.262379611201318,0.245435203678162,0.346438612349439,0.408333333333333,0.270187708144111,0,1
13,0.6,0.08,0.172168176770497,0.237776638538226,0.235075150875127,0.375405306914768,0.398055555555556,0.278097184377838,0,1
14,0.6,0.08,0.162068954803489,0.238096379471995,0.22925611113651,0.395302835965893,0.414166666666667,0.262210112019376,0,1
15,0.6,0.08,0.169215876596401,0.272580818925763,0.18118389820555,0.359264482377462,0.407777777777778,0.265653950953678,0,1
16,0.6,0.08,0.172499317880431,0.250068846808062,0.242149143888045,0.391801155367467,0.404444444444444,0.281707538601272,0,1
17,0.6,0.08,0.16900674059608,0.243159964004957,0.201715072181816,0.379759683989901,0.394722222222222,0.270301241295792,0,1
18,0.6,0.08,0.175591972209414,0.258156259759314,0.21606947764305,0.394357737622073,0.394444444444444,0.281760520738722,0,1
19,0.6,0.08,0.170732720228679,0.271982059680071,0.242099416299537,0.38764632182403,0.410277777777778,0.279368755676658,0,1
20,0.6,0.08,0.170073758146732,0.268193856207732,0.239258821511983,0.35875890978289,0.390555555555556,0.272458371177717,0,1
1,0,0.12,0.105038567554341,0.133380612290599,0.247479567816624,0.468449539169445,1,0.170036330608538,0,1
2,0,0.12,0.105038567554341,0.133380612290599,0.247479567816624,0.468449539169445,1,0.170036330608538,0,1
3,0,0.12,0.105038567554341,0.133380612290599,0.247479567816624,0.468449539169445,1,0.170036330608538,0,1
4,0,0.12,0.105038567554341,0.133380612290599,0.247479567816624,0.468449539169445,1,0.170036330608538,0,1
5,0,0.12,0.105038567554341,0.133380612290599,0.247479567816624,0.468449539169445,1,0.170036330608538,0,1
6,0,0.12,0.105038567554341,0.133380612290599,0.247479567816624,0.468449539169445,1,0.170036330608538,0,1
7,0,0.12,0.105038567554341,0.133380612290599,0.247479567816624,0.468449539169445,1,0.170036330608538,0,1
8,0,0.12,0.105038567554341,0.133380612290599,0.247479567816624,0.468449539169445,1,0.170036330608538,0,1
9,0,0.12,0.105038567554341,0.133380612290599,0.247479567816624,0.468449539169445,1,0.170036330608538,0,1
10,0,0.12,0.105038567554341,0.133380612290599,0.247479567816624,0.468449539169445,1,0.170036330608538,0,1
11,0,0.12,0.105038567554341,0.133380612290599,0.247479567816624,0.468449539169445,1,0.170036330608538,0,1
12,0,0.12,0.105038567554341,0.133380612290599,0.247479567816624,0.468449539169445,1,0.170036330608538,0,1
13,0,0.12,0.105038567554341,0.133380612290599,0.247479567816624,0.468449539169445,1,0.170036330608538,0,1
14,0,0.12,0.105038567554341,0.133380612290599,0.247479567816624,0.468449539169445,1,0.170036330608538,0,1
15,0,0.12,0.105038567554341,0.133380612290599,0.247479567816624,0.468449539169445,1,0.170036330608538,0,1
16,0,0.12,0.105038567554341,0.133380612290599,0.247479567816624,0.468449539169445,1,0.170036330608538,0,1
17,0,0.12,0.105038567554341,0.133380612290599,0.247479567816624,0.468449539169445,1,0.170036330608538,0,1
18,0,0.12,0.105038567554341,0.133380612290599,0.247479567816624,0.468449539169445,1,0.170036330608538,0,1
19,0,0.12,0.105038567554341,0.133380612290599,0.247479567816624,0.468449539169445,1,0.170036330608538,0,1
20,0,0.12,0.105038567554341,0.133380612290599,0.247479567816624,0.468449539169445,1,0.170036330608538,0,1
1,0.2,0.12,0.120293740723708,0.153670995780645,0.248644408294868,0.450023604360306,0.796388888888889,0.195513169845595,0,1
2,0.2,0.12,0.12011989372743,0.156835985011679,0.245311184714827,0.450211236633327,0.806388888888889,0.194650317892825,0,1
3,0.2,0.12,0.119254937205188,0.154049125858612,0.243114619672208,0.452495938177078,0.802222222222222,0.194188616409325,0,1
4,0.2,0.12,0.122807860788633,0.173552859273914,0.238249462514052,0.443834404175331,0.793333333333333,0.196550105964275,0,1
5,0.2,0.12,0.120422461053845,0.15796585888495,0.24592355461638,0.447555047638299,0.7975,0.196270057523463,0,1
6,0.2,0.12,0.119058205986798,0.165202421543794,0.244731855759288,0.443167428521556,0.805277777777778,0.192462912503784,0,1
7,0.2,0.12,0.121476184171776,0.157198180047357,0.248101120399638,0.448521623009994,0.793055555555556,0.19669391462307,0,1
8,0.2,0.12,0.119802774324908,0.156348198030471,0.236987528952166,0.458341582153728,0.798888888888889,0.19479412655162,0,1
9,0.2,0.12,0.120952020149131,0.161003915839024,0.215187562548449,0.448102434636258,0.7925,0.195513169845595,0,1
10,0.2,0.12,0.121196801553586,0.16117513301812,0.24948155345253,0.449191860973998,0.8075,0.195414774447472,0,1
11,0.2,0.12,0.120628105074437,0.158379455227228,0.236980430227133,0.451092154715031,0.803888888888889,0.194953072963972,0,1
12,0.2,0.12,0.118990728993992,0.151969017926611,0.237899520790057,0.451630369122009,0.807777777777778,0.193620950650923,0,1
13,0.2,0.12,0.120380090624427,0.154513113688569,0.226724227678414,0.450715836880887,0.803611111111111,0.196512261580381,0,1
14,0.2,0.12,0.1200292321251,0.159119664392069,0.246794372480207,0.451361591545681,0.798611111111111,0.195006055101423,0,1
15,0.2,0.12,0.11953180704343,0.157984118850679,0.242195898155753,0.444935084183048,0.798055555555556,0.194900090826521,0,1
16,0.2,0.12,0.120899952403792,0.162206091692793,0.24285085384864,0.437879779671335,0.807222222222222,0.195581289736603,0,1
17,0.2,0.12,0.12027240023574,0.156865572312084,0.251342995960934,0.44434886584743,0.803611111111111,0.194324856191341,0,1
18,0.2,0.12,0.119256598443033,0.155605711211866,0.248768139160638,0.450665448116731,0.805555555555556,0.193431728731456,0,1
19,0.2,0.12,0.120753649884503,0.160088404710497,0.230083387190868,0.450279494257288,0.796944444444444,0.195732667272177,0,1
20,0.2,0.12,0.121648855340071,0.158497864541815,0.243552111198419,0.450270217211267,0.796111111111111,0.196224644262791,0,1
1,0.4,0.12,0.14833432841317,0.203102652924965,0.241828341140209,0.412357462481213,0.5925,0.243204662428096,0,1
2,0.4,0.12,0.149859457572714,0.202673736180223,0.242885133850158,0.425169705743452,0.609444444444444,0.242076899788072,0,1
3,0.4,0.12,0.146317784454517,0.197248670758938,0.239050255544097,0.417897925852121,0.590833333333333,0.23978353012413,0,1
4,0.4,0.12,0.147678443863402,0.207265618177296,0.238200900533762,0.429123672525686,0.593888888888889,0.24093399939449,0,1
5,0.4,0.12,0.143843178309785,0.193397792550622,0.239815808816231,0.41535370973825,0.600833333333333,0.23367544656373,0,1
6,0.4,0.12,0.143964708495796,0.191447897886706,0.239169894551419,0.422197545957806,0.611944444444444,0.232683923705722,0,1
7,0.4,0.12,0.145224398458745,0.201719779771502,0.23074390873639,0.415958240556119,0.604166666666667,0.235075688767787,0,1
8,0.4,0.12,0.14507847164834,0.197090512778011,0.23212647779252,0.426122174777521,0.605833333333333,0.235386012715713,0,1
9,0.4,0.12,0.141229867570702,0.196956199072336,0.227497955834951,0.403067268695534,0.621388888888889,0.233244020587345,0,1
10,0.4,0.12,0.151513734154944,0.212060496704349,0.231282417172857,0.410797669899985,0.588611111111111,0.243068422646079,0,1
11,0.4,0.12,0.144879571331601,0.191106206945417,0.231945110641892,0.417631566669022,0.601111111111111,0.233720859824402,0,1
12,0.4,0.12,0.147397556193465,0.202974144706135,0.241840903607759,0.399729624394079,0.592222222222222,0.239715410233121,0,1
13,0.4,0.12,0.149146692166232,0.239728197252473,0.23727532143296,0.41486571406872,0.5975,0.241463820768998,0,1
14,0.4,0.12,0.147286212718911,0.200284744569953,0.241838931893103,0.402950101385186,0.593888888888889,0.239753254617015,0,1
15,0.4,0.12,0.143745810785817,0.191754669416871,0.231951444156698,0.417323647618133,0.6075,0.236763548289434,0,1
16,0.4,0.12,0.145841126190025,0.234720756140252,0.24644017025456,0.414884910035806,0.603888888888889,0.235900696336664,0,1
17,0.4,0.12,0.147521790827625,0.202952938517961,0.243221787291559,0.402947914490623,0.589722222222222,0.2406463820769,0,1
18,0.4,0.12,0.143911652019226,0.204971545597206,0.23543459343722,0.416631612441957,0.605555555555556,0.233690584317287,0,1
19,0.4,0.12,0.146886845837245,0.21396494480554,0.228889996494795,0.405008534606067,0.604722222222222,0.236354828943385,0,1
20,0.4,0.12,0.145374607443503,0.201318818457742,0.223846744489821,0.422814055560556,0.606944444444445,0.232736905843173,0,1
1,0.6,0.12,0.192929602655458,0.274630903373757,0.222361620265162,0.325699731973442,0.403055555555556,0.316365425370875,0,1
2,0.6,0.12,0.199705727589517,0.322906930810444,0.180274845674238,0.347642895382482,0.401666666666667,0.318567968513473,0,1
3,0.6,0.12,0.189727024625484,0.263138967904071,0.187401976184328,0.369399736180343,0.404166666666667,0.311824099303663,0,1
4,0.6,0.12,0.19239911416004,0.276920939581488,0.222180462901824,0.351907432770348,0.403333333333333,0.31507114744172,0,1
5,0.6,0.12,0.198621269102419,0.299982889790579,0.19954335896577,0.342715583344413,0.4075,0.320119588253103,0,1
6,0.6,0.12,0.194082305014908,0.25941031604894,0.217387853787642,0.346767178213035,0.392222222222222,0.319324856191341,0,1
7,0.6,0.12,0.193154388754898,0.251660142362242,0.239834284359795,0.364078405507727,0.403611111111111,0.317349379352104,0,1
8,0.6,0.12,0.196374084275728,0.260217688163263,0.233416443228253,0.365152437759961,0.403611111111111,0.316660611565244,0,1
9,0.6,0.12,0.193883925525562,0.260981611278268,0.213278347546174,0.339236165359671,0.401111111111111,0.317175295186194,0,1
10,0.6,0.12,0.200601739189533,0.286114952771527,0.195630884429875,0.362537045624643,0.395277777777778,0.329315773539207,0,1
11,0.6,0.12,0.198824497079034,0.290942853456203,0.19907231960928,0.334518113366499,0.399722222222222,0.31772025431426,0,1
12,0.6,0.12,0.196140845894708,0.262741628151446,0.23348780068968,0.372329705437046,0.390277777777778,0.323964577656676,0,1
13,0.6,0.12,0.188056518791333,0.259585253676125,0.211632465878413,0.370527997006116,0.412222222222222,0.305731153496821,0,1
14,0.6,0.12,0.19592166210503,0.271252942970185,0.239706042979603,0.363746018135837,0.398333333333333,0.319188616409325,0,1
15,0.6,0.12,0.198694878664214,0.301349766305946,0.227146984043449,0.353375605338153,0.376666666666667,0.321164093248562,0,1
16,0.6,0.12,0.195419993631928,0.28708108170019,0.225401103806615,0.364659924489141,0.410555555555556,0.315086285195277,0,1
17,0.6,0.12,0.19677590120308,0.277967022280754,0.197713331703327,0.357970666390514,0.400833333333333,0.323866182258553,0,1
18,0.6,0.12,0.202829765017516,0.283702097607455,0.235377084595534,0.344666364150944,0.393333333333333,0.330799273387829,0,1
19,0.6,0.12,0.199577115351539,0.281180844916099,0.189816018736148,0.360777538573903,0.387777777777778,0.330844686648501,0,1
20,0.6,0.12,0.192422021401301,0.28595056884037,0.222918670590678,0.356173840651445,0.406944444444444,0.306624280956706,0,1
1,0,0.2,0.155871169682989,0.200583554996524,0.229908204677123,0.405333559235251,1,0.249963669391462,0,1
2,0,0.2,0.155871169682989,0.200583554996524,0.229908204677123,0.405333559235251,1,0.249963669391462,0,1
3,0,0.2,0.155871169682989,0.200583554996524,0.229908204677123,0.405333559235251,1,0.249963669391462,0,1
4,0,0.2,0.155871169682989,0.200583554996524,0.229908204677123,0.405333559235251,1,0.249963669391462,0,1
5,0,0.2,0.155871169682989,0.200583554996524,0.229908204677123,0.405333559235251,1,0.249963669391462,0,1
6,0,0.2,0.155871169682989,0.200583554996524,0.229908204677123,0.405333559235251,1,0.249963669391462,0,1
7,0,0.2,0.155871169682989,0.200583554996524,0.229908204677123,0.405333559235251,1,0.249963669391462,0,1
8,0,0.2,0.155871169682989,0.200583554996524,0.229908204677123,0.405333559235251,1,0.249963669391462,0,1
9,0,0.2,0.155871169682989,0.200583554996524,0.229908204677123,0.405333559235251,1,0.249963669391462,0,1
10,0,0.2,0.155871169682989,0.200583554996524,0.229908204677123,0.405333559235251,1,0.249963669391462,0,1
11,0,0.2,0.155871169682989,0.200583554996524,0.229908204677123,0.405333559235251,1,0.249963669391462,0,1
12,0,0.2,0.155871169682989,0.200583554996524,0.229908204677123,0.405333559235251,1,0.249963669391462,0,1
13,0,0.2,0.155871169682989,0.200583554996524,0.229908204677123,0.405333559235251,1,0.249963669391462,0,1
14,0,0.2,0.155871169682989,0.200583554996524,0.229908204677123,0.405333559235251,1,0.249963669391462,0,1
15,0,0.2,0.155871169682989,0.200583554996524,0.229908204677123,0.405333559235251,1,0.249963669391462,0,1
16,0,0.2,0.155871169682989,0.200583554996524,0.229908204677123,0.405333559235251,1,0.249963669391462,0,1
17,0,0.2,0.155871169682989,0.200583554996524,0.229908204677123,0.405333559235251,1,0.249963669391462,0,1
18,0,0.2,0.155871169682989,0.200583554996524,0.229908204677123,0.405333559235251,1,0.249963669391462,0,1
19,0,0.2,0.155871169682989,0.200583554996524,0.229908204677123,0.405333559235251,1,0.249963669391462,0,1
20,0,0.2,0.155871169682989,0.200583554996524,0.229908204677123,0.405333559235251,1,0.249963669391462,0,1
1,0.2,0.2,0.170720167796399,0.21702810643175,0.226674349484069,0.383158801259615,0.798611111111111,0.274592794429307,0,1
2,0.2,0.2,0.171425800732469,0.221368297193551,0.224285009633364,0.386130390584012,0.791944444444444,0.276212534059945,0,1
3,0.2,0.2,0.170444170301373,0.221366366492748,0.225122053938575,0.38413339960316,0.801666666666667,0.274623069936421,0,1
4,0.2,0.2,0.170761183029941,0.221190773480355,0.218042980504371,0.380515169631026,0.813888888888889,0.273601271571299,0,1
5,0.2,0.2,0.171284781021043,0.220244893467754,0.209644847014703,0.383073357848669,0.798611111111111,0.27445655464729,0,1
6,0.2,0.2,0.169768039902117,0.219759192710423,0.225023558508918,0.387865869328681,0.800833333333333,0.273714804722979,0,1
7,0.2,0.2,0.170296878338795,0.217869714965854,0.22593257983493,0.387402655368904,0.803611111111111,0.274464123524069,0,1
8,0.2,0.2,0.170410779229437,0.217312066290035,0.223272328230238,0.38622970541865,0.800277777777778,0.275304268846503,0,1
9,0.2,0.2,0.17081139528298,0.220565616899799,0.22072813781335,0.388046337739973,0.789722222222222,0.275478353012413,0,1
10,0.2,0.2,0.172027359843071,0.225864977748187,0.231108765845801,0.38543285411151,0.797222222222222,0.275334544353618,0,1
11,0.2,0.2,0.171252366482767,0.224421912378004,0.225872649569124,0.384556261324655,0.799166666666667,0.2741689373297,0,1
12,0.2,0.2,0.171143810169798,0.22001130384167,0.223836400876832,0.388795289130769,0.795833333333333,0.275084771419921,0,1
13,0.2,0.2,0.170931129706966,0.219975726422629,0.190855309222104,0.38517264186477,0.799166666666667,0.275183166818044,0,1
14,0.2,0.2,0.171237252568597,0.218038708130368,0.227945413937855,0.384246294613015,0.7975,0.275357250983954,0,1
15,0.2,0.2,0.169042273013931,0.221314118223406,0.223878714296787,0.387093551293579,0.809166666666667,0.271224644262791,0,1
16,0.2,0.2,0.172378998315103,0.223606518029135,0.23156487379311,0.377563923619128,0.793888888888889,0.27635634271874,0,1
17,0.2,0.2,0.170927240700536,0.226384981657521,0.228196574799939,0.389304373837439,0.810555555555556,0.274706327580987,0,1
18,0.2,0.2,0.171630802249093,0.222893384748556,0.230252731475784,0.386342282860146,0.799166666666667,0.276439600363306,0,1
19,0.2,0.2,0.170284132066904,0.220122459480548,0.230255233462541,0.389712568033232,0.803055555555556,0.274464123524069,0,1
20,0.2,0.2,0.170733508614033,0.223284498924311,0.224774719673779,0.381892770234289,0.803333333333333,0.274729034211323,0,1
1,0.4,0.2,0.19534473620156,0.253935284968769,0.224010304505187,0.363582509199318,0.618055555555556,0.315699364214351,0,1
2,0.4,0.2,0.194858816194187,0.260022382749965,0.217474279797182,0.359967720692909,0.603888888888889,0.314246139872843,0,1
3,0.4,0.2,0.19499238572646,0.253367904073128,0.206130454238422,0.352484428922802,0.599722222222222,0.317152588555858,0,1
4,0.4,0.2,0.195938611434006,0.259550458296335,0.218618103088451,0.34415005982319,0.599444444444444,0.315752346351802,0,1
5,0.4,0.2,0.196700651471178,0.260334522965527,0.209432674531141,0.34106227795437,0.588888888888889,0.318401453224342,0,1
6,0.4,0.2,0.196987897189028,0.262595165375106,0.209399939782142,0.357596295165917,0.603333333333333,0.319339993944898,0,1
7,0.4,0.2,0.196361625389833,0.270971355648915,0.213632529598091,0.354148209209686,0.603611111111111,0.317122313048744,0,1
8,0.4,0.2,0.193374910452175,0.249870194398523,0.211966347969024,0.355921624390741,0.606388888888889,0.31616106569785,0,1
9,0.4,0.2,0.202110442677389,0.266844972694288,0.2187302613849,0.350122188563804,0.582222222222222,0.323835906751438,0,1
10,0.4,0.2,0.194163753605247,0.254649773149624,0.198948870074921,0.367065069159431,0.613888888888889,0.313723887375113,0,1
11,0.4,0.2,0.1986183138943,0.262487338886802,0.227086313643017,0.358606422581505,0.591111111111111,0.320429912201029,0,1
12,0.4,0.2,0.196213218590876,0.255108365072209,0.201831308819994,0.352809324788394,0.592777777777778,0.319355131698456,0,1
13,0.4,0.2,0.19338636522792,0.256867140887641,0.224637163365132,0.356587767845997,0.620833333333333,0.310189221919467,0,1
14,0.4,0.2,0.193732838106059,0.260306381425285,0.221385845989032,0.356814563672091,0.617777777777778,0.312656675749319,0,1
15,0.4,0.2,0.194427936456478,0.259972696004969,0.187254563163741,0.358800405243067,0.603611111111111,0.314965183166818,0,1
16,0.4,0.2,0.192249036515051,0.249988396624245,0.201436055138255,0.362778186143042,0.612222222222222,0.311521344232516,0,1
17,0.4,0.2,0.197490013847194,0.270583790627559,0.214340371231754,0.337326052467838,0.595,0.315600968816228,0,1
18,0.4,0.2,0.196945784833087,0.281799409053847,0.224825585652973,0.33841353431441,0.601944444444444,0.317288828337875,0,1
19,0.4,0.2,0.200391245740263,0.262354982372291,0.224759900400666,0.350158512418152,0.592222222222222,0.323026036936119,0,1
20,0.4,0.2,0.196239351005233,0.255002571271589,0.226209635322901,0.355317868015303,0.600277777777778,0.316274598849531,0,1
1,0.6,0.2,0.240542421777694,0.323905439518259,0.197224062308613,0.289901362243138,0.401388888888889,0.394014532243415,0,1
2,0.6,0.2,0.240141095834436,0.326641011047328,0.209458801509649,0.27629627635912,0.401388888888889,0.395868907054193,0,1
3,0.6,0.2,0.238897210505067,0.348460761337643,0.201016400672482,0.325285686479511,0.413333333333333,0.380761429003936,0,1
4,0.6,0.2,0.243622927402453,0.34195096827932,0.214280819404028,0.300129432673488,0.398888888888889,0.399025128670905,0,1
5,0.6,0.2,0.250995686760692,0.357937976274264,0.201582731265181,0.26018661542192,0.3925,0.405549500454133,0,1
6,0.6,0.2,0.242955339465616,0.335166414391247,0.215562012218012,0.29506561388856,0.400833333333333,0.405935513169845,0,1
7,0.6,0.2,0.242701043457408,0.340006816234341,0.206020255019081,0.302219574081535,0.412222222222222,0.39738268240993,0,1
8,0.6,0.2,0.235340651105052,0.3125906987475,0.184790376068569,0.299868609311281,0.4075,0.380980926430518,0,1
9,0.6,0.2,0.246003650659344,0.334777979280604,0.190815368116732,0.268457566927266,0.409722222222222,0.403044202240388,0,1
10,0.6,0.2,0.235465899174706,0.310949746220771,0.224215431172644,0.311486927697041,0.421388888888889,0.382305479866788,0,1
11,0.6,0.2,0.240378640957987,0.335484906448142,0.208508593152069,0.313469547089043,0.400833333333333,0.394627611262489,0,1
12,0.6,0.2,0.24477683410089,0.33434633431077,0.221936374096985,0.29407112886225,0.400277777777778,0.403483197093551,0,1
13,0.6,0.2,0.243994363602214,0.353144983113455,0.215352448421295,0.271306539593097,0.406111111111111,0.402355434453527,0,1
14,0.6,0.2,0.246594598203643,0.331834606517545,0.216450317178513,0.280494451669978,0.405277777777778,0.398714804722979,0,1
15,0.6,0.2,0.243229526306917,0.322502555410165,0.194487988310745,0.27750370006355,0.405833333333333,0.394317287314562,0,1
16,0.6,0.2,0.243475280592643,0.334695485580974,0.196342704157676,0.267877413155225,0.403055555555556,0.398714804722979,0,1
17,0.6,0.2,0.241100200438427,0.337543160937371,0.189017585244718,0.323221327055607,0.409166666666667,0.392985165001514,0,1
18,0.6,0.2,0.235588858073468,0.309789486096379,0.183449789357466,0.296753386416334,0.413611111111111,0.381571298819255,0,1
19,0.6,0.2,0.244488946103664,0.340199865542943,0.220777306506851,0.300729623574997,0.400277777777778,0.399025128670905,0,1
20,0.6,0.2,0.248184918793662,0.368477227937531,0.220366700146618,0.256019713926903,0.402222222222222,0.3962927641538,0,1
1,0,0.3,0.2161957259928,0.27861716603079,0.203458376812979,0.330937041061076,1,0.349963669391462,0,1
2,0,0.3,0.2161957259928,0.27861716603079,0.203458376812979,0.330937041061076,1,0.349963669391462,0,1
3,0,0.3,0.2161957259928,0.27861716603079,0.203458376812979,0.330937041061076,1,0.349963669391462,0,1
4,0,0.3,0.2161957259928,0.27861716603079,0.203458376812979,0.330937041061076,1,0.349963669391462,0,1
5,0,0.3,0.2161957259928,0.27861716603079,0.203458376812979,0.330937041061076,1,0.349963669391462,0,1
6,0,0.3,0.2161957259928,0.27861716603079,0.203458376812979,0.330937041061076,1,0.349963669391462,0,1
7,0,0.3,0.2161957259928,0.27861716603079,0.203458376812979,0.330937041061076,1,0.349963669391462,0,1
8,0,0.3,0.2161957259928,0.27861716603079,0.203458376812979,0.330937041061076,1,0.349963669391462,0,1
9,0,0.3,0.2161957259928,0.27861716603079,0.203458376812979,0.330937041061076,1,0.349963669391462,0,1
10,0,0.3,0.2161957259928,0.27861716603079,0.203458376812979,0.330937041061076,1,0.349963669391462,0,1
11,0,0.3,0.2161957259928,0.27861716603079,0.203458376812979,0.330937041061076,1,0.349963669391462,0,1
12,0,0.3,0.2161957259928,0.27861716603079,0.203458376812979,0.330937041061076,1,0.349963669391462,0,1
13,0,0.3,0.2161957259928,0.27861716603079,0.203458376812979,0.330937041061076,1,0.349963669391462,0,1
14,0,0.3,0.2161957259928,0.27861716603079,0.203458376812979,0.330937041061076,1,0.349963669391462,0,1
15,0,0.3,0.2161957259928,0.27861716603079,0.203458376812979,0.330937041061076,1,0.349963669391462,0,1
16,0,0.3,0.2161957259928,0.27861716603079,0.203458376812979,0.330937041061076,1,0.349963669391462,0,1
17,0,0.3,0.2161957259928,0.27861716603079,0.203458376812979,0.330937041061076,1,0.349963669391462,0,1
18,0,0.3,0.2161957259928,0.27861716603079,0.203458376812979,0.330937041061076,1,0.349963669391462,0,1
19,0,0.3,0.2161957259928,0.27861716603079,0.203458376812979,0.330937041061076,1,0.349963669391462,0,1
20,0,0.3,0.2161957259928,0.27861716603079,0.203458376812979,0.330937041061076,1,0.349963669391462,0,1
1,0.2,0.3,0.230999868173813,0.303143123786517,0.197032364788888,0.31049822626044,0.800833333333333,0.375304268846503,0,1
2,0.2,0.3,0.229930728975031,0.293422715766128,0.195770377512167,0.315500960645769,0.802777777777778,0.374320314865274,0,1
3,0.2,0.3,0.231514742413365,0.295899959794168,0.177285959774044,0.311462698545496,0.793333333333333,0.376727217680896,0,1
4,0.2,0.3,0.230536294245878,0.298457602952316,0.192518143522414,0.311261663268156,0.803888888888889,0.373858613381774,0,1
5,0.2,0.3,0.231569468626702,0.294477963166522,0.199297633098762,0.314807292545713,0.797777777777778,0.375720557069331,0,1
6,0.2,0.3,0.231053345571545,0.297259049539152,0.203826278770418,0.313300680963527,0.799444444444444,0.375077202543142,0,1
7,0.2,0.3,0.231175272214393,0.296455978066265,0.198318899436686,0.308631468057058,0.798055555555556,0.374327883742053,0,1
8,0.2,0.3,0.23111350493305,0.300104716181066,0.199673201458765,0.317412522292646,0.799444444444444,0.375342113230397,0,1
9,0.2,0.3,0.231141646681833,0.29735686355017,0.19579814300917,0.308866394572253,0.796944444444444,0.375213442325159,0,1
10,0.2,0.3,0.231109420070783,0.296410194152163,0.202115714753371,0.310064232181882,0.8,0.374850136239782,0,1
11,0.2,0.3,0.231255641360814,0.296100842677553,0.200610187964194,0.314312468667954,0.809722222222222,0.374759309718438,0,1
12,0.2,0.3,0.231555450854826,0.298887229813371,0.203190549059474,0.312675151457885,0.786666666666667,0.376182258552831,0,1
13,0.2,0.3,0.230681201245248,0.301446960374722,0.198023807422199,0.313749259038656,0.805,0.373866182258553,0,1
14,0.2,0.3,0.231346344603657,0.298321438953447,0.19483934609314,0.310185198929457,0.795,0.374532243415077,0,1
15,0.2,0.3,0.231113134982428,0.296581859564668,0.200236549104446,0.309039390023407,0.800555555555556,0.374554950045413,0,1
16,0.2,0.3,0.232519948732936,0.299576561093151,0.199297633098762,0.303606134694509,0.791944444444444,0.377552225249773,0,1
17,0.2,0.3,0.232124842842618,0.296626030051877,0.196242723536736,0.315329717410372,0.790555555555556,0.376356342718741,0,1
18,0.2,0.3,0.231233947530638,0.291482656207754,0.202758489588582,0.312303458615577,0.798333333333333,0.375334544353618,0,1
19,0.2,0.3,0.229930820618583,0.293317562781693,0.20181011197158,0.316299653118415,0.804722222222222,0.373268240993036,0,1
20,0.2,0.3,0.231142731465161,0.295613674711721,0.194667419726656,0.312811222342855,0.799444444444444,0.374774447471995,0,1
1,0.4,0.3,0.250125101097558,0.328232392313739,0.195051397421598,0.282281656907885,0.613333333333333,0.411907356948229,0,1
2,0.4,0.3,0.256162445348303,0.334794816664957,0.190779447835411,0.288946857026837,0.595555555555556,0.419597335755374,0,1
3,0.4,0.3,0.258943530251884,0.344840930612928,0.177578621529644,0.264333341631162,0.584722222222222,0.420868907054193,0,1
4,0.4,0.3,0.255905183755863,0.326284295541254,0.181035490925965,0.284146679398554,0.5975,0.41915834090221,0,1
5,0.4,0.3,0.254809483220236,0.335834981709405,0.184984724252042,0.28635025320689,0.602777777777778,0.414541326067212,0,1
6,0.4,0.3,0.252685379589781,0.334498717834955,0.202204861857055,0.286612215009248,0.606111111111111,0.413625491976991,0,1
7,0.4,0.3,0.257116930341249,0.339449403818379,0.201666029683553,0.282755709615597,0.589444444444444,0.417962458371178,0,1
8,0.4,0.3,0.257129072290881,0.343282717328839,0.191510947423855,0.269961001660081,0.593611111111111,0.419930366333636,0,1
9,0.4,0.3,0.254220921323648,0.329430506205883,0.202154413764756,0.289534874520453,0.603611111111111,0.416153496821072,0,1
10,0.4,0.3,0.260319331552704,0.345365669526827,0.186749731200389,0.268758210797846,0.585,0.422254011504693,0,1
11,0.4,0.3,0.25702009892863,0.337320422864648,0.199080951735317,0.279304314840249,0.586666666666667,0.419869815319407,0,1
12,0.4,0.3,0.257198497455122,0.335300445537357,0.197945359439024,0.281720712873073,0.593055555555556,0.416902815622162,0,1
13,0.4,0.3,0.253111066497327,0.329970916327463,0.190979437272893,0.281983522560631,0.598055555555556,0.416668180442022,0,1
14,0.4,0.3,0.255645195098327,0.331839704899448,0.192115818148824,0.290698209228034,0.602777777777778,0.415676657584015,0,1
15,0.4,0.3,0.254513088224327,0.331788803536606,0.197928067817463,0.289464961648649,0.603888888888889,0.414299122010294,0,1
16,0.4,0.3,0.25409105263813,0.331457675983572,0.203661718551761,0.2848931232521,0.605555555555556,0.416032394792613,0,1
17,0.4,0.3,0.254182825985348,0.328556549870303,0.199592782219607,0.277727571767072,0.615,0.413443838934302,0,1
18,0.4,0.3,0.255719754218853,0.331688301025451,0.184808376414814,0.271598665187244,0.593333333333333,0.415457160157433,0,1
19,0.4,0.3,0.255306822752498,0.329257741499839,0.190752610771216,0.282488607468672,0.584166666666667,0.419673024523161,0,1
20,0.4,0.3,0.257673627789141,0.333690613812078,0.192792400850952,0.284793700683431,0.597777777777778,0.419309718437784,0,1
1,0.6,0.3,0.304881421892411,0.409861837155832,0.189953972817641,0.240713683759031,0.395833333333333,0.509190130184681,1,1
2,0.6,0.3,0.296158010260134,0.381911042057766,0.18191606708877,0.236323839795477,0.411111111111111,0.490343627005752,1,1
3,0.6,0.3,0.300948888454474,0.413843611465646,0.178920833884325,0.251354736922409,0.401944444444444,0.490911292764154,0,1
4,0.6,0.3,0.297100755048792,0.403214979263258,0.190121350654234,0.237573296336068,0.392777777777778,0.497579473206176,1,1
5,0.6,0.3,0.314021502692204,0.421875411265306,0.197645094985766,0.225632475721239,0.383055555555556,0.515419315773539,1,1
6,0.6,0.3,0.298949217150773,0.415366293386241,0.190081035567445,0.205820819560998,0.400833333333333,0.492023917650621,1,1
7,0.6,0.3,0.308453962182976,0.414938381715223,0.175971403989189,0.228305284182497,0.400555555555556,0.507010293672419,1,1
8,0.6,0.3,0.313074687481528,0.488449592837955,0.128457842914041,0.128457842914041,0.407777777777778,0.506699969724493,1,1
9,0.6,0.3,0.298598104894094,0.396216128188734,0.195808747077345,0.241393819826926,0.410833333333333,0.490744777475023,1,1
10,0.6,0.3,0.30320545324163,0.418240496597724,0.188210958069917,0.191782792963956,0.399722222222222,0.501008174386921,1,1
11,0.6,0.3,0.301917715108464,0.394369526525543,0.192250773400402,0.217397547435371,0.4025,0.499676052073872,1,1
12,0.6,0.3,0.295043835392604,0.380104360504552,0.167244105650427,0.220459209460155,0.405555555555556,0.497072358462004,1,1
13,0.6,0.3,0.302356236925449,0.421520736013462,0.192108019948665,0.223259202991617,0.416944444444444,0.496398728428701,1,1
14,0.6,0.3,0.305272260209491,0.419637484781121,0.182762706976505,0.225829008496673,0.400555555555556,0.498124432334241,1,1
15,0.6,0.3,0.301618891629617,0.393506122637111,0.185249358512335,0.245539878123513,0.383611111111111,0.506578867696034,1,1
16,0.6,0.3,0.302523305722234,0.395494686062842,0.183801720939822,0.241815820805601,0.403888888888889,0.499274901604602,1,1
17,0.6,0.3,0.308646893222749,0.427756000607071,0.20099661887121,0.238967076468868,0.396666666666667,0.507055706933091,1,1
18,0.6,0.3,0.298708979771842,0.389972754129555,0.180290441708598,0.222658162580885,0.405,0.499638207689979,1,1
19,0.6,0.3,0.293692129345043,0.38706443003017,0.169760336802532,0.234065386106923,0.411388888888889,0.489692703602785,1,1
20,0.6,0.3,0.302608328495332,0.420399726256823,0.199395162687008,0.23458266261839,0.391388888888889,0.507441719648804,1,1
